Configuration loaded successfully.
Started file observers (response, archive_trigger, notifications).
Bot is running...
Received from 7509482443: Telegram 測試連線
Received from 7509482443: test
Received from 7509482443: test
Response file modified. Reading content...
2026-04-22 21:55:05,462 (__init__.py:962 MainThread) ERROR - TeleBot: "Infinity polling exception: HTTPSConnectionPool(host='api.telegram.org', port=443): Read timed out. (read timeout=30)"
2026-04-22 21:55:05,468 (__init__.py:964 MainThread) ERROR - TeleBot: "Exception traceback:
Traceback (most recent call last):
  File "/Users/cyrus/Workspace/telegram-bot-bridge/venv/lib/python3.14/site-packages/urllib3/connectionpool.py", line 534, in _make_request
    response = conn.getresponse()
  File "/Users/cyrus/Workspace/telegram-bot-bridge/venv/lib/python3.14/site-packages/urllib3/connection.py", line 571, in getresponse
    httplib_response = super().getresponse()
  File "/opt/homebrew/Cellar/python@3.14/3.14.2_1/Frameworks/Python.framework/Versions/3.14/lib/python3.14/http/client.py", line 1450, in getresponse
    response.begin()
    ~~~~~~~~~~~~~~^^
  File "/opt/homebrew/Cellar/python@3.14/3.14.2_1/Frameworks/Python.framework/Versions/3.14/lib/python3.14/http/client.py", line 336, in begin
    version, status, reason = self._read_status()
                              ~~~~~~~~~~~~~~~~~^^
  File "/opt/homebrew/Cellar/python@3.14/3.14.2_1/Frameworks/Python.framework/Versions/3.14/lib/python3.14/http/client.py", line 297, in _read_status
    line = str(self.fp.readline(_MAXLINE + 1), "iso-8859-1")
               ~~~~~~~~~~~~~~~~^^^^^^^^^^^^^^
  File "/opt/homebrew/Cellar/python@3.14/3.14.2_1/Frameworks/Python.framework/Versions/3.14/lib/python3.14/socket.py", line 725, in readinto
    return self._sock.recv_into(b)
           ~~~~~~~~~~~~~~~~~~~~^^^
  File "/opt/homebrew/Cellar/python@3.14/3.14.2_1/Frameworks/Python.framework/Versions/3.14/lib/python3.14/ssl.py", line 1304, in recv_into
    return self.read(nbytes, buffer)
           ~~~~~~~~~^^^^^^^^^^^^^^^^
  File "/opt/homebrew/Cellar/python@3.14/3.14.2_1/Frameworks/Python.framework/Versions/3.14/lib/python3.14/ssl.py", line 1138, in read
    return self._sslobj.read(len, buffer)
           ~~~~~~~~~~~~~~~~~^^^^^^^^^^^^^
TimeoutError: The read operation timed out

The above exception was the direct cause of the following exception:

Traceback (most recent call last):
  File "/Users/cyrus/Workspace/telegram-bot-bridge/venv/lib/python3.14/site-packages/requests/adapters.py", line 644, in send
    resp = conn.urlopen(
        method=request.method,
    ...<9 lines>...
        chunked=chunked,
    )
  File "/Users/cyrus/Workspace/telegram-bot-bridge/venv/lib/python3.14/site-packages/urllib3/connectionpool.py", line 841, in urlopen
    retries = retries.increment(
        method, url, error=new_e, _pool=self, _stacktrace=sys.exc_info()[2]
    )
  File "/Users/cyrus/Workspace/telegram-bot-bridge/venv/lib/python3.14/site-packages/urllib3/util/retry.py", line 490, in increment
    raise reraise(type(error), error, _stacktrace)
          ~~~~~~~^^^^^^^^^^^^^^^^^^^^^^^^^^^^^^^^^
  File "/Users/cyrus/Workspace/telegram-bot-bridge/venv/lib/python3.14/site-packages/urllib3/util/util.py", line 39, in reraise
    raise value
  File "/Users/cyrus/Workspace/telegram-bot-bridge/venv/lib/python3.14/site-packages/urllib3/connectionpool.py", line 787, in urlopen
    response = self._make_request(
        conn,
    ...<10 lines>...
        **response_kw,
    )
  File "/Users/cyrus/Workspace/telegram-bot-bridge/venv/lib/python3.14/site-packages/urllib3/connectionpool.py", line 536, in _make_request
    self._raise_timeout(err=e, url=url, timeout_value=read_timeout)
    ~~~~~~~~~~~~~~~~~~~^^^^^^^^^^^^^^^^^^^^^^^^^^^^^^^^^^^^^^^^^^^^
  File "/Users/cyrus/Workspace/telegram-bot-bridge/venv/lib/python3.14/site-packages/urllib3/connectionpool.py", line 367, in _raise_timeout
    raise ReadTimeoutError(
        self, url, f"Read timed out. (read timeout={timeout_value})"
    ) from err
urllib3.exceptions.ReadTimeoutError: HTTPSConnectionPool(host='api.telegram.org', port=443): Read timed out. (read timeout=30)

During handling of the above exception, another exception occurred:

Traceback (most recent call last):
  File "/Users/cyrus/Workspace/telegram-bot-bridge/venv/lib/python3.14/site-packages/telebot/__init__.py", line 957, in infinity_polling
    self.polling(non_stop=True, timeout=timeout, long_polling_timeout=long_polling_timeout,
    ~~~~~~~~~~~~^^^^^^^^^^^^^^^^^^^^^^^^^^^^^^^^^^^^^^^^^^^^^^^^^^^^^^^^^^^^^^^^^^^^^^^^^^^
                 logger_level=logger_level, allowed_updates=allowed_updates, restart_on_change=False,
                 ^^^^^^^^^^^^^^^^^^^^^^^^^^^^^^^^^^^^^^^^^^^^^^^^^^^^^^^^^^^^^^^^^^^^^^^^^^^^^^^^^^^^
                 *args, **kwargs)
                 ^^^^^^^^^^^^^^^^
  File "/Users/cyrus/Workspace/telegram-bot-bridge/venv/lib/python3.14/site-packages/telebot/__init__.py", line 1045, in polling
    self.__threaded_polling(non_stop=non_stop, interval=interval, timeout=timeout, long_polling_timeout=long_polling_timeout,
    ~~~~~~~~~~~~~~~~~~~~~~~^^^^^^^^^^^^^^^^^^^^^^^^^^^^^^^^^^^^^^^^^^^^^^^^^^^^^^^^^^^^^^^^^^^^^^^^^^^^^^^^^^^^^^^^^^^^^^^^^^
                            logger_level=logger_level, allowed_updates=allowed_updates)
                            ^^^^^^^^^^^^^^^^^^^^^^^^^^^^^^^^^^^^^^^^^^^^^^^^^^^^^^^^^^^
  File "/Users/cyrus/Workspace/telegram-bot-bridge/venv/lib/python3.14/site-packages/telebot/__init__.py", line 1120, in __threaded_polling
    raise e
  File "/Users/cyrus/Workspace/telegram-bot-bridge/venv/lib/python3.14/site-packages/telebot/__init__.py", line 1081, in __threaded_polling
    polling_thread.raise_exceptions()
    ~~~~~~~~~~~~~~~~~~~~~~~~~~~~~~~^^
  File "/Users/cyrus/Workspace/telegram-bot-bridge/venv/lib/python3.14/site-packages/telebot/util.py", line 108, in raise_exceptions
    raise self.exception_info
  File "/Users/cyrus/Workspace/telegram-bot-bridge/venv/lib/python3.14/site-packages/telebot/util.py", line 90, in run
    task(*args, **kwargs)
    ~~~~^^^^^^^^^^^^^^^^^
  File "/Users/cyrus/Workspace/telegram-bot-bridge/venv/lib/python3.14/site-packages/telebot/__init__.py", line 651, in __retrieve_updates
    updates = self.get_updates(offset=(self.last_update_id + 1),
                               allowed_updates=allowed_updates,
                               timeout=timeout, long_polling_timeout=long_polling_timeout)
  File "/Users/cyrus/Workspace/telegram-bot-bridge/venv/lib/python3.14/site-packages/telebot/__init__.py", line 625, in get_updates
    json_updates = apihelper.get_updates(self.token, offset, limit, timeout, allowed_updates, long_polling_timeout)
  File "/Users/cyrus/Workspace/telegram-bot-bridge/venv/lib/python3.14/site-packages/telebot/apihelper.py", line 323, in get_updates
    return _make_request(token, method_url, params=payload)
  File "/Users/cyrus/Workspace/telegram-bot-bridge/venv/lib/python3.14/site-packages/telebot/apihelper.py", line 158, in _make_request
    result = _get_req_session().request(
        method, request_url, params=params, files=files,
        timeout=(connect_timeout, read_timeout), proxies=proxy)
  File "/Users/cyrus/Workspace/telegram-bot-bridge/venv/lib/python3.14/site-packages/requests/sessions.py", line 589, in request
    resp = self.send(prep, **send_kwargs)
  File "/Users/cyrus/Workspace/telegram-bot-bridge/venv/lib/python3.14/site-packages/requests/sessions.py", line 703, in send
    r = adapter.send(request, **kwargs)
  File "/Users/cyrus/Workspace/telegram-bot-bridge/venv/lib/python3.14/site-packages/requests/adapters.py", line 690, in send
    raise ReadTimeout(e, request=request)
requests.exceptions.ReadTimeout: HTTPSConnectionPool(host='api.telegram.org', port=443): Read timed out. (read timeout=30)
"
2026-04-23 16:04:44,444 (__init__.py:962 MainThread) ERROR - TeleBot: "Infinity polling exception: ('Connection aborted.', ConnectionResetError(54, 'Connection reset by peer'))"
2026-04-23 16:04:44,450 (__init__.py:964 MainThread) ERROR - TeleBot: "Exception traceback:
Traceback (most recent call last):
  File "/Users/cyrus/Workspace/telegram-bot-bridge/venv/lib/python3.14/site-packages/urllib3/connectionpool.py", line 787, in urlopen
    response = self._make_request(
        conn,
    ...<10 lines>...
        **response_kw,
    )
  File "/Users/cyrus/Workspace/telegram-bot-bridge/venv/lib/python3.14/site-packages/urllib3/connectionpool.py", line 534, in _make_request
    response = conn.getresponse()
  File "/Users/cyrus/Workspace/telegram-bot-bridge/venv/lib/python3.14/site-packages/urllib3/connection.py", line 571, in getresponse
    httplib_response = super().getresponse()
  File "/opt/homebrew/Cellar/python@3.14/3.14.2_1/Frameworks/Python.framework/Versions/3.14/lib/python3.14/http/client.py", line 1450, in getresponse
    response.begin()
    ~~~~~~~~~~~~~~^^
  File "/opt/homebrew/Cellar/python@3.14/3.14.2_1/Frameworks/Python.framework/Versions/3.14/lib/python3.14/http/client.py", line 336, in begin
    version, status, reason = self._read_status()
                              ~~~~~~~~~~~~~~~~~^^
  File "/opt/homebrew/Cellar/python@3.14/3.14.2_1/Frameworks/Python.framework/Versions/3.14/lib/python3.14/http/client.py", line 297, in _read_status
    line = str(self.fp.readline(_MAXLINE + 1), "iso-8859-1")
               ~~~~~~~~~~~~~~~~^^^^^^^^^^^^^^
  File "/opt/homebrew/Cellar/python@3.14/3.14.2_1/Frameworks/Python.framework/Versions/3.14/lib/python3.14/socket.py", line 725, in readinto
    return self._sock.recv_into(b)
           ~~~~~~~~~~~~~~~~~~~~^^^
  File "/opt/homebrew/Cellar/python@3.14/3.14.2_1/Frameworks/Python.framework/Versions/3.14/lib/python3.14/ssl.py", line 1304, in recv_into
    return self.read(nbytes, buffer)
           ~~~~~~~~~^^^^^^^^^^^^^^^^
  File "/opt/homebrew/Cellar/python@3.14/3.14.2_1/Frameworks/Python.framework/Versions/3.14/lib/python3.14/ssl.py", line 1138, in read
    return self._sslobj.read(len, buffer)
           ~~~~~~~~~~~~~~~~~^^^^^^^^^^^^^
ConnectionResetError: [Errno 54] Connection reset by peer

During handling of the above exception, another exception occurred:

Traceback (most recent call last):
  File "/Users/cyrus/Workspace/telegram-bot-bridge/venv/lib/python3.14/site-packages/requests/adapters.py", line 644, in send
    resp = conn.urlopen(
        method=request.method,
    ...<9 lines>...
        chunked=chunked,
    )
  File "/Users/cyrus/Workspace/telegram-bot-bridge/venv/lib/python3.14/site-packages/urllib3/connectionpool.py", line 841, in urlopen
    retries = retries.increment(
        method, url, error=new_e, _pool=self, _stacktrace=sys.exc_info()[2]
    )
  File "/Users/cyrus/Workspace/telegram-bot-bridge/venv/lib/python3.14/site-packages/urllib3/util/retry.py", line 490, in increment
    raise reraise(type(error), error, _stacktrace)
          ~~~~~~~^^^^^^^^^^^^^^^^^^^^^^^^^^^^^^^^^
  File "/Users/cyrus/Workspace/telegram-bot-bridge/venv/lib/python3.14/site-packages/urllib3/util/util.py", line 38, in reraise
    raise value.with_traceback(tb)
  File "/Users/cyrus/Workspace/telegram-bot-bridge/venv/lib/python3.14/site-packages/urllib3/connectionpool.py", line 787, in urlopen
    response = self._make_request(
        conn,
    ...<10 lines>...
        **response_kw,
    )
  File "/Users/cyrus/Workspace/telegram-bot-bridge/venv/lib/python3.14/site-packages/urllib3/connectionpool.py", line 534, in _make_request
    response = conn.getresponse()
  File "/Users/cyrus/Workspace/telegram-bot-bridge/venv/lib/python3.14/site-packages/urllib3/connection.py", line 571, in getresponse
    httplib_response = super().getresponse()
  File "/opt/homebrew/Cellar/python@3.14/3.14.2_1/Frameworks/Python.framework/Versions/3.14/lib/python3.14/http/client.py", line 1450, in getresponse
    response.begin()
    ~~~~~~~~~~~~~~^^
  File "/opt/homebrew/Cellar/python@3.14/3.14.2_1/Frameworks/Python.framework/Versions/3.14/lib/python3.14/http/client.py", line 336, in begin
    version, status, reason = self._read_status()
                              ~~~~~~~~~~~~~~~~~^^
  File "/opt/homebrew/Cellar/python@3.14/3.14.2_1/Frameworks/Python.framework/Versions/3.14/lib/python3.14/http/client.py", line 297, in _read_status
    line = str(self.fp.readline(_MAXLINE + 1), "iso-8859-1")
               ~~~~~~~~~~~~~~~~^^^^^^^^^^^^^^
  File "/opt/homebrew/Cellar/python@3.14/3.14.2_1/Frameworks/Python.framework/Versions/3.14/lib/python3.14/socket.py", line 725, in readinto
    return self._sock.recv_into(b)
           ~~~~~~~~~~~~~~~~~~~~^^^
  File "/opt/homebrew/Cellar/python@3.14/3.14.2_1/Frameworks/Python.framework/Versions/3.14/lib/python3.14/ssl.py", line 1304, in recv_into
    return self.read(nbytes, buffer)
           ~~~~~~~~~^^^^^^^^^^^^^^^^
  File "/opt/homebrew/Cellar/python@3.14/3.14.2_1/Frameworks/Python.framework/Versions/3.14/lib/python3.14/ssl.py", line 1138, in read
    return self._sslobj.read(len, buffer)
           ~~~~~~~~~~~~~~~~~^^^^^^^^^^^^^
urllib3.exceptions.ProtocolError: ('Connection aborted.', ConnectionResetError(54, 'Connection reset by peer'))

During handling of the above exception, another exception occurred:

Traceback (most recent call last):
  File "/Users/cyrus/Workspace/telegram-bot-bridge/venv/lib/python3.14/site-packages/telebot/__init__.py", line 957, in infinity_polling
    self.polling(non_stop=True, timeout=timeout, long_polling_timeout=long_polling_timeout,
    ~~~~~~~~~~~~^^^^^^^^^^^^^^^^^^^^^^^^^^^^^^^^^^^^^^^^^^^^^^^^^^^^^^^^^^^^^^^^^^^^^^^^^^^
                 logger_level=logger_level, allowed_updates=allowed_updates, restart_on_change=False,
                 ^^^^^^^^^^^^^^^^^^^^^^^^^^^^^^^^^^^^^^^^^^^^^^^^^^^^^^^^^^^^^^^^^^^^^^^^^^^^^^^^^^^^
                 *args, **kwargs)
                 ^^^^^^^^^^^^^^^^
  File "/Users/cyrus/Workspace/telegram-bot-bridge/venv/lib/python3.14/site-packages/telebot/__init__.py", line 1045, in polling
    self.__threaded_polling(non_stop=non_stop, interval=interval, timeout=timeout, long_polling_timeout=long_polling_timeout,
    ~~~~~~~~~~~~~~~~~~~~~~~^^^^^^^^^^^^^^^^^^^^^^^^^^^^^^^^^^^^^^^^^^^^^^^^^^^^^^^^^^^^^^^^^^^^^^^^^^^^^^^^^^^^^^^^^^^^^^^^^^
                            logger_level=logger_level, allowed_updates=allowed_updates)
                            ^^^^^^^^^^^^^^^^^^^^^^^^^^^^^^^^^^^^^^^^^^^^^^^^^^^^^^^^^^^
  File "/Users/cyrus/Workspace/telegram-bot-bridge/venv/lib/python3.14/site-packages/telebot/__init__.py", line 1120, in __threaded_polling
    raise e
  File "/Users/cyrus/Workspace/telegram-bot-bridge/venv/lib/python3.14/site-packages/telebot/__init__.py", line 1081, in __threaded_polling
    polling_thread.raise_exceptions()
    ~~~~~~~~~~~~~~~~~~~~~~~~~~~~~~~^^
  File "/Users/cyrus/Workspace/telegram-bot-bridge/venv/lib/python3.14/site-packages/telebot/util.py", line 108, in raise_exceptions
    raise self.exception_info
  File "/Users/cyrus/Workspace/telegram-bot-bridge/venv/lib/python3.14/site-packages/telebot/util.py", line 90, in run
    task(*args, **kwargs)
    ~~~~^^^^^^^^^^^^^^^^^
  File "/Users/cyrus/Workspace/telegram-bot-bridge/venv/lib/python3.14/site-packages/telebot/__init__.py", line 651, in __retrieve_updates
    updates = self.get_updates(offset=(self.last_update_id + 1),
                               allowed_updates=allowed_updates,
                               timeout=timeout, long_polling_timeout=long_polling_timeout)
  File "/Users/cyrus/Workspace/telegram-bot-bridge/venv/lib/python3.14/site-packages/telebot/__init__.py", line 625, in get_updates
    json_updates = apihelper.get_updates(self.token, offset, limit, timeout, allowed_updates, long_polling_timeout)
  File "/Users/cyrus/Workspace/telegram-bot-bridge/venv/lib/python3.14/site-packages/telebot/apihelper.py", line 323, in get_updates
    return _make_request(token, method_url, params=payload)
  File "/Users/cyrus/Workspace/telegram-bot-bridge/venv/lib/python3.14/site-packages/telebot/apihelper.py", line 158, in _make_request
    result = _get_req_session().request(
        method, request_url, params=params, files=files,
        timeout=(connect_timeout, read_timeout), proxies=proxy)
  File "/Users/cyrus/Workspace/telegram-bot-bridge/venv/lib/python3.14/site-packages/requests/sessions.py", line 589, in request
    resp = self.send(prep, **send_kwargs)
  File "/Users/cyrus/Workspace/telegram-bot-bridge/venv/lib/python3.14/site-packages/requests/sessions.py", line 703, in send
    r = adapter.send(request, **kwargs)
  File "/Users/cyrus/Workspace/telegram-bot-bridge/venv/lib/python3.14/site-packages/requests/adapters.py", line 659, in send
    raise ConnectionError(err, request=request)
requests.exceptions.ConnectionError: ('Connection aborted.', ConnectionResetError(54, 'Connection reset by peer'))
"
2026-04-23 23:12:49,108 (__init__.py:962 MainThread) ERROR - TeleBot: "Infinity polling exception: ('Connection aborted.', ConnectionResetError(54, 'Connection reset by peer'))"
2026-04-23 23:12:49,113 (__init__.py:964 MainThread) ERROR - TeleBot: "Exception traceback:
Traceback (most recent call last):
  File "/Users/cyrus/Workspace/telegram-bot-bridge/venv/lib/python3.14/site-packages/urllib3/connectionpool.py", line 787, in urlopen
    response = self._make_request(
        conn,
    ...<10 lines>...
        **response_kw,
    )
  File "/Users/cyrus/Workspace/telegram-bot-bridge/venv/lib/python3.14/site-packages/urllib3/connectionpool.py", line 534, in _make_request
    response = conn.getresponse()
  File "/Users/cyrus/Workspace/telegram-bot-bridge/venv/lib/python3.14/site-packages/urllib3/connection.py", line 571, in getresponse
    httplib_response = super().getresponse()
  File "/opt/homebrew/Cellar/python@3.14/3.14.2_1/Frameworks/Python.framework/Versions/3.14/lib/python3.14/http/client.py", line 1450, in getresponse
    response.begin()
    ~~~~~~~~~~~~~~^^
  File "/opt/homebrew/Cellar/python@3.14/3.14.2_1/Frameworks/Python.framework/Versions/3.14/lib/python3.14/http/client.py", line 336, in begin
    version, status, reason = self._read_status()
                              ~~~~~~~~~~~~~~~~~^^
  File "/opt/homebrew/Cellar/python@3.14/3.14.2_1/Frameworks/Python.framework/Versions/3.14/lib/python3.14/http/client.py", line 297, in _read_status
    line = str(self.fp.readline(_MAXLINE + 1), "iso-8859-1")
               ~~~~~~~~~~~~~~~~^^^^^^^^^^^^^^
  File "/opt/homebrew/Cellar/python@3.14/3.14.2_1/Frameworks/Python.framework/Versions/3.14/lib/python3.14/socket.py", line 725, in readinto
    return self._sock.recv_into(b)
           ~~~~~~~~~~~~~~~~~~~~^^^
  File "/opt/homebrew/Cellar/python@3.14/3.14.2_1/Frameworks/Python.framework/Versions/3.14/lib/python3.14/ssl.py", line 1304, in recv_into
    return self.read(nbytes, buffer)
           ~~~~~~~~~^^^^^^^^^^^^^^^^
  File "/opt/homebrew/Cellar/python@3.14/3.14.2_1/Frameworks/Python.framework/Versions/3.14/lib/python3.14/ssl.py", line 1138, in read
    return self._sslobj.read(len, buffer)
           ~~~~~~~~~~~~~~~~~^^^^^^^^^^^^^
ConnectionResetError: [Errno 54] Connection reset by peer

During handling of the above exception, another exception occurred:

Traceback (most recent call last):
  File "/Users/cyrus/Workspace/telegram-bot-bridge/venv/lib/python3.14/site-packages/requests/adapters.py", line 644, in send
    resp = conn.urlopen(
        method=request.method,
    ...<9 lines>...
        chunked=chunked,
    )
  File "/Users/cyrus/Workspace/telegram-bot-bridge/venv/lib/python3.14/site-packages/urllib3/connectionpool.py", line 841, in urlopen
    retries = retries.increment(
        method, url, error=new_e, _pool=self, _stacktrace=sys.exc_info()[2]
    )
  File "/Users/cyrus/Workspace/telegram-bot-bridge/venv/lib/python3.14/site-packages/urllib3/util/retry.py", line 490, in increment
    raise reraise(type(error), error, _stacktrace)
          ~~~~~~~^^^^^^^^^^^^^^^^^^^^^^^^^^^^^^^^^
  File "/Users/cyrus/Workspace/telegram-bot-bridge/venv/lib/python3.14/site-packages/urllib3/util/util.py", line 38, in reraise
    raise value.with_traceback(tb)
  File "/Users/cyrus/Workspace/telegram-bot-bridge/venv/lib/python3.14/site-packages/urllib3/connectionpool.py", line 787, in urlopen
    response = self._make_request(
        conn,
    ...<10 lines>...
        **response_kw,
    )
  File "/Users/cyrus/Workspace/telegram-bot-bridge/venv/lib/python3.14/site-packages/urllib3/connectionpool.py", line 534, in _make_request
    response = conn.getresponse()
  File "/Users/cyrus/Workspace/telegram-bot-bridge/venv/lib/python3.14/site-packages/urllib3/connection.py", line 571, in getresponse
    httplib_response = super().getresponse()
  File "/opt/homebrew/Cellar/python@3.14/3.14.2_1/Frameworks/Python.framework/Versions/3.14/lib/python3.14/http/client.py", line 1450, in getresponse
    response.begin()
    ~~~~~~~~~~~~~~^^
  File "/opt/homebrew/Cellar/python@3.14/3.14.2_1/Frameworks/Python.framework/Versions/3.14/lib/python3.14/http/client.py", line 336, in begin
    version, status, reason = self._read_status()
                              ~~~~~~~~~~~~~~~~~^^
  File "/opt/homebrew/Cellar/python@3.14/3.14.2_1/Frameworks/Python.framework/Versions/3.14/lib/python3.14/http/client.py", line 297, in _read_status
    line = str(self.fp.readline(_MAXLINE + 1), "iso-8859-1")
               ~~~~~~~~~~~~~~~~^^^^^^^^^^^^^^
  File "/opt/homebrew/Cellar/python@3.14/3.14.2_1/Frameworks/Python.framework/Versions/3.14/lib/python3.14/socket.py", line 725, in readinto
    return self._sock.recv_into(b)
           ~~~~~~~~~~~~~~~~~~~~^^^
  File "/opt/homebrew/Cellar/python@3.14/3.14.2_1/Frameworks/Python.framework/Versions/3.14/lib/python3.14/ssl.py", line 1304, in recv_into
    return self.read(nbytes, buffer)
           ~~~~~~~~~^^^^^^^^^^^^^^^^
  File "/opt/homebrew/Cellar/python@3.14/3.14.2_1/Frameworks/Python.framework/Versions/3.14/lib/python3.14/ssl.py", line 1138, in read
    return self._sslobj.read(len, buffer)
           ~~~~~~~~~~~~~~~~~^^^^^^^^^^^^^
urllib3.exceptions.ProtocolError: ('Connection aborted.', ConnectionResetError(54, 'Connection reset by peer'))

During handling of the above exception, another exception occurred:

Traceback (most recent call last):
  File "/Users/cyrus/Workspace/telegram-bot-bridge/venv/lib/python3.14/site-packages/telebot/__init__.py", line 957, in infinity_polling
    self.polling(non_stop=True, timeout=timeout, long_polling_timeout=long_polling_timeout,
    ~~~~~~~~~~~~^^^^^^^^^^^^^^^^^^^^^^^^^^^^^^^^^^^^^^^^^^^^^^^^^^^^^^^^^^^^^^^^^^^^^^^^^^^
                 logger_level=logger_level, allowed_updates=allowed_updates, restart_on_change=False,
                 ^^^^^^^^^^^^^^^^^^^^^^^^^^^^^^^^^^^^^^^^^^^^^^^^^^^^^^^^^^^^^^^^^^^^^^^^^^^^^^^^^^^^
                 *args, **kwargs)
                 ^^^^^^^^^^^^^^^^
  File "/Users/cyrus/Workspace/telegram-bot-bridge/venv/lib/python3.14/site-packages/telebot/__init__.py", line 1045, in polling
    self.__threaded_polling(non_stop=non_stop, interval=interval, timeout=timeout, long_polling_timeout=long_polling_timeout,
    ~~~~~~~~~~~~~~~~~~~~~~~^^^^^^^^^^^^^^^^^^^^^^^^^^^^^^^^^^^^^^^^^^^^^^^^^^^^^^^^^^^^^^^^^^^^^^^^^^^^^^^^^^^^^^^^^^^^^^^^^^
                            logger_level=logger_level, allowed_updates=allowed_updates)
                            ^^^^^^^^^^^^^^^^^^^^^^^^^^^^^^^^^^^^^^^^^^^^^^^^^^^^^^^^^^^
  File "/Users/cyrus/Workspace/telegram-bot-bridge/venv/lib/python3.14/site-packages/telebot/__init__.py", line 1120, in __threaded_polling
    raise e
  File "/Users/cyrus/Workspace/telegram-bot-bridge/venv/lib/python3.14/site-packages/telebot/__init__.py", line 1081, in __threaded_polling
    polling_thread.raise_exceptions()
    ~~~~~~~~~~~~~~~~~~~~~~~~~~~~~~~^^
  File "/Users/cyrus/Workspace/telegram-bot-bridge/venv/lib/python3.14/site-packages/telebot/util.py", line 108, in raise_exceptions
    raise self.exception_info
  File "/Users/cyrus/Workspace/telegram-bot-bridge/venv/lib/python3.14/site-packages/telebot/util.py", line 90, in run
    task(*args, **kwargs)
    ~~~~^^^^^^^^^^^^^^^^^
  File "/Users/cyrus/Workspace/telegram-bot-bridge/venv/lib/python3.14/site-packages/telebot/__init__.py", line 651, in __retrieve_updates
    updates = self.get_updates(offset=(self.last_update_id + 1),
                               allowed_updates=allowed_updates,
                               timeout=timeout, long_polling_timeout=long_polling_timeout)
  File "/Users/cyrus/Workspace/telegram-bot-bridge/venv/lib/python3.14/site-packages/telebot/__init__.py", line 625, in get_updates
    json_updates = apihelper.get_updates(self.token, offset, limit, timeout, allowed_updates, long_polling_timeout)
  File "/Users/cyrus/Workspace/telegram-bot-bridge/venv/lib/python3.14/site-packages/telebot/apihelper.py", line 323, in get_updates
    return _make_request(token, method_url, params=payload)
  File "/Users/cyrus/Workspace/telegram-bot-bridge/venv/lib/python3.14/site-packages/telebot/apihelper.py", line 158, in _make_request
    result = _get_req_session().request(
        method, request_url, params=params, files=files,
        timeout=(connect_timeout, read_timeout), proxies=proxy)
  File "/Users/cyrus/Workspace/telegram-bot-bridge/venv/lib/python3.14/site-packages/requests/sessions.py", line 589, in request
    resp = self.send(prep, **send_kwargs)
  File "/Users/cyrus/Workspace/telegram-bot-bridge/venv/lib/python3.14/site-packages/requests/sessions.py", line 703, in send
    r = adapter.send(request, **kwargs)
  File "/Users/cyrus/Workspace/telegram-bot-bridge/venv/lib/python3.14/site-packages/requests/adapters.py", line 659, in send
    raise ConnectionError(err, request=request)
requests.exceptions.ConnectionError: ('Connection aborted.', ConnectionResetError(54, 'Connection reset by peer'))
"
2026-04-25 17:02:45,365 (__init__.py:962 MainThread) ERROR - TeleBot: "Infinity polling exception: ('Connection aborted.', ConnectionResetError(54, 'Connection reset by peer'))"
2026-04-25 17:02:45,371 (__init__.py:964 MainThread) ERROR - TeleBot: "Exception traceback:
Traceback (most recent call last):
  File "/Users/cyrus/Workspace/telegram-bot-bridge/venv/lib/python3.14/site-packages/urllib3/connectionpool.py", line 787, in urlopen
    response = self._make_request(
        conn,
    ...<10 lines>...
        **response_kw,
    )
  File "/Users/cyrus/Workspace/telegram-bot-bridge/venv/lib/python3.14/site-packages/urllib3/connectionpool.py", line 534, in _make_request
    response = conn.getresponse()
  File "/Users/cyrus/Workspace/telegram-bot-bridge/venv/lib/python3.14/site-packages/urllib3/connection.py", line 571, in getresponse
    httplib_response = super().getresponse()
  File "/opt/homebrew/Cellar/python@3.14/3.14.2_1/Frameworks/Python.framework/Versions/3.14/lib/python3.14/http/client.py", line 1450, in getresponse
    response.begin()
    ~~~~~~~~~~~~~~^^
  File "/opt/homebrew/Cellar/python@3.14/3.14.2_1/Frameworks/Python.framework/Versions/3.14/lib/python3.14/http/client.py", line 336, in begin
    version, status, reason = self._read_status()
                              ~~~~~~~~~~~~~~~~~^^
  File "/opt/homebrew/Cellar/python@3.14/3.14.2_1/Frameworks/Python.framework/Versions/3.14/lib/python3.14/http/client.py", line 297, in _read_status
    line = str(self.fp.readline(_MAXLINE + 1), "iso-8859-1")
               ~~~~~~~~~~~~~~~~^^^^^^^^^^^^^^
  File "/opt/homebrew/Cellar/python@3.14/3.14.2_1/Frameworks/Python.framework/Versions/3.14/lib/python3.14/socket.py", line 725, in readinto
    return self._sock.recv_into(b)
           ~~~~~~~~~~~~~~~~~~~~^^^
  File "/opt/homebrew/Cellar/python@3.14/3.14.2_1/Frameworks/Python.framework/Versions/3.14/lib/python3.14/ssl.py", line 1304, in recv_into
    return self.read(nbytes, buffer)
           ~~~~~~~~~^^^^^^^^^^^^^^^^
  File "/opt/homebrew/Cellar/python@3.14/3.14.2_1/Frameworks/Python.framework/Versions/3.14/lib/python3.14/ssl.py", line 1138, in read
    return self._sslobj.read(len, buffer)
           ~~~~~~~~~~~~~~~~~^^^^^^^^^^^^^
ConnectionResetError: [Errno 54] Connection reset by peer

During handling of the above exception, another exception occurred:

Traceback (most recent call last):
  File "/Users/cyrus/Workspace/telegram-bot-bridge/venv/lib/python3.14/site-packages/requests/adapters.py", line 644, in send
    resp = conn.urlopen(
        method=request.method,
    ...<9 lines>...
        chunked=chunked,
    )
  File "/Users/cyrus/Workspace/telegram-bot-bridge/venv/lib/python3.14/site-packages/urllib3/connectionpool.py", line 841, in urlopen
    retries = retries.increment(
        method, url, error=new_e, _pool=self, _stacktrace=sys.exc_info()[2]
    )
  File "/Users/cyrus/Workspace/telegram-bot-bridge/venv/lib/python3.14/site-packages/urllib3/util/retry.py", line 490, in increment
    raise reraise(type(error), error, _stacktrace)
          ~~~~~~~^^^^^^^^^^^^^^^^^^^^^^^^^^^^^^^^^
  File "/Users/cyrus/Workspace/telegram-bot-bridge/venv/lib/python3.14/site-packages/urllib3/util/util.py", line 38, in reraise
    raise value.with_traceback(tb)
  File "/Users/cyrus/Workspace/telegram-bot-bridge/venv/lib/python3.14/site-packages/urllib3/connectionpool.py", line 787, in urlopen
    response = self._make_request(
        conn,
    ...<10 lines>...
        **response_kw,
    )
  File "/Users/cyrus/Workspace/telegram-bot-bridge/venv/lib/python3.14/site-packages/urllib3/connectionpool.py", line 534, in _make_request
    response = conn.getresponse()
  File "/Users/cyrus/Workspace/telegram-bot-bridge/venv/lib/python3.14/site-packages/urllib3/connection.py", line 571, in getresponse
    httplib_response = super().getresponse()
  File "/opt/homebrew/Cellar/python@3.14/3.14.2_1/Frameworks/Python.framework/Versions/3.14/lib/python3.14/http/client.py", line 1450, in getresponse
    response.begin()
    ~~~~~~~~~~~~~~^^
  File "/opt/homebrew/Cellar/python@3.14/3.14.2_1/Frameworks/Python.framework/Versions/3.14/lib/python3.14/http/client.py", line 336, in begin
    version, status, reason = self._read_status()
                              ~~~~~~~~~~~~~~~~~^^
  File "/opt/homebrew/Cellar/python@3.14/3.14.2_1/Frameworks/Python.framework/Versions/3.14/lib/python3.14/http/client.py", line 297, in _read_status
    line = str(self.fp.readline(_MAXLINE + 1), "iso-8859-1")
               ~~~~~~~~~~~~~~~~^^^^^^^^^^^^^^
  File "/opt/homebrew/Cellar/python@3.14/3.14.2_1/Frameworks/Python.framework/Versions/3.14/lib/python3.14/socket.py", line 725, in readinto
    return self._sock.recv_into(b)
           ~~~~~~~~~~~~~~~~~~~~^^^
  File "/opt/homebrew/Cellar/python@3.14/3.14.2_1/Frameworks/Python.framework/Versions/3.14/lib/python3.14/ssl.py", line 1304, in recv_into
    return self.read(nbytes, buffer)
           ~~~~~~~~~^^^^^^^^^^^^^^^^
  File "/opt/homebrew/Cellar/python@3.14/3.14.2_1/Frameworks/Python.framework/Versions/3.14/lib/python3.14/ssl.py", line 1138, in read
    return self._sslobj.read(len, buffer)
           ~~~~~~~~~~~~~~~~~^^^^^^^^^^^^^
urllib3.exceptions.ProtocolError: ('Connection aborted.', ConnectionResetError(54, 'Connection reset by peer'))

During handling of the above exception, another exception occurred:

Traceback (most recent call last):
  File "/Users/cyrus/Workspace/telegram-bot-bridge/venv/lib/python3.14/site-packages/telebot/__init__.py", line 957, in infinity_polling
    self.polling(non_stop=True, timeout=timeout, long_polling_timeout=long_polling_timeout,
    ~~~~~~~~~~~~^^^^^^^^^^^^^^^^^^^^^^^^^^^^^^^^^^^^^^^^^^^^^^^^^^^^^^^^^^^^^^^^^^^^^^^^^^^
                 logger_level=logger_level, allowed_updates=allowed_updates, restart_on_change=False,
                 ^^^^^^^^^^^^^^^^^^^^^^^^^^^^^^^^^^^^^^^^^^^^^^^^^^^^^^^^^^^^^^^^^^^^^^^^^^^^^^^^^^^^
                 *args, **kwargs)
                 ^^^^^^^^^^^^^^^^
  File "/Users/cyrus/Workspace/telegram-bot-bridge/venv/lib/python3.14/site-packages/telebot/__init__.py", line 1045, in polling
    self.__threaded_polling(non_stop=non_stop, interval=interval, timeout=timeout, long_polling_timeout=long_polling_timeout,
    ~~~~~~~~~~~~~~~~~~~~~~~^^^^^^^^^^^^^^^^^^^^^^^^^^^^^^^^^^^^^^^^^^^^^^^^^^^^^^^^^^^^^^^^^^^^^^^^^^^^^^^^^^^^^^^^^^^^^^^^^^
                            logger_level=logger_level, allowed_updates=allowed_updates)
                            ^^^^^^^^^^^^^^^^^^^^^^^^^^^^^^^^^^^^^^^^^^^^^^^^^^^^^^^^^^^
  File "/Users/cyrus/Workspace/telegram-bot-bridge/venv/lib/python3.14/site-packages/telebot/__init__.py", line 1120, in __threaded_polling
    raise e
  File "/Users/cyrus/Workspace/telegram-bot-bridge/venv/lib/python3.14/site-packages/telebot/__init__.py", line 1081, in __threaded_polling
    polling_thread.raise_exceptions()
    ~~~~~~~~~~~~~~~~~~~~~~~~~~~~~~~^^
  File "/Users/cyrus/Workspace/telegram-bot-bridge/venv/lib/python3.14/site-packages/telebot/util.py", line 108, in raise_exceptions
    raise self.exception_info
  File "/Users/cyrus/Workspace/telegram-bot-bridge/venv/lib/python3.14/site-packages/telebot/util.py", line 90, in run
    task(*args, **kwargs)
    ~~~~^^^^^^^^^^^^^^^^^
  File "/Users/cyrus/Workspace/telegram-bot-bridge/venv/lib/python3.14/site-packages/telebot/__init__.py", line 651, in __retrieve_updates
    updates = self.get_updates(offset=(self.last_update_id + 1),
                               allowed_updates=allowed_updates,
                               timeout=timeout, long_polling_timeout=long_polling_timeout)
  File "/Users/cyrus/Workspace/telegram-bot-bridge/venv/lib/python3.14/site-packages/telebot/__init__.py", line 625, in get_updates
    json_updates = apihelper.get_updates(self.token, offset, limit, timeout, allowed_updates, long_polling_timeout)
  File "/Users/cyrus/Workspace/telegram-bot-bridge/venv/lib/python3.14/site-packages/telebot/apihelper.py", line 323, in get_updates
    return _make_request(token, method_url, params=payload)
  File "/Users/cyrus/Workspace/telegram-bot-bridge/venv/lib/python3.14/site-packages/telebot/apihelper.py", line 158, in _make_request
    result = _get_req_session().request(
        method, request_url, params=params, files=files,
        timeout=(connect_timeout, read_timeout), proxies=proxy)
  File "/Users/cyrus/Workspace/telegram-bot-bridge/venv/lib/python3.14/site-packages/requests/sessions.py", line 589, in request
    resp = self.send(prep, **send_kwargs)
  File "/Users/cyrus/Workspace/telegram-bot-bridge/venv/lib/python3.14/site-packages/requests/sessions.py", line 703, in send
    r = adapter.send(request, **kwargs)
  File "/Users/cyrus/Workspace/telegram-bot-bridge/venv/lib/python3.14/site-packages/requests/adapters.py", line 659, in send
    raise ConnectionError(err, request=request)
requests.exceptions.ConnectionError: ('Connection aborted.', ConnectionResetError(54, 'Connection reset by peer'))
"
2026-04-26 22:03:49,430 (__init__.py:962 MainThread) ERROR - TeleBot: "Infinity polling exception: ('Connection aborted.', ConnectionResetError(54, 'Connection reset by peer'))"
2026-04-26 22:03:49,436 (__init__.py:964 MainThread) ERROR - TeleBot: "Exception traceback:
Traceback (most recent call last):
  File "/Users/cyrus/Workspace/telegram-bot-bridge/venv/lib/python3.14/site-packages/urllib3/connectionpool.py", line 787, in urlopen
    response = self._make_request(
        conn,
    ...<10 lines>...
        **response_kw,
    )
  File "/Users/cyrus/Workspace/telegram-bot-bridge/venv/lib/python3.14/site-packages/urllib3/connectionpool.py", line 534, in _make_request
    response = conn.getresponse()
  File "/Users/cyrus/Workspace/telegram-bot-bridge/venv/lib/python3.14/site-packages/urllib3/connection.py", line 571, in getresponse
    httplib_response = super().getresponse()
  File "/opt/homebrew/Cellar/python@3.14/3.14.2_1/Frameworks/Python.framework/Versions/3.14/lib/python3.14/http/client.py", line 1450, in getresponse
    response.begin()
    ~~~~~~~~~~~~~~^^
  File "/opt/homebrew/Cellar/python@3.14/3.14.2_1/Frameworks/Python.framework/Versions/3.14/lib/python3.14/http/client.py", line 336, in begin
    version, status, reason = self._read_status()
                              ~~~~~~~~~~~~~~~~~^^
  File "/opt/homebrew/Cellar/python@3.14/3.14.2_1/Frameworks/Python.framework/Versions/3.14/lib/python3.14/http/client.py", line 297, in _read_status
    line = str(self.fp.readline(_MAXLINE + 1), "iso-8859-1")
               ~~~~~~~~~~~~~~~~^^^^^^^^^^^^^^
  File "/opt/homebrew/Cellar/python@3.14/3.14.2_1/Frameworks/Python.framework/Versions/3.14/lib/python3.14/socket.py", line 725, in readinto
    return self._sock.recv_into(b)
           ~~~~~~~~~~~~~~~~~~~~^^^
  File "/opt/homebrew/Cellar/python@3.14/3.14.2_1/Frameworks/Python.framework/Versions/3.14/lib/python3.14/ssl.py", line 1304, in recv_into
    return self.read(nbytes, buffer)
           ~~~~~~~~~^^^^^^^^^^^^^^^^
  File "/opt/homebrew/Cellar/python@3.14/3.14.2_1/Frameworks/Python.framework/Versions/3.14/lib/python3.14/ssl.py", line 1138, in read
    return self._sslobj.read(len, buffer)
           ~~~~~~~~~~~~~~~~~^^^^^^^^^^^^^
ConnectionResetError: [Errno 54] Connection reset by peer

During handling of the above exception, another exception occurred:

Traceback (most recent call last):
  File "/Users/cyrus/Workspace/telegram-bot-bridge/venv/lib/python3.14/site-packages/requests/adapters.py", line 644, in send
    resp = conn.urlopen(
        method=request.method,
    ...<9 lines>...
        chunked=chunked,
    )
  File "/Users/cyrus/Workspace/telegram-bot-bridge/venv/lib/python3.14/site-packages/urllib3/connectionpool.py", line 841, in urlopen
    retries = retries.increment(
        method, url, error=new_e, _pool=self, _stacktrace=sys.exc_info()[2]
    )
  File "/Users/cyrus/Workspace/telegram-bot-bridge/venv/lib/python3.14/site-packages/urllib3/util/retry.py", line 490, in increment
    raise reraise(type(error), error, _stacktrace)
          ~~~~~~~^^^^^^^^^^^^^^^^^^^^^^^^^^^^^^^^^
  File "/Users/cyrus/Workspace/telegram-bot-bridge/venv/lib/python3.14/site-packages/urllib3/util/util.py", line 38, in reraise
    raise value.with_traceback(tb)
  File "/Users/cyrus/Workspace/telegram-bot-bridge/venv/lib/python3.14/site-packages/urllib3/connectionpool.py", line 787, in urlopen
    response = self._make_request(
        conn,
    ...<10 lines>...
        **response_kw,
    )
  File "/Users/cyrus/Workspace/telegram-bot-bridge/venv/lib/python3.14/site-packages/urllib3/connectionpool.py", line 534, in _make_request
    response = conn.getresponse()
  File "/Users/cyrus/Workspace/telegram-bot-bridge/venv/lib/python3.14/site-packages/urllib3/connection.py", line 571, in getresponse
    httplib_response = super().getresponse()
  File "/opt/homebrew/Cellar/python@3.14/3.14.2_1/Frameworks/Python.framework/Versions/3.14/lib/python3.14/http/client.py", line 1450, in getresponse
    response.begin()
    ~~~~~~~~~~~~~~^^
  File "/opt/homebrew/Cellar/python@3.14/3.14.2_1/Frameworks/Python.framework/Versions/3.14/lib/python3.14/http/client.py", line 336, in begin
    version, status, reason = self._read_status()
                              ~~~~~~~~~~~~~~~~~^^
  File "/opt/homebrew/Cellar/python@3.14/3.14.2_1/Frameworks/Python.framework/Versions/3.14/lib/python3.14/http/client.py", line 297, in _read_status
    line = str(self.fp.readline(_MAXLINE + 1), "iso-8859-1")
               ~~~~~~~~~~~~~~~~^^^^^^^^^^^^^^
  File "/opt/homebrew/Cellar/python@3.14/3.14.2_1/Frameworks/Python.framework/Versions/3.14/lib/python3.14/socket.py", line 725, in readinto
    return self._sock.recv_into(b)
           ~~~~~~~~~~~~~~~~~~~~^^^
  File "/opt/homebrew/Cellar/python@3.14/3.14.2_1/Frameworks/Python.framework/Versions/3.14/lib/python3.14/ssl.py", line 1304, in recv_into
    return self.read(nbytes, buffer)
           ~~~~~~~~~^^^^^^^^^^^^^^^^
  File "/opt/homebrew/Cellar/python@3.14/3.14.2_1/Frameworks/Python.framework/Versions/3.14/lib/python3.14/ssl.py", line 1138, in read
    return self._sslobj.read(len, buffer)
           ~~~~~~~~~~~~~~~~~^^^^^^^^^^^^^
urllib3.exceptions.ProtocolError: ('Connection aborted.', ConnectionResetError(54, 'Connection reset by peer'))

During handling of the above exception, another exception occurred:

Traceback (most recent call last):
  File "/Users/cyrus/Workspace/telegram-bot-bridge/venv/lib/python3.14/site-packages/telebot/__init__.py", line 957, in infinity_polling
    self.polling(non_stop=True, timeout=timeout, long_polling_timeout=long_polling_timeout,
    ~~~~~~~~~~~~^^^^^^^^^^^^^^^^^^^^^^^^^^^^^^^^^^^^^^^^^^^^^^^^^^^^^^^^^^^^^^^^^^^^^^^^^^^
                 logger_level=logger_level, allowed_updates=allowed_updates, restart_on_change=False,
                 ^^^^^^^^^^^^^^^^^^^^^^^^^^^^^^^^^^^^^^^^^^^^^^^^^^^^^^^^^^^^^^^^^^^^^^^^^^^^^^^^^^^^
                 *args, **kwargs)
                 ^^^^^^^^^^^^^^^^
  File "/Users/cyrus/Workspace/telegram-bot-bridge/venv/lib/python3.14/site-packages/telebot/__init__.py", line 1045, in polling
    self.__threaded_polling(non_stop=non_stop, interval=interval, timeout=timeout, long_polling_timeout=long_polling_timeout,
    ~~~~~~~~~~~~~~~~~~~~~~~^^^^^^^^^^^^^^^^^^^^^^^^^^^^^^^^^^^^^^^^^^^^^^^^^^^^^^^^^^^^^^^^^^^^^^^^^^^^^^^^^^^^^^^^^^^^^^^^^^
                            logger_level=logger_level, allowed_updates=allowed_updates)
                            ^^^^^^^^^^^^^^^^^^^^^^^^^^^^^^^^^^^^^^^^^^^^^^^^^^^^^^^^^^^
  File "/Users/cyrus/Workspace/telegram-bot-bridge/venv/lib/python3.14/site-packages/telebot/__init__.py", line 1120, in __threaded_polling
    raise e
  File "/Users/cyrus/Workspace/telegram-bot-bridge/venv/lib/python3.14/site-packages/telebot/__init__.py", line 1081, in __threaded_polling
    polling_thread.raise_exceptions()
    ~~~~~~~~~~~~~~~~~~~~~~~~~~~~~~~^^
  File "/Users/cyrus/Workspace/telegram-bot-bridge/venv/lib/python3.14/site-packages/telebot/util.py", line 108, in raise_exceptions
    raise self.exception_info
  File "/Users/cyrus/Workspace/telegram-bot-bridge/venv/lib/python3.14/site-packages/telebot/util.py", line 90, in run
    task(*args, **kwargs)
    ~~~~^^^^^^^^^^^^^^^^^
  File "/Users/cyrus/Workspace/telegram-bot-bridge/venv/lib/python3.14/site-packages/telebot/__init__.py", line 651, in __retrieve_updates
    updates = self.get_updates(offset=(self.last_update_id + 1),
                               allowed_updates=allowed_updates,
                               timeout=timeout, long_polling_timeout=long_polling_timeout)
  File "/Users/cyrus/Workspace/telegram-bot-bridge/venv/lib/python3.14/site-packages/telebot/__init__.py", line 625, in get_updates
    json_updates = apihelper.get_updates(self.token, offset, limit, timeout, allowed_updates, long_polling_timeout)
  File "/Users/cyrus/Workspace/telegram-bot-bridge/venv/lib/python3.14/site-packages/telebot/apihelper.py", line 323, in get_updates
    return _make_request(token, method_url, params=payload)
  File "/Users/cyrus/Workspace/telegram-bot-bridge/venv/lib/python3.14/site-packages/telebot/apihelper.py", line 158, in _make_request
    result = _get_req_session().request(
        method, request_url, params=params, files=files,
        timeout=(connect_timeout, read_timeout), proxies=proxy)
  File "/Users/cyrus/Workspace/telegram-bot-bridge/venv/lib/python3.14/site-packages/requests/sessions.py", line 589, in request
    resp = self.send(prep, **send_kwargs)
  File "/Users/cyrus/Workspace/telegram-bot-bridge/venv/lib/python3.14/site-packages/requests/sessions.py", line 703, in send
    r = adapter.send(request, **kwargs)
  File "/Users/cyrus/Workspace/telegram-bot-bridge/venv/lib/python3.14/site-packages/requests/adapters.py", line 659, in send
    raise ConnectionError(err, request=request)
requests.exceptions.ConnectionError: ('Connection aborted.', ConnectionResetError(54, 'Connection reset by peer'))
"
2026-04-28 01:40:04,808 (__init__.py:962 MainThread) ERROR - TeleBot: "Infinity polling exception: ('Connection aborted.', ConnectionResetError(54, 'Connection reset by peer'))"
2026-04-28 01:40:04,813 (__init__.py:964 MainThread) ERROR - TeleBot: "Exception traceback:
Traceback (most recent call last):
  File "/Users/cyrus/Workspace/telegram-bot-bridge/venv/lib/python3.14/site-packages/urllib3/connectionpool.py", line 787, in urlopen
    response = self._make_request(
        conn,
    ...<10 lines>...
        **response_kw,
    )
  File "/Users/cyrus/Workspace/telegram-bot-bridge/venv/lib/python3.14/site-packages/urllib3/connectionpool.py", line 534, in _make_request
    response = conn.getresponse()
  File "/Users/cyrus/Workspace/telegram-bot-bridge/venv/lib/python3.14/site-packages/urllib3/connection.py", line 571, in getresponse
    httplib_response = super().getresponse()
  File "/opt/homebrew/Cellar/python@3.14/3.14.2_1/Frameworks/Python.framework/Versions/3.14/lib/python3.14/http/client.py", line 1450, in getresponse
    response.begin()
    ~~~~~~~~~~~~~~^^
  File "/opt/homebrew/Cellar/python@3.14/3.14.2_1/Frameworks/Python.framework/Versions/3.14/lib/python3.14/http/client.py", line 336, in begin
    version, status, reason = self._read_status()
                              ~~~~~~~~~~~~~~~~~^^
  File "/opt/homebrew/Cellar/python@3.14/3.14.2_1/Frameworks/Python.framework/Versions/3.14/lib/python3.14/http/client.py", line 297, in _read_status
    line = str(self.fp.readline(_MAXLINE + 1), "iso-8859-1")
               ~~~~~~~~~~~~~~~~^^^^^^^^^^^^^^
  File "/opt/homebrew/Cellar/python@3.14/3.14.2_1/Frameworks/Python.framework/Versions/3.14/lib/python3.14/socket.py", line 725, in readinto
    return self._sock.recv_into(b)
           ~~~~~~~~~~~~~~~~~~~~^^^
  File "/opt/homebrew/Cellar/python@3.14/3.14.2_1/Frameworks/Python.framework/Versions/3.14/lib/python3.14/ssl.py", line 1304, in recv_into
    return self.read(nbytes, buffer)
           ~~~~~~~~~^^^^^^^^^^^^^^^^
  File "/opt/homebrew/Cellar/python@3.14/3.14.2_1/Frameworks/Python.framework/Versions/3.14/lib/python3.14/ssl.py", line 1138, in read
    return self._sslobj.read(len, buffer)
           ~~~~~~~~~~~~~~~~~^^^^^^^^^^^^^
ConnectionResetError: [Errno 54] Connection reset by peer

During handling of the above exception, another exception occurred:

Traceback (most recent call last):
  File "/Users/cyrus/Workspace/telegram-bot-bridge/venv/lib/python3.14/site-packages/requests/adapters.py", line 644, in send
    resp = conn.urlopen(
        method=request.method,
    ...<9 lines>...
        chunked=chunked,
    )
  File "/Users/cyrus/Workspace/telegram-bot-bridge/venv/lib/python3.14/site-packages/urllib3/connectionpool.py", line 841, in urlopen
    retries = retries.increment(
        method, url, error=new_e, _pool=self, _stacktrace=sys.exc_info()[2]
    )
  File "/Users/cyrus/Workspace/telegram-bot-bridge/venv/lib/python3.14/site-packages/urllib3/util/retry.py", line 490, in increment
    raise reraise(type(error), error, _stacktrace)
          ~~~~~~~^^^^^^^^^^^^^^^^^^^^^^^^^^^^^^^^^
  File "/Users/cyrus/Workspace/telegram-bot-bridge/venv/lib/python3.14/site-packages/urllib3/util/util.py", line 38, in reraise
    raise value.with_traceback(tb)
  File "/Users/cyrus/Workspace/telegram-bot-bridge/venv/lib/python3.14/site-packages/urllib3/connectionpool.py", line 787, in urlopen
    response = self._make_request(
        conn,
    ...<10 lines>...
        **response_kw,
    )
  File "/Users/cyrus/Workspace/telegram-bot-bridge/venv/lib/python3.14/site-packages/urllib3/connectionpool.py", line 534, in _make_request
    response = conn.getresponse()
  File "/Users/cyrus/Workspace/telegram-bot-bridge/venv/lib/python3.14/site-packages/urllib3/connection.py", line 571, in getresponse
    httplib_response = super().getresponse()
  File "/opt/homebrew/Cellar/python@3.14/3.14.2_1/Frameworks/Python.framework/Versions/3.14/lib/python3.14/http/client.py", line 1450, in getresponse
    response.begin()
    ~~~~~~~~~~~~~~^^
  File "/opt/homebrew/Cellar/python@3.14/3.14.2_1/Frameworks/Python.framework/Versions/3.14/lib/python3.14/http/client.py", line 336, in begin
    version, status, reason = self._read_status()
                              ~~~~~~~~~~~~~~~~~^^
  File "/opt/homebrew/Cellar/python@3.14/3.14.2_1/Frameworks/Python.framework/Versions/3.14/lib/python3.14/http/client.py", line 297, in _read_status
    line = str(self.fp.readline(_MAXLINE + 1), "iso-8859-1")
               ~~~~~~~~~~~~~~~~^^^^^^^^^^^^^^
  File "/opt/homebrew/Cellar/python@3.14/3.14.2_1/Frameworks/Python.framework/Versions/3.14/lib/python3.14/socket.py", line 725, in readinto
    return self._sock.recv_into(b)
           ~~~~~~~~~~~~~~~~~~~~^^^
  File "/opt/homebrew/Cellar/python@3.14/3.14.2_1/Frameworks/Python.framework/Versions/3.14/lib/python3.14/ssl.py", line 1304, in recv_into
    return self.read(nbytes, buffer)
           ~~~~~~~~~^^^^^^^^^^^^^^^^
  File "/opt/homebrew/Cellar/python@3.14/3.14.2_1/Frameworks/Python.framework/Versions/3.14/lib/python3.14/ssl.py", line 1138, in read
    return self._sslobj.read(len, buffer)
           ~~~~~~~~~~~~~~~~~^^^^^^^^^^^^^
urllib3.exceptions.ProtocolError: ('Connection aborted.', ConnectionResetError(54, 'Connection reset by peer'))

During handling of the above exception, another exception occurred:

Traceback (most recent call last):
  File "/Users/cyrus/Workspace/telegram-bot-bridge/venv/lib/python3.14/site-packages/telebot/__init__.py", line 957, in infinity_polling
    self.polling(non_stop=True, timeout=timeout, long_polling_timeout=long_polling_timeout,
    ~~~~~~~~~~~~^^^^^^^^^^^^^^^^^^^^^^^^^^^^^^^^^^^^^^^^^^^^^^^^^^^^^^^^^^^^^^^^^^^^^^^^^^^
                 logger_level=logger_level, allowed_updates=allowed_updates, restart_on_change=False,
                 ^^^^^^^^^^^^^^^^^^^^^^^^^^^^^^^^^^^^^^^^^^^^^^^^^^^^^^^^^^^^^^^^^^^^^^^^^^^^^^^^^^^^
                 *args, **kwargs)
                 ^^^^^^^^^^^^^^^^
  File "/Users/cyrus/Workspace/telegram-bot-bridge/venv/lib/python3.14/site-packages/telebot/__init__.py", line 1045, in polling
    self.__threaded_polling(non_stop=non_stop, interval=interval, timeout=timeout, long_polling_timeout=long_polling_timeout,
    ~~~~~~~~~~~~~~~~~~~~~~~^^^^^^^^^^^^^^^^^^^^^^^^^^^^^^^^^^^^^^^^^^^^^^^^^^^^^^^^^^^^^^^^^^^^^^^^^^^^^^^^^^^^^^^^^^^^^^^^^^
                            logger_level=logger_level, allowed_updates=allowed_updates)
                            ^^^^^^^^^^^^^^^^^^^^^^^^^^^^^^^^^^^^^^^^^^^^^^^^^^^^^^^^^^^
  File "/Users/cyrus/Workspace/telegram-bot-bridge/venv/lib/python3.14/site-packages/telebot/__init__.py", line 1120, in __threaded_polling
    raise e
  File "/Users/cyrus/Workspace/telegram-bot-bridge/venv/lib/python3.14/site-packages/telebot/__init__.py", line 1081, in __threaded_polling
    polling_thread.raise_exceptions()
    ~~~~~~~~~~~~~~~~~~~~~~~~~~~~~~~^^
  File "/Users/cyrus/Workspace/telegram-bot-bridge/venv/lib/python3.14/site-packages/telebot/util.py", line 108, in raise_exceptions
    raise self.exception_info
  File "/Users/cyrus/Workspace/telegram-bot-bridge/venv/lib/python3.14/site-packages/telebot/util.py", line 90, in run
    task(*args, **kwargs)
    ~~~~^^^^^^^^^^^^^^^^^
  File "/Users/cyrus/Workspace/telegram-bot-bridge/venv/lib/python3.14/site-packages/telebot/__init__.py", line 651, in __retrieve_updates
    updates = self.get_updates(offset=(self.last_update_id + 1),
                               allowed_updates=allowed_updates,
                               timeout=timeout, long_polling_timeout=long_polling_timeout)
  File "/Users/cyrus/Workspace/telegram-bot-bridge/venv/lib/python3.14/site-packages/telebot/__init__.py", line 625, in get_updates
    json_updates = apihelper.get_updates(self.token, offset, limit, timeout, allowed_updates, long_polling_timeout)
  File "/Users/cyrus/Workspace/telegram-bot-bridge/venv/lib/python3.14/site-packages/telebot/apihelper.py", line 323, in get_updates
    return _make_request(token, method_url, params=payload)
  File "/Users/cyrus/Workspace/telegram-bot-bridge/venv/lib/python3.14/site-packages/telebot/apihelper.py", line 158, in _make_request
    result = _get_req_session().request(
        method, request_url, params=params, files=files,
        timeout=(connect_timeout, read_timeout), proxies=proxy)
  File "/Users/cyrus/Workspace/telegram-bot-bridge/venv/lib/python3.14/site-packages/requests/sessions.py", line 589, in request
    resp = self.send(prep, **send_kwargs)
  File "/Users/cyrus/Workspace/telegram-bot-bridge/venv/lib/python3.14/site-packages/requests/sessions.py", line 703, in send
    r = adapter.send(request, **kwargs)
  File "/Users/cyrus/Workspace/telegram-bot-bridge/venv/lib/python3.14/site-packages/requests/adapters.py", line 659, in send
    raise ConnectionError(err, request=request)
requests.exceptions.ConnectionError: ('Connection aborted.', ConnectionResetError(54, 'Connection reset by peer'))
"
2026-04-28 04:22:38,582 (__init__.py:962 MainThread) ERROR - TeleBot: "Infinity polling exception: ('Connection aborted.', ConnectionResetError(54, 'Connection reset by peer'))"
2026-04-28 04:22:38,589 (__init__.py:964 MainThread) ERROR - TeleBot: "Exception traceback:
Traceback (most recent call last):
  File "/Users/cyrus/Workspace/telegram-bot-bridge/venv/lib/python3.14/site-packages/urllib3/connectionpool.py", line 787, in urlopen
    response = self._make_request(
        conn,
    ...<10 lines>...
        **response_kw,
    )
  File "/Users/cyrus/Workspace/telegram-bot-bridge/venv/lib/python3.14/site-packages/urllib3/connectionpool.py", line 534, in _make_request
    response = conn.getresponse()
  File "/Users/cyrus/Workspace/telegram-bot-bridge/venv/lib/python3.14/site-packages/urllib3/connection.py", line 571, in getresponse
    httplib_response = super().getresponse()
  File "/opt/homebrew/Cellar/python@3.14/3.14.2_1/Frameworks/Python.framework/Versions/3.14/lib/python3.14/http/client.py", line 1450, in getresponse
    response.begin()
    ~~~~~~~~~~~~~~^^
  File "/opt/homebrew/Cellar/python@3.14/3.14.2_1/Frameworks/Python.framework/Versions/3.14/lib/python3.14/http/client.py", line 336, in begin
    version, status, reason = self._read_status()
                              ~~~~~~~~~~~~~~~~~^^
  File "/opt/homebrew/Cellar/python@3.14/3.14.2_1/Frameworks/Python.framework/Versions/3.14/lib/python3.14/http/client.py", line 297, in _read_status
    line = str(self.fp.readline(_MAXLINE + 1), "iso-8859-1")
               ~~~~~~~~~~~~~~~~^^^^^^^^^^^^^^
  File "/opt/homebrew/Cellar/python@3.14/3.14.2_1/Frameworks/Python.framework/Versions/3.14/lib/python3.14/socket.py", line 725, in readinto
    return self._sock.recv_into(b)
           ~~~~~~~~~~~~~~~~~~~~^^^
  File "/opt/homebrew/Cellar/python@3.14/3.14.2_1/Frameworks/Python.framework/Versions/3.14/lib/python3.14/ssl.py", line 1304, in recv_into
    return self.read(nbytes, buffer)
           ~~~~~~~~~^^^^^^^^^^^^^^^^
  File "/opt/homebrew/Cellar/python@3.14/3.14.2_1/Frameworks/Python.framework/Versions/3.14/lib/python3.14/ssl.py", line 1138, in read
    return self._sslobj.read(len, buffer)
           ~~~~~~~~~~~~~~~~~^^^^^^^^^^^^^
ConnectionResetError: [Errno 54] Connection reset by peer

During handling of the above exception, another exception occurred:

Traceback (most recent call last):
  File "/Users/cyrus/Workspace/telegram-bot-bridge/venv/lib/python3.14/site-packages/requests/adapters.py", line 644, in send
    resp = conn.urlopen(
        method=request.method,
    ...<9 lines>...
        chunked=chunked,
    )
  File "/Users/cyrus/Workspace/telegram-bot-bridge/venv/lib/python3.14/site-packages/urllib3/connectionpool.py", line 841, in urlopen
    retries = retries.increment(
        method, url, error=new_e, _pool=self, _stacktrace=sys.exc_info()[2]
    )
  File "/Users/cyrus/Workspace/telegram-bot-bridge/venv/lib/python3.14/site-packages/urllib3/util/retry.py", line 490, in increment
    raise reraise(type(error), error, _stacktrace)
          ~~~~~~~^^^^^^^^^^^^^^^^^^^^^^^^^^^^^^^^^
  File "/Users/cyrus/Workspace/telegram-bot-bridge/venv/lib/python3.14/site-packages/urllib3/util/util.py", line 38, in reraise
    raise value.with_traceback(tb)
  File "/Users/cyrus/Workspace/telegram-bot-bridge/venv/lib/python3.14/site-packages/urllib3/connectionpool.py", line 787, in urlopen
    response = self._make_request(
        conn,
    ...<10 lines>...
        **response_kw,
    )
  File "/Users/cyrus/Workspace/telegram-bot-bridge/venv/lib/python3.14/site-packages/urllib3/connectionpool.py", line 534, in _make_request
    response = conn.getresponse()
  File "/Users/cyrus/Workspace/telegram-bot-bridge/venv/lib/python3.14/site-packages/urllib3/connection.py", line 571, in getresponse
    httplib_response = super().getresponse()
  File "/opt/homebrew/Cellar/python@3.14/3.14.2_1/Frameworks/Python.framework/Versions/3.14/lib/python3.14/http/client.py", line 1450, in getresponse
    response.begin()
    ~~~~~~~~~~~~~~^^
  File "/opt/homebrew/Cellar/python@3.14/3.14.2_1/Frameworks/Python.framework/Versions/3.14/lib/python3.14/http/client.py", line 336, in begin
    version, status, reason = self._read_status()
                              ~~~~~~~~~~~~~~~~~^^
  File "/opt/homebrew/Cellar/python@3.14/3.14.2_1/Frameworks/Python.framework/Versions/3.14/lib/python3.14/http/client.py", line 297, in _read_status
    line = str(self.fp.readline(_MAXLINE + 1), "iso-8859-1")
               ~~~~~~~~~~~~~~~~^^^^^^^^^^^^^^
  File "/opt/homebrew/Cellar/python@3.14/3.14.2_1/Frameworks/Python.framework/Versions/3.14/lib/python3.14/socket.py", line 725, in readinto
    return self._sock.recv_into(b)
           ~~~~~~~~~~~~~~~~~~~~^^^
  File "/opt/homebrew/Cellar/python@3.14/3.14.2_1/Frameworks/Python.framework/Versions/3.14/lib/python3.14/ssl.py", line 1304, in recv_into
    return self.read(nbytes, buffer)
           ~~~~~~~~~^^^^^^^^^^^^^^^^
  File "/opt/homebrew/Cellar/python@3.14/3.14.2_1/Frameworks/Python.framework/Versions/3.14/lib/python3.14/ssl.py", line 1138, in read
    return self._sslobj.read(len, buffer)
           ~~~~~~~~~~~~~~~~~^^^^^^^^^^^^^
urllib3.exceptions.ProtocolError: ('Connection aborted.', ConnectionResetError(54, 'Connection reset by peer'))

During handling of the above exception, another exception occurred:

Traceback (most recent call last):
  File "/Users/cyrus/Workspace/telegram-bot-bridge/venv/lib/python3.14/site-packages/telebot/__init__.py", line 957, in infinity_polling
    self.polling(non_stop=True, timeout=timeout, long_polling_timeout=long_polling_timeout,
    ~~~~~~~~~~~~^^^^^^^^^^^^^^^^^^^^^^^^^^^^^^^^^^^^^^^^^^^^^^^^^^^^^^^^^^^^^^^^^^^^^^^^^^^
                 logger_level=logger_level, allowed_updates=allowed_updates, restart_on_change=False,
                 ^^^^^^^^^^^^^^^^^^^^^^^^^^^^^^^^^^^^^^^^^^^^^^^^^^^^^^^^^^^^^^^^^^^^^^^^^^^^^^^^^^^^
                 *args, **kwargs)
                 ^^^^^^^^^^^^^^^^
  File "/Users/cyrus/Workspace/telegram-bot-bridge/venv/lib/python3.14/site-packages/telebot/__init__.py", line 1045, in polling
    self.__threaded_polling(non_stop=non_stop, interval=interval, timeout=timeout, long_polling_timeout=long_polling_timeout,
    ~~~~~~~~~~~~~~~~~~~~~~~^^^^^^^^^^^^^^^^^^^^^^^^^^^^^^^^^^^^^^^^^^^^^^^^^^^^^^^^^^^^^^^^^^^^^^^^^^^^^^^^^^^^^^^^^^^^^^^^^^
                            logger_level=logger_level, allowed_updates=allowed_updates)
                            ^^^^^^^^^^^^^^^^^^^^^^^^^^^^^^^^^^^^^^^^^^^^^^^^^^^^^^^^^^^
  File "/Users/cyrus/Workspace/telegram-bot-bridge/venv/lib/python3.14/site-packages/telebot/__init__.py", line 1120, in __threaded_polling
    raise e
  File "/Users/cyrus/Workspace/telegram-bot-bridge/venv/lib/python3.14/site-packages/telebot/__init__.py", line 1081, in __threaded_polling
    polling_thread.raise_exceptions()
    ~~~~~~~~~~~~~~~~~~~~~~~~~~~~~~~^^
  File "/Users/cyrus/Workspace/telegram-bot-bridge/venv/lib/python3.14/site-packages/telebot/util.py", line 108, in raise_exceptions
    raise self.exception_info
  File "/Users/cyrus/Workspace/telegram-bot-bridge/venv/lib/python3.14/site-packages/telebot/util.py", line 90, in run
    task(*args, **kwargs)
    ~~~~^^^^^^^^^^^^^^^^^
  File "/Users/cyrus/Workspace/telegram-bot-bridge/venv/lib/python3.14/site-packages/telebot/__init__.py", line 651, in __retrieve_updates
    updates = self.get_updates(offset=(self.last_update_id + 1),
                               allowed_updates=allowed_updates,
                               timeout=timeout, long_polling_timeout=long_polling_timeout)
  File "/Users/cyrus/Workspace/telegram-bot-bridge/venv/lib/python3.14/site-packages/telebot/__init__.py", line 625, in get_updates
    json_updates = apihelper.get_updates(self.token, offset, limit, timeout, allowed_updates, long_polling_timeout)
  File "/Users/cyrus/Workspace/telegram-bot-bridge/venv/lib/python3.14/site-packages/telebot/apihelper.py", line 323, in get_updates
    return _make_request(token, method_url, params=payload)
  File "/Users/cyrus/Workspace/telegram-bot-bridge/venv/lib/python3.14/site-packages/telebot/apihelper.py", line 158, in _make_request
    result = _get_req_session().request(
        method, request_url, params=params, files=files,
        timeout=(connect_timeout, read_timeout), proxies=proxy)
  File "/Users/cyrus/Workspace/telegram-bot-bridge/venv/lib/python3.14/site-packages/requests/sessions.py", line 589, in request
    resp = self.send(prep, **send_kwargs)
  File "/Users/cyrus/Workspace/telegram-bot-bridge/venv/lib/python3.14/site-packages/requests/sessions.py", line 703, in send
    r = adapter.send(request, **kwargs)
  File "/Users/cyrus/Workspace/telegram-bot-bridge/venv/lib/python3.14/site-packages/requests/adapters.py", line 659, in send
    raise ConnectionError(err, request=request)
requests.exceptions.ConnectionError: ('Connection aborted.', ConnectionResetError(54, 'Connection reset by peer'))
"
2026-04-30 14:04:47,885 (__init__.py:962 MainThread) ERROR - TeleBot: "Infinity polling exception: ('Connection aborted.', ConnectionResetError(54, 'Connection reset by peer'))"
2026-04-30 14:04:47,891 (__init__.py:964 MainThread) ERROR - TeleBot: "Exception traceback:
Traceback (most recent call last):
  File "/Users/cyrus/Workspace/telegram-bot-bridge/venv/lib/python3.14/site-packages/urllib3/connectionpool.py", line 787, in urlopen
    response = self._make_request(
        conn,
    ...<10 lines>...
        **response_kw,
    )
  File "/Users/cyrus/Workspace/telegram-bot-bridge/venv/lib/python3.14/site-packages/urllib3/connectionpool.py", line 534, in _make_request
    response = conn.getresponse()
  File "/Users/cyrus/Workspace/telegram-bot-bridge/venv/lib/python3.14/site-packages/urllib3/connection.py", line 571, in getresponse
    httplib_response = super().getresponse()
  File "/opt/homebrew/Cellar/python@3.14/3.14.2_1/Frameworks/Python.framework/Versions/3.14/lib/python3.14/http/client.py", line 1450, in getresponse
    response.begin()
    ~~~~~~~~~~~~~~^^
  File "/opt/homebrew/Cellar/python@3.14/3.14.2_1/Frameworks/Python.framework/Versions/3.14/lib/python3.14/http/client.py", line 336, in begin
    version, status, reason = self._read_status()
                              ~~~~~~~~~~~~~~~~~^^
  File "/opt/homebrew/Cellar/python@3.14/3.14.2_1/Frameworks/Python.framework/Versions/3.14/lib/python3.14/http/client.py", line 297, in _read_status
    line = str(self.fp.readline(_MAXLINE + 1), "iso-8859-1")
               ~~~~~~~~~~~~~~~~^^^^^^^^^^^^^^
  File "/opt/homebrew/Cellar/python@3.14/3.14.2_1/Frameworks/Python.framework/Versions/3.14/lib/python3.14/socket.py", line 725, in readinto
    return self._sock.recv_into(b)
           ~~~~~~~~~~~~~~~~~~~~^^^
  File "/opt/homebrew/Cellar/python@3.14/3.14.2_1/Frameworks/Python.framework/Versions/3.14/lib/python3.14/ssl.py", line 1304, in recv_into
    return self.read(nbytes, buffer)
           ~~~~~~~~~^^^^^^^^^^^^^^^^
  File "/opt/homebrew/Cellar/python@3.14/3.14.2_1/Frameworks/Python.framework/Versions/3.14/lib/python3.14/ssl.py", line 1138, in read
    return self._sslobj.read(len, buffer)
           ~~~~~~~~~~~~~~~~~^^^^^^^^^^^^^
ConnectionResetError: [Errno 54] Connection reset by peer

During handling of the above exception, another exception occurred:

Traceback (most recent call last):
  File "/Users/cyrus/Workspace/telegram-bot-bridge/venv/lib/python3.14/site-packages/requests/adapters.py", line 644, in send
    resp = conn.urlopen(
        method=request.method,
    ...<9 lines>...
        chunked=chunked,
    )
  File "/Users/cyrus/Workspace/telegram-bot-bridge/venv/lib/python3.14/site-packages/urllib3/connectionpool.py", line 841, in urlopen
    retries = retries.increment(
        method, url, error=new_e, _pool=self, _stacktrace=sys.exc_info()[2]
    )
  File "/Users/cyrus/Workspace/telegram-bot-bridge/venv/lib/python3.14/site-packages/urllib3/util/retry.py", line 490, in increment
    raise reraise(type(error), error, _stacktrace)
          ~~~~~~~^^^^^^^^^^^^^^^^^^^^^^^^^^^^^^^^^
  File "/Users/cyrus/Workspace/telegram-bot-bridge/venv/lib/python3.14/site-packages/urllib3/util/util.py", line 38, in reraise
    raise value.with_traceback(tb)
  File "/Users/cyrus/Workspace/telegram-bot-bridge/venv/lib/python3.14/site-packages/urllib3/connectionpool.py", line 787, in urlopen
    response = self._make_request(
        conn,
    ...<10 lines>...
        **response_kw,
    )
  File "/Users/cyrus/Workspace/telegram-bot-bridge/venv/lib/python3.14/site-packages/urllib3/connectionpool.py", line 534, in _make_request
    response = conn.getresponse()
  File "/Users/cyrus/Workspace/telegram-bot-bridge/venv/lib/python3.14/site-packages/urllib3/connection.py", line 571, in getresponse
    httplib_response = super().getresponse()
  File "/opt/homebrew/Cellar/python@3.14/3.14.2_1/Frameworks/Python.framework/Versions/3.14/lib/python3.14/http/client.py", line 1450, in getresponse
    response.begin()
    ~~~~~~~~~~~~~~^^
  File "/opt/homebrew/Cellar/python@3.14/3.14.2_1/Frameworks/Python.framework/Versions/3.14/lib/python3.14/http/client.py", line 336, in begin
    version, status, reason = self._read_status()
                              ~~~~~~~~~~~~~~~~~^^
  File "/opt/homebrew/Cellar/python@3.14/3.14.2_1/Frameworks/Python.framework/Versions/3.14/lib/python3.14/http/client.py", line 297, in _read_status
    line = str(self.fp.readline(_MAXLINE + 1), "iso-8859-1")
               ~~~~~~~~~~~~~~~~^^^^^^^^^^^^^^
  File "/opt/homebrew/Cellar/python@3.14/3.14.2_1/Frameworks/Python.framework/Versions/3.14/lib/python3.14/socket.py", line 725, in readinto
    return self._sock.recv_into(b)
           ~~~~~~~~~~~~~~~~~~~~^^^
  File "/opt/homebrew/Cellar/python@3.14/3.14.2_1/Frameworks/Python.framework/Versions/3.14/lib/python3.14/ssl.py", line 1304, in recv_into
    return self.read(nbytes, buffer)
           ~~~~~~~~~^^^^^^^^^^^^^^^^
  File "/opt/homebrew/Cellar/python@3.14/3.14.2_1/Frameworks/Python.framework/Versions/3.14/lib/python3.14/ssl.py", line 1138, in read
    return self._sslobj.read(len, buffer)
           ~~~~~~~~~~~~~~~~~^^^^^^^^^^^^^
urllib3.exceptions.ProtocolError: ('Connection aborted.', ConnectionResetError(54, 'Connection reset by peer'))

During handling of the above exception, another exception occurred:

Traceback (most recent call last):
  File "/Users/cyrus/Workspace/telegram-bot-bridge/venv/lib/python3.14/site-packages/telebot/__init__.py", line 957, in infinity_polling
    self.polling(non_stop=True, timeout=timeout, long_polling_timeout=long_polling_timeout,
    ~~~~~~~~~~~~^^^^^^^^^^^^^^^^^^^^^^^^^^^^^^^^^^^^^^^^^^^^^^^^^^^^^^^^^^^^^^^^^^^^^^^^^^^
                 logger_level=logger_level, allowed_updates=allowed_updates, restart_on_change=False,
                 ^^^^^^^^^^^^^^^^^^^^^^^^^^^^^^^^^^^^^^^^^^^^^^^^^^^^^^^^^^^^^^^^^^^^^^^^^^^^^^^^^^^^
                 *args, **kwargs)
                 ^^^^^^^^^^^^^^^^
  File "/Users/cyrus/Workspace/telegram-bot-bridge/venv/lib/python3.14/site-packages/telebot/__init__.py", line 1045, in polling
    self.__threaded_polling(non_stop=non_stop, interval=interval, timeout=timeout, long_polling_timeout=long_polling_timeout,
    ~~~~~~~~~~~~~~~~~~~~~~~^^^^^^^^^^^^^^^^^^^^^^^^^^^^^^^^^^^^^^^^^^^^^^^^^^^^^^^^^^^^^^^^^^^^^^^^^^^^^^^^^^^^^^^^^^^^^^^^^^
                            logger_level=logger_level, allowed_updates=allowed_updates)
                            ^^^^^^^^^^^^^^^^^^^^^^^^^^^^^^^^^^^^^^^^^^^^^^^^^^^^^^^^^^^
  File "/Users/cyrus/Workspace/telegram-bot-bridge/venv/lib/python3.14/site-packages/telebot/__init__.py", line 1120, in __threaded_polling
    raise e
  File "/Users/cyrus/Workspace/telegram-bot-bridge/venv/lib/python3.14/site-packages/telebot/__init__.py", line 1081, in __threaded_polling
    polling_thread.raise_exceptions()
    ~~~~~~~~~~~~~~~~~~~~~~~~~~~~~~~^^
  File "/Users/cyrus/Workspace/telegram-bot-bridge/venv/lib/python3.14/site-packages/telebot/util.py", line 108, in raise_exceptions
    raise self.exception_info
  File "/Users/cyrus/Workspace/telegram-bot-bridge/venv/lib/python3.14/site-packages/telebot/util.py", line 90, in run
    task(*args, **kwargs)
    ~~~~^^^^^^^^^^^^^^^^^
  File "/Users/cyrus/Workspace/telegram-bot-bridge/venv/lib/python3.14/site-packages/telebot/__init__.py", line 651, in __retrieve_updates
    updates = self.get_updates(offset=(self.last_update_id + 1),
                               allowed_updates=allowed_updates,
                               timeout=timeout, long_polling_timeout=long_polling_timeout)
  File "/Users/cyrus/Workspace/telegram-bot-bridge/venv/lib/python3.14/site-packages/telebot/__init__.py", line 625, in get_updates
    json_updates = apihelper.get_updates(self.token, offset, limit, timeout, allowed_updates, long_polling_timeout)
  File "/Users/cyrus/Workspace/telegram-bot-bridge/venv/lib/python3.14/site-packages/telebot/apihelper.py", line 323, in get_updates
    return _make_request(token, method_url, params=payload)
  File "/Users/cyrus/Workspace/telegram-bot-bridge/venv/lib/python3.14/site-packages/telebot/apihelper.py", line 158, in _make_request
    result = _get_req_session().request(
        method, request_url, params=params, files=files,
        timeout=(connect_timeout, read_timeout), proxies=proxy)
  File "/Users/cyrus/Workspace/telegram-bot-bridge/venv/lib/python3.14/site-packages/requests/sessions.py", line 589, in request
    resp = self.send(prep, **send_kwargs)
  File "/Users/cyrus/Workspace/telegram-bot-bridge/venv/lib/python3.14/site-packages/requests/sessions.py", line 703, in send
    r = adapter.send(request, **kwargs)
  File "/Users/cyrus/Workspace/telegram-bot-bridge/venv/lib/python3.14/site-packages/requests/adapters.py", line 659, in send
    raise ConnectionError(err, request=request)
requests.exceptions.ConnectionError: ('Connection aborted.', ConnectionResetError(54, 'Connection reset by peer'))
"
2026-05-01 07:57:29,100 (__init__.py:962 MainThread) ERROR - TeleBot: "Infinity polling exception: ('Connection aborted.', ConnectionResetError(54, 'Connection reset by peer'))"
2026-05-01 07:57:29,105 (__init__.py:964 MainThread) ERROR - TeleBot: "Exception traceback:
Traceback (most recent call last):
  File "/Users/cyrus/Workspace/telegram-bot-bridge/venv/lib/python3.14/site-packages/urllib3/connectionpool.py", line 787, in urlopen
    response = self._make_request(
        conn,
    ...<10 lines>...
        **response_kw,
    )
  File "/Users/cyrus/Workspace/telegram-bot-bridge/venv/lib/python3.14/site-packages/urllib3/connectionpool.py", line 534, in _make_request
    response = conn.getresponse()
  File "/Users/cyrus/Workspace/telegram-bot-bridge/venv/lib/python3.14/site-packages/urllib3/connection.py", line 571, in getresponse
    httplib_response = super().getresponse()
  File "/opt/homebrew/Cellar/python@3.14/3.14.2_1/Frameworks/Python.framework/Versions/3.14/lib/python3.14/http/client.py", line 1450, in getresponse
    response.begin()
    ~~~~~~~~~~~~~~^^
  File "/opt/homebrew/Cellar/python@3.14/3.14.2_1/Frameworks/Python.framework/Versions/3.14/lib/python3.14/http/client.py", line 336, in begin
    version, status, reason = self._read_status()
                              ~~~~~~~~~~~~~~~~~^^
  File "/opt/homebrew/Cellar/python@3.14/3.14.2_1/Frameworks/Python.framework/Versions/3.14/lib/python3.14/http/client.py", line 297, in _read_status
    line = str(self.fp.readline(_MAXLINE + 1), "iso-8859-1")
               ~~~~~~~~~~~~~~~~^^^^^^^^^^^^^^
  File "/opt/homebrew/Cellar/python@3.14/3.14.2_1/Frameworks/Python.framework/Versions/3.14/lib/python3.14/socket.py", line 725, in readinto
    return self._sock.recv_into(b)
           ~~~~~~~~~~~~~~~~~~~~^^^
  File "/opt/homebrew/Cellar/python@3.14/3.14.2_1/Frameworks/Python.framework/Versions/3.14/lib/python3.14/ssl.py", line 1304, in recv_into
    return self.read(nbytes, buffer)
           ~~~~~~~~~^^^^^^^^^^^^^^^^
  File "/opt/homebrew/Cellar/python@3.14/3.14.2_1/Frameworks/Python.framework/Versions/3.14/lib/python3.14/ssl.py", line 1138, in read
    return self._sslobj.read(len, buffer)
           ~~~~~~~~~~~~~~~~~^^^^^^^^^^^^^
ConnectionResetError: [Errno 54] Connection reset by peer

During handling of the above exception, another exception occurred:

Traceback (most recent call last):
  File "/Users/cyrus/Workspace/telegram-bot-bridge/venv/lib/python3.14/site-packages/requests/adapters.py", line 644, in send
    resp = conn.urlopen(
        method=request.method,
    ...<9 lines>...
        chunked=chunked,
    )
  File "/Users/cyrus/Workspace/telegram-bot-bridge/venv/lib/python3.14/site-packages/urllib3/connectionpool.py", line 841, in urlopen
    retries = retries.increment(
        method, url, error=new_e, _pool=self, _stacktrace=sys.exc_info()[2]
    )
  File "/Users/cyrus/Workspace/telegram-bot-bridge/venv/lib/python3.14/site-packages/urllib3/util/retry.py", line 490, in increment
    raise reraise(type(error), error, _stacktrace)
          ~~~~~~~^^^^^^^^^^^^^^^^^^^^^^^^^^^^^^^^^
  File "/Users/cyrus/Workspace/telegram-bot-bridge/venv/lib/python3.14/site-packages/urllib3/util/util.py", line 38, in reraise
    raise value.with_traceback(tb)
  File "/Users/cyrus/Workspace/telegram-bot-bridge/venv/lib/python3.14/site-packages/urllib3/connectionpool.py", line 787, in urlopen
    response = self._make_request(
        conn,
    ...<10 lines>...
        **response_kw,
    )
  File "/Users/cyrus/Workspace/telegram-bot-bridge/venv/lib/python3.14/site-packages/urllib3/connectionpool.py", line 534, in _make_request
    response = conn.getresponse()
  File "/Users/cyrus/Workspace/telegram-bot-bridge/venv/lib/python3.14/site-packages/urllib3/connection.py", line 571, in getresponse
    httplib_response = super().getresponse()
  File "/opt/homebrew/Cellar/python@3.14/3.14.2_1/Frameworks/Python.framework/Versions/3.14/lib/python3.14/http/client.py", line 1450, in getresponse
    response.begin()
    ~~~~~~~~~~~~~~^^
  File "/opt/homebrew/Cellar/python@3.14/3.14.2_1/Frameworks/Python.framework/Versions/3.14/lib/python3.14/http/client.py", line 336, in begin
    version, status, reason = self._read_status()
                              ~~~~~~~~~~~~~~~~~^^
  File "/opt/homebrew/Cellar/python@3.14/3.14.2_1/Frameworks/Python.framework/Versions/3.14/lib/python3.14/http/client.py", line 297, in _read_status
    line = str(self.fp.readline(_MAXLINE + 1), "iso-8859-1")
               ~~~~~~~~~~~~~~~~^^^^^^^^^^^^^^
  File "/opt/homebrew/Cellar/python@3.14/3.14.2_1/Frameworks/Python.framework/Versions/3.14/lib/python3.14/socket.py", line 725, in readinto
    return self._sock.recv_into(b)
           ~~~~~~~~~~~~~~~~~~~~^^^
  File "/opt/homebrew/Cellar/python@3.14/3.14.2_1/Frameworks/Python.framework/Versions/3.14/lib/python3.14/ssl.py", line 1304, in recv_into
    return self.read(nbytes, buffer)
           ~~~~~~~~~^^^^^^^^^^^^^^^^
  File "/opt/homebrew/Cellar/python@3.14/3.14.2_1/Frameworks/Python.framework/Versions/3.14/lib/python3.14/ssl.py", line 1138, in read
    return self._sslobj.read(len, buffer)
           ~~~~~~~~~~~~~~~~~^^^^^^^^^^^^^
urllib3.exceptions.ProtocolError: ('Connection aborted.', ConnectionResetError(54, 'Connection reset by peer'))

During handling of the above exception, another exception occurred:

Traceback (most recent call last):
  File "/Users/cyrus/Workspace/telegram-bot-bridge/venv/lib/python3.14/site-packages/telebot/__init__.py", line 957, in infinity_polling
    self.polling(non_stop=True, timeout=timeout, long_polling_timeout=long_polling_timeout,
    ~~~~~~~~~~~~^^^^^^^^^^^^^^^^^^^^^^^^^^^^^^^^^^^^^^^^^^^^^^^^^^^^^^^^^^^^^^^^^^^^^^^^^^^
                 logger_level=logger_level, allowed_updates=allowed_updates, restart_on_change=False,
                 ^^^^^^^^^^^^^^^^^^^^^^^^^^^^^^^^^^^^^^^^^^^^^^^^^^^^^^^^^^^^^^^^^^^^^^^^^^^^^^^^^^^^
                 *args, **kwargs)
                 ^^^^^^^^^^^^^^^^
  File "/Users/cyrus/Workspace/telegram-bot-bridge/venv/lib/python3.14/site-packages/telebot/__init__.py", line 1045, in polling
    self.__threaded_polling(non_stop=non_stop, interval=interval, timeout=timeout, long_polling_timeout=long_polling_timeout,
    ~~~~~~~~~~~~~~~~~~~~~~~^^^^^^^^^^^^^^^^^^^^^^^^^^^^^^^^^^^^^^^^^^^^^^^^^^^^^^^^^^^^^^^^^^^^^^^^^^^^^^^^^^^^^^^^^^^^^^^^^^
                            logger_level=logger_level, allowed_updates=allowed_updates)
                            ^^^^^^^^^^^^^^^^^^^^^^^^^^^^^^^^^^^^^^^^^^^^^^^^^^^^^^^^^^^
  File "/Users/cyrus/Workspace/telegram-bot-bridge/venv/lib/python3.14/site-packages/telebot/__init__.py", line 1120, in __threaded_polling
    raise e
  File "/Users/cyrus/Workspace/telegram-bot-bridge/venv/lib/python3.14/site-packages/telebot/__init__.py", line 1081, in __threaded_polling
    polling_thread.raise_exceptions()
    ~~~~~~~~~~~~~~~~~~~~~~~~~~~~~~~^^
  File "/Users/cyrus/Workspace/telegram-bot-bridge/venv/lib/python3.14/site-packages/telebot/util.py", line 108, in raise_exceptions
    raise self.exception_info
  File "/Users/cyrus/Workspace/telegram-bot-bridge/venv/lib/python3.14/site-packages/telebot/util.py", line 90, in run
    task(*args, **kwargs)
    ~~~~^^^^^^^^^^^^^^^^^
  File "/Users/cyrus/Workspace/telegram-bot-bridge/venv/lib/python3.14/site-packages/telebot/__init__.py", line 651, in __retrieve_updates
    updates = self.get_updates(offset=(self.last_update_id + 1),
                               allowed_updates=allowed_updates,
                               timeout=timeout, long_polling_timeout=long_polling_timeout)
  File "/Users/cyrus/Workspace/telegram-bot-bridge/venv/lib/python3.14/site-packages/telebot/__init__.py", line 625, in get_updates
    json_updates = apihelper.get_updates(self.token, offset, limit, timeout, allowed_updates, long_polling_timeout)
  File "/Users/cyrus/Workspace/telegram-bot-bridge/venv/lib/python3.14/site-packages/telebot/apihelper.py", line 323, in get_updates
    return _make_request(token, method_url, params=payload)
  File "/Users/cyrus/Workspace/telegram-bot-bridge/venv/lib/python3.14/site-packages/telebot/apihelper.py", line 158, in _make_request
    result = _get_req_session().request(
        method, request_url, params=params, files=files,
        timeout=(connect_timeout, read_timeout), proxies=proxy)
  File "/Users/cyrus/Workspace/telegram-bot-bridge/venv/lib/python3.14/site-packages/requests/sessions.py", line 589, in request
    resp = self.send(prep, **send_kwargs)
  File "/Users/cyrus/Workspace/telegram-bot-bridge/venv/lib/python3.14/site-packages/requests/sessions.py", line 703, in send
    r = adapter.send(request, **kwargs)
  File "/Users/cyrus/Workspace/telegram-bot-bridge/venv/lib/python3.14/site-packages/requests/adapters.py", line 659, in send
    raise ConnectionError(err, request=request)
requests.exceptions.ConnectionError: ('Connection aborted.', ConnectionResetError(54, 'Connection reset by peer'))
"
2026-05-01 10:51:09,806 (__init__.py:962 MainThread) ERROR - TeleBot: "Infinity polling exception: ('Connection aborted.', ConnectionResetError(54, 'Connection reset by peer'))"
2026-05-01 10:51:09,813 (__init__.py:964 MainThread) ERROR - TeleBot: "Exception traceback:
Traceback (most recent call last):
  File "/Users/cyrus/Workspace/telegram-bot-bridge/venv/lib/python3.14/site-packages/urllib3/connectionpool.py", line 787, in urlopen
    response = self._make_request(
        conn,
    ...<10 lines>...
        **response_kw,
    )
  File "/Users/cyrus/Workspace/telegram-bot-bridge/venv/lib/python3.14/site-packages/urllib3/connectionpool.py", line 534, in _make_request
    response = conn.getresponse()
  File "/Users/cyrus/Workspace/telegram-bot-bridge/venv/lib/python3.14/site-packages/urllib3/connection.py", line 571, in getresponse
    httplib_response = super().getresponse()
  File "/opt/homebrew/Cellar/python@3.14/3.14.2_1/Frameworks/Python.framework/Versions/3.14/lib/python3.14/http/client.py", line 1450, in getresponse
    response.begin()
    ~~~~~~~~~~~~~~^^
  File "/opt/homebrew/Cellar/python@3.14/3.14.2_1/Frameworks/Python.framework/Versions/3.14/lib/python3.14/http/client.py", line 336, in begin
    version, status, reason = self._read_status()
                              ~~~~~~~~~~~~~~~~~^^
  File "/opt/homebrew/Cellar/python@3.14/3.14.2_1/Frameworks/Python.framework/Versions/3.14/lib/python3.14/http/client.py", line 297, in _read_status
    line = str(self.fp.readline(_MAXLINE + 1), "iso-8859-1")
               ~~~~~~~~~~~~~~~~^^^^^^^^^^^^^^
  File "/opt/homebrew/Cellar/python@3.14/3.14.2_1/Frameworks/Python.framework/Versions/3.14/lib/python3.14/socket.py", line 725, in readinto
    return self._sock.recv_into(b)
           ~~~~~~~~~~~~~~~~~~~~^^^
  File "/opt/homebrew/Cellar/python@3.14/3.14.2_1/Frameworks/Python.framework/Versions/3.14/lib/python3.14/ssl.py", line 1304, in recv_into
    return self.read(nbytes, buffer)
           ~~~~~~~~~^^^^^^^^^^^^^^^^
  File "/opt/homebrew/Cellar/python@3.14/3.14.2_1/Frameworks/Python.framework/Versions/3.14/lib/python3.14/ssl.py", line 1138, in read
    return self._sslobj.read(len, buffer)
           ~~~~~~~~~~~~~~~~~^^^^^^^^^^^^^
ConnectionResetError: [Errno 54] Connection reset by peer

During handling of the above exception, another exception occurred:

Traceback (most recent call last):
  File "/Users/cyrus/Workspace/telegram-bot-bridge/venv/lib/python3.14/site-packages/requests/adapters.py", line 644, in send
    resp = conn.urlopen(
        method=request.method,
    ...<9 lines>...
        chunked=chunked,
    )
  File "/Users/cyrus/Workspace/telegram-bot-bridge/venv/lib/python3.14/site-packages/urllib3/connectionpool.py", line 841, in urlopen
    retries = retries.increment(
        method, url, error=new_e, _pool=self, _stacktrace=sys.exc_info()[2]
    )
  File "/Users/cyrus/Workspace/telegram-bot-bridge/venv/lib/python3.14/site-packages/urllib3/util/retry.py", line 490, in increment
    raise reraise(type(error), error, _stacktrace)
          ~~~~~~~^^^^^^^^^^^^^^^^^^^^^^^^^^^^^^^^^
  File "/Users/cyrus/Workspace/telegram-bot-bridge/venv/lib/python3.14/site-packages/urllib3/util/util.py", line 38, in reraise
    raise value.with_traceback(tb)
  File "/Users/cyrus/Workspace/telegram-bot-bridge/venv/lib/python3.14/site-packages/urllib3/connectionpool.py", line 787, in urlopen
    response = self._make_request(
        conn,
    ...<10 lines>...
        **response_kw,
    )
  File "/Users/cyrus/Workspace/telegram-bot-bridge/venv/lib/python3.14/site-packages/urllib3/connectionpool.py", line 534, in _make_request
    response = conn.getresponse()
  File "/Users/cyrus/Workspace/telegram-bot-bridge/venv/lib/python3.14/site-packages/urllib3/connection.py", line 571, in getresponse
    httplib_response = super().getresponse()
  File "/opt/homebrew/Cellar/python@3.14/3.14.2_1/Frameworks/Python.framework/Versions/3.14/lib/python3.14/http/client.py", line 1450, in getresponse
    response.begin()
    ~~~~~~~~~~~~~~^^
  File "/opt/homebrew/Cellar/python@3.14/3.14.2_1/Frameworks/Python.framework/Versions/3.14/lib/python3.14/http/client.py", line 336, in begin
    version, status, reason = self._read_status()
                              ~~~~~~~~~~~~~~~~~^^
  File "/opt/homebrew/Cellar/python@3.14/3.14.2_1/Frameworks/Python.framework/Versions/3.14/lib/python3.14/http/client.py", line 297, in _read_status
    line = str(self.fp.readline(_MAXLINE + 1), "iso-8859-1")
               ~~~~~~~~~~~~~~~~^^^^^^^^^^^^^^
  File "/opt/homebrew/Cellar/python@3.14/3.14.2_1/Frameworks/Python.framework/Versions/3.14/lib/python3.14/socket.py", line 725, in readinto
    return self._sock.recv_into(b)
           ~~~~~~~~~~~~~~~~~~~~^^^
  File "/opt/homebrew/Cellar/python@3.14/3.14.2_1/Frameworks/Python.framework/Versions/3.14/lib/python3.14/ssl.py", line 1304, in recv_into
    return self.read(nbytes, buffer)
           ~~~~~~~~~^^^^^^^^^^^^^^^^
  File "/opt/homebrew/Cellar/python@3.14/3.14.2_1/Frameworks/Python.framework/Versions/3.14/lib/python3.14/ssl.py", line 1138, in read
    return self._sslobj.read(len, buffer)
           ~~~~~~~~~~~~~~~~~^^^^^^^^^^^^^
urllib3.exceptions.ProtocolError: ('Connection aborted.', ConnectionResetError(54, 'Connection reset by peer'))

During handling of the above exception, another exception occurred:

Traceback (most recent call last):
  File "/Users/cyrus/Workspace/telegram-bot-bridge/venv/lib/python3.14/site-packages/telebot/__init__.py", line 957, in infinity_polling
    self.polling(non_stop=True, timeout=timeout, long_polling_timeout=long_polling_timeout,
    ~~~~~~~~~~~~^^^^^^^^^^^^^^^^^^^^^^^^^^^^^^^^^^^^^^^^^^^^^^^^^^^^^^^^^^^^^^^^^^^^^^^^^^^
                 logger_level=logger_level, allowed_updates=allowed_updates, restart_on_change=False,
                 ^^^^^^^^^^^^^^^^^^^^^^^^^^^^^^^^^^^^^^^^^^^^^^^^^^^^^^^^^^^^^^^^^^^^^^^^^^^^^^^^^^^^
                 *args, **kwargs)
                 ^^^^^^^^^^^^^^^^
  File "/Users/cyrus/Workspace/telegram-bot-bridge/venv/lib/python3.14/site-packages/telebot/__init__.py", line 1045, in polling
    self.__threaded_polling(non_stop=non_stop, interval=interval, timeout=timeout, long_polling_timeout=long_polling_timeout,
    ~~~~~~~~~~~~~~~~~~~~~~~^^^^^^^^^^^^^^^^^^^^^^^^^^^^^^^^^^^^^^^^^^^^^^^^^^^^^^^^^^^^^^^^^^^^^^^^^^^^^^^^^^^^^^^^^^^^^^^^^^
                            logger_level=logger_level, allowed_updates=allowed_updates)
                            ^^^^^^^^^^^^^^^^^^^^^^^^^^^^^^^^^^^^^^^^^^^^^^^^^^^^^^^^^^^
  File "/Users/cyrus/Workspace/telegram-bot-bridge/venv/lib/python3.14/site-packages/telebot/__init__.py", line 1120, in __threaded_polling
    raise e
  File "/Users/cyrus/Workspace/telegram-bot-bridge/venv/lib/python3.14/site-packages/telebot/__init__.py", line 1081, in __threaded_polling
    polling_thread.raise_exceptions()
    ~~~~~~~~~~~~~~~~~~~~~~~~~~~~~~~^^
  File "/Users/cyrus/Workspace/telegram-bot-bridge/venv/lib/python3.14/site-packages/telebot/util.py", line 108, in raise_exceptions
    raise self.exception_info
  File "/Users/cyrus/Workspace/telegram-bot-bridge/venv/lib/python3.14/site-packages/telebot/util.py", line 90, in run
    task(*args, **kwargs)
    ~~~~^^^^^^^^^^^^^^^^^
  File "/Users/cyrus/Workspace/telegram-bot-bridge/venv/lib/python3.14/site-packages/telebot/__init__.py", line 651, in __retrieve_updates
    updates = self.get_updates(offset=(self.last_update_id + 1),
                               allowed_updates=allowed_updates,
                               timeout=timeout, long_polling_timeout=long_polling_timeout)
  File "/Users/cyrus/Workspace/telegram-bot-bridge/venv/lib/python3.14/site-packages/telebot/__init__.py", line 625, in get_updates
    json_updates = apihelper.get_updates(self.token, offset, limit, timeout, allowed_updates, long_polling_timeout)
  File "/Users/cyrus/Workspace/telegram-bot-bridge/venv/lib/python3.14/site-packages/telebot/apihelper.py", line 323, in get_updates
    return _make_request(token, method_url, params=payload)
  File "/Users/cyrus/Workspace/telegram-bot-bridge/venv/lib/python3.14/site-packages/telebot/apihelper.py", line 158, in _make_request
    result = _get_req_session().request(
        method, request_url, params=params, files=files,
        timeout=(connect_timeout, read_timeout), proxies=proxy)
  File "/Users/cyrus/Workspace/telegram-bot-bridge/venv/lib/python3.14/site-packages/requests/sessions.py", line 589, in request
    resp = self.send(prep, **send_kwargs)
  File "/Users/cyrus/Workspace/telegram-bot-bridge/venv/lib/python3.14/site-packages/requests/sessions.py", line 703, in send
    r = adapter.send(request, **kwargs)
  File "/Users/cyrus/Workspace/telegram-bot-bridge/venv/lib/python3.14/site-packages/requests/adapters.py", line 659, in send
    raise ConnectionError(err, request=request)
requests.exceptions.ConnectionError: ('Connection aborted.', ConnectionResetError(54, 'Connection reset by peer'))
"
2026-05-01 23:38:16,459 (__init__.py:962 MainThread) ERROR - TeleBot: "Infinity polling exception: ('Connection aborted.', ConnectionResetError(54, 'Connection reset by peer'))"
2026-05-01 23:38:16,465 (__init__.py:964 MainThread) ERROR - TeleBot: "Exception traceback:
Traceback (most recent call last):
  File "/Users/cyrus/Workspace/telegram-bot-bridge/venv/lib/python3.14/site-packages/urllib3/connectionpool.py", line 787, in urlopen
    response = self._make_request(
        conn,
    ...<10 lines>...
        **response_kw,
    )
  File "/Users/cyrus/Workspace/telegram-bot-bridge/venv/lib/python3.14/site-packages/urllib3/connectionpool.py", line 534, in _make_request
    response = conn.getresponse()
  File "/Users/cyrus/Workspace/telegram-bot-bridge/venv/lib/python3.14/site-packages/urllib3/connection.py", line 571, in getresponse
    httplib_response = super().getresponse()
  File "/opt/homebrew/Cellar/python@3.14/3.14.2_1/Frameworks/Python.framework/Versions/3.14/lib/python3.14/http/client.py", line 1450, in getresponse
    response.begin()
    ~~~~~~~~~~~~~~^^
  File "/opt/homebrew/Cellar/python@3.14/3.14.2_1/Frameworks/Python.framework/Versions/3.14/lib/python3.14/http/client.py", line 336, in begin
    version, status, reason = self._read_status()
                              ~~~~~~~~~~~~~~~~~^^
  File "/opt/homebrew/Cellar/python@3.14/3.14.2_1/Frameworks/Python.framework/Versions/3.14/lib/python3.14/http/client.py", line 297, in _read_status
    line = str(self.fp.readline(_MAXLINE + 1), "iso-8859-1")
               ~~~~~~~~~~~~~~~~^^^^^^^^^^^^^^
  File "/opt/homebrew/Cellar/python@3.14/3.14.2_1/Frameworks/Python.framework/Versions/3.14/lib/python3.14/socket.py", line 725, in readinto
    return self._sock.recv_into(b)
           ~~~~~~~~~~~~~~~~~~~~^^^
  File "/opt/homebrew/Cellar/python@3.14/3.14.2_1/Frameworks/Python.framework/Versions/3.14/lib/python3.14/ssl.py", line 1304, in recv_into
    return self.read(nbytes, buffer)
           ~~~~~~~~~^^^^^^^^^^^^^^^^
  File "/opt/homebrew/Cellar/python@3.14/3.14.2_1/Frameworks/Python.framework/Versions/3.14/lib/python3.14/ssl.py", line 1138, in read
    return self._sslobj.read(len, buffer)
           ~~~~~~~~~~~~~~~~~^^^^^^^^^^^^^
ConnectionResetError: [Errno 54] Connection reset by peer

During handling of the above exception, another exception occurred:

Traceback (most recent call last):
  File "/Users/cyrus/Workspace/telegram-bot-bridge/venv/lib/python3.14/site-packages/requests/adapters.py", line 644, in send
    resp = conn.urlopen(
        method=request.method,
    ...<9 lines>...
        chunked=chunked,
    )
  File "/Users/cyrus/Workspace/telegram-bot-bridge/venv/lib/python3.14/site-packages/urllib3/connectionpool.py", line 841, in urlopen
    retries = retries.increment(
        method, url, error=new_e, _pool=self, _stacktrace=sys.exc_info()[2]
    )
  File "/Users/cyrus/Workspace/telegram-bot-bridge/venv/lib/python3.14/site-packages/urllib3/util/retry.py", line 490, in increment
    raise reraise(type(error), error, _stacktrace)
          ~~~~~~~^^^^^^^^^^^^^^^^^^^^^^^^^^^^^^^^^
  File "/Users/cyrus/Workspace/telegram-bot-bridge/venv/lib/python3.14/site-packages/urllib3/util/util.py", line 38, in reraise
    raise value.with_traceback(tb)
  File "/Users/cyrus/Workspace/telegram-bot-bridge/venv/lib/python3.14/site-packages/urllib3/connectionpool.py", line 787, in urlopen
    response = self._make_request(
        conn,
    ...<10 lines>...
        **response_kw,
    )
  File "/Users/cyrus/Workspace/telegram-bot-bridge/venv/lib/python3.14/site-packages/urllib3/connectionpool.py", line 534, in _make_request
    response = conn.getresponse()
  File "/Users/cyrus/Workspace/telegram-bot-bridge/venv/lib/python3.14/site-packages/urllib3/connection.py", line 571, in getresponse
    httplib_response = super().getresponse()
  File "/opt/homebrew/Cellar/python@3.14/3.14.2_1/Frameworks/Python.framework/Versions/3.14/lib/python3.14/http/client.py", line 1450, in getresponse
    response.begin()
    ~~~~~~~~~~~~~~^^
  File "/opt/homebrew/Cellar/python@3.14/3.14.2_1/Frameworks/Python.framework/Versions/3.14/lib/python3.14/http/client.py", line 336, in begin
    version, status, reason = self._read_status()
                              ~~~~~~~~~~~~~~~~~^^
  File "/opt/homebrew/Cellar/python@3.14/3.14.2_1/Frameworks/Python.framework/Versions/3.14/lib/python3.14/http/client.py", line 297, in _read_status
    line = str(self.fp.readline(_MAXLINE + 1), "iso-8859-1")
               ~~~~~~~~~~~~~~~~^^^^^^^^^^^^^^
  File "/opt/homebrew/Cellar/python@3.14/3.14.2_1/Frameworks/Python.framework/Versions/3.14/lib/python3.14/socket.py", line 725, in readinto
    return self._sock.recv_into(b)
           ~~~~~~~~~~~~~~~~~~~~^^^
  File "/opt/homebrew/Cellar/python@3.14/3.14.2_1/Frameworks/Python.framework/Versions/3.14/lib/python3.14/ssl.py", line 1304, in recv_into
    return self.read(nbytes, buffer)
           ~~~~~~~~~^^^^^^^^^^^^^^^^
  File "/opt/homebrew/Cellar/python@3.14/3.14.2_1/Frameworks/Python.framework/Versions/3.14/lib/python3.14/ssl.py", line 1138, in read
    return self._sslobj.read(len, buffer)
           ~~~~~~~~~~~~~~~~~^^^^^^^^^^^^^
urllib3.exceptions.ProtocolError: ('Connection aborted.', ConnectionResetError(54, 'Connection reset by peer'))

During handling of the above exception, another exception occurred:

Traceback (most recent call last):
  File "/Users/cyrus/Workspace/telegram-bot-bridge/venv/lib/python3.14/site-packages/telebot/__init__.py", line 957, in infinity_polling
    self.polling(non_stop=True, timeout=timeout, long_polling_timeout=long_polling_timeout,
    ~~~~~~~~~~~~^^^^^^^^^^^^^^^^^^^^^^^^^^^^^^^^^^^^^^^^^^^^^^^^^^^^^^^^^^^^^^^^^^^^^^^^^^^
                 logger_level=logger_level, allowed_updates=allowed_updates, restart_on_change=False,
                 ^^^^^^^^^^^^^^^^^^^^^^^^^^^^^^^^^^^^^^^^^^^^^^^^^^^^^^^^^^^^^^^^^^^^^^^^^^^^^^^^^^^^
                 *args, **kwargs)
                 ^^^^^^^^^^^^^^^^
  File "/Users/cyrus/Workspace/telegram-bot-bridge/venv/lib/python3.14/site-packages/telebot/__init__.py", line 1045, in polling
    self.__threaded_polling(non_stop=non_stop, interval=interval, timeout=timeout, long_polling_timeout=long_polling_timeout,
    ~~~~~~~~~~~~~~~~~~~~~~~^^^^^^^^^^^^^^^^^^^^^^^^^^^^^^^^^^^^^^^^^^^^^^^^^^^^^^^^^^^^^^^^^^^^^^^^^^^^^^^^^^^^^^^^^^^^^^^^^^
                            logger_level=logger_level, allowed_updates=allowed_updates)
                            ^^^^^^^^^^^^^^^^^^^^^^^^^^^^^^^^^^^^^^^^^^^^^^^^^^^^^^^^^^^
  File "/Users/cyrus/Workspace/telegram-bot-bridge/venv/lib/python3.14/site-packages/telebot/__init__.py", line 1120, in __threaded_polling
    raise e
  File "/Users/cyrus/Workspace/telegram-bot-bridge/venv/lib/python3.14/site-packages/telebot/__init__.py", line 1081, in __threaded_polling
    polling_thread.raise_exceptions()
    ~~~~~~~~~~~~~~~~~~~~~~~~~~~~~~~^^
  File "/Users/cyrus/Workspace/telegram-bot-bridge/venv/lib/python3.14/site-packages/telebot/util.py", line 108, in raise_exceptions
    raise self.exception_info
  File "/Users/cyrus/Workspace/telegram-bot-bridge/venv/lib/python3.14/site-packages/telebot/util.py", line 90, in run
    task(*args, **kwargs)
    ~~~~^^^^^^^^^^^^^^^^^
  File "/Users/cyrus/Workspace/telegram-bot-bridge/venv/lib/python3.14/site-packages/telebot/__init__.py", line 651, in __retrieve_updates
    updates = self.get_updates(offset=(self.last_update_id + 1),
                               allowed_updates=allowed_updates,
                               timeout=timeout, long_polling_timeout=long_polling_timeout)
  File "/Users/cyrus/Workspace/telegram-bot-bridge/venv/lib/python3.14/site-packages/telebot/__init__.py", line 625, in get_updates
    json_updates = apihelper.get_updates(self.token, offset, limit, timeout, allowed_updates, long_polling_timeout)
  File "/Users/cyrus/Workspace/telegram-bot-bridge/venv/lib/python3.14/site-packages/telebot/apihelper.py", line 323, in get_updates
    return _make_request(token, method_url, params=payload)
  File "/Users/cyrus/Workspace/telegram-bot-bridge/venv/lib/python3.14/site-packages/telebot/apihelper.py", line 158, in _make_request
    result = _get_req_session().request(
        method, request_url, params=params, files=files,
        timeout=(connect_timeout, read_timeout), proxies=proxy)
  File "/Users/cyrus/Workspace/telegram-bot-bridge/venv/lib/python3.14/site-packages/requests/sessions.py", line 589, in request
    resp = self.send(prep, **send_kwargs)
  File "/Users/cyrus/Workspace/telegram-bot-bridge/venv/lib/python3.14/site-packages/requests/sessions.py", line 703, in send
    r = adapter.send(request, **kwargs)
  File "/Users/cyrus/Workspace/telegram-bot-bridge/venv/lib/python3.14/site-packages/requests/adapters.py", line 659, in send
    raise ConnectionError(err, request=request)
requests.exceptions.ConnectionError: ('Connection aborted.', ConnectionResetError(54, 'Connection reset by peer'))
"
2026-05-02 09:32:15,153 (__init__.py:962 MainThread) ERROR - TeleBot: "Infinity polling exception: ('Connection aborted.', ConnectionResetError(54, 'Connection reset by peer'))"
2026-05-02 09:32:15,160 (__init__.py:964 MainThread) ERROR - TeleBot: "Exception traceback:
Traceback (most recent call last):
  File "/Users/cyrus/Workspace/telegram-bot-bridge/venv/lib/python3.14/site-packages/urllib3/connectionpool.py", line 787, in urlopen
    response = self._make_request(
        conn,
    ...<10 lines>...
        **response_kw,
    )
  File "/Users/cyrus/Workspace/telegram-bot-bridge/venv/lib/python3.14/site-packages/urllib3/connectionpool.py", line 534, in _make_request
    response = conn.getresponse()
  File "/Users/cyrus/Workspace/telegram-bot-bridge/venv/lib/python3.14/site-packages/urllib3/connection.py", line 571, in getresponse
    httplib_response = super().getresponse()
  File "/opt/homebrew/Cellar/python@3.14/3.14.2_1/Frameworks/Python.framework/Versions/3.14/lib/python3.14/http/client.py", line 1450, in getresponse
    response.begin()
    ~~~~~~~~~~~~~~^^
  File "/opt/homebrew/Cellar/python@3.14/3.14.2_1/Frameworks/Python.framework/Versions/3.14/lib/python3.14/http/client.py", line 336, in begin
    version, status, reason = self._read_status()
                              ~~~~~~~~~~~~~~~~~^^
  File "/opt/homebrew/Cellar/python@3.14/3.14.2_1/Frameworks/Python.framework/Versions/3.14/lib/python3.14/http/client.py", line 297, in _read_status
    line = str(self.fp.readline(_MAXLINE + 1), "iso-8859-1")
               ~~~~~~~~~~~~~~~~^^^^^^^^^^^^^^
  File "/opt/homebrew/Cellar/python@3.14/3.14.2_1/Frameworks/Python.framework/Versions/3.14/lib/python3.14/socket.py", line 725, in readinto
    return self._sock.recv_into(b)
           ~~~~~~~~~~~~~~~~~~~~^^^
  File "/opt/homebrew/Cellar/python@3.14/3.14.2_1/Frameworks/Python.framework/Versions/3.14/lib/python3.14/ssl.py", line 1304, in recv_into
    return self.read(nbytes, buffer)
           ~~~~~~~~~^^^^^^^^^^^^^^^^
  File "/opt/homebrew/Cellar/python@3.14/3.14.2_1/Frameworks/Python.framework/Versions/3.14/lib/python3.14/ssl.py", line 1138, in read
    return self._sslobj.read(len, buffer)
           ~~~~~~~~~~~~~~~~~^^^^^^^^^^^^^
ConnectionResetError: [Errno 54] Connection reset by peer

During handling of the above exception, another exception occurred:

Traceback (most recent call last):
  File "/Users/cyrus/Workspace/telegram-bot-bridge/venv/lib/python3.14/site-packages/requests/adapters.py", line 644, in send
    resp = conn.urlopen(
        method=request.method,
    ...<9 lines>...
        chunked=chunked,
    )
  File "/Users/cyrus/Workspace/telegram-bot-bridge/venv/lib/python3.14/site-packages/urllib3/connectionpool.py", line 841, in urlopen
    retries = retries.increment(
        method, url, error=new_e, _pool=self, _stacktrace=sys.exc_info()[2]
    )
  File "/Users/cyrus/Workspace/telegram-bot-bridge/venv/lib/python3.14/site-packages/urllib3/util/retry.py", line 490, in increment
    raise reraise(type(error), error, _stacktrace)
          ~~~~~~~^^^^^^^^^^^^^^^^^^^^^^^^^^^^^^^^^
  File "/Users/cyrus/Workspace/telegram-bot-bridge/venv/lib/python3.14/site-packages/urllib3/util/util.py", line 38, in reraise
    raise value.with_traceback(tb)
  File "/Users/cyrus/Workspace/telegram-bot-bridge/venv/lib/python3.14/site-packages/urllib3/connectionpool.py", line 787, in urlopen
    response = self._make_request(
        conn,
    ...<10 lines>...
        **response_kw,
    )
  File "/Users/cyrus/Workspace/telegram-bot-bridge/venv/lib/python3.14/site-packages/urllib3/connectionpool.py", line 534, in _make_request
    response = conn.getresponse()
  File "/Users/cyrus/Workspace/telegram-bot-bridge/venv/lib/python3.14/site-packages/urllib3/connection.py", line 571, in getresponse
    httplib_response = super().getresponse()
  File "/opt/homebrew/Cellar/python@3.14/3.14.2_1/Frameworks/Python.framework/Versions/3.14/lib/python3.14/http/client.py", line 1450, in getresponse
    response.begin()
    ~~~~~~~~~~~~~~^^
  File "/opt/homebrew/Cellar/python@3.14/3.14.2_1/Frameworks/Python.framework/Versions/3.14/lib/python3.14/http/client.py", line 336, in begin
    version, status, reason = self._read_status()
                              ~~~~~~~~~~~~~~~~~^^
  File "/opt/homebrew/Cellar/python@3.14/3.14.2_1/Frameworks/Python.framework/Versions/3.14/lib/python3.14/http/client.py", line 297, in _read_status
    line = str(self.fp.readline(_MAXLINE + 1), "iso-8859-1")
               ~~~~~~~~~~~~~~~~^^^^^^^^^^^^^^
  File "/opt/homebrew/Cellar/python@3.14/3.14.2_1/Frameworks/Python.framework/Versions/3.14/lib/python3.14/socket.py", line 725, in readinto
    return self._sock.recv_into(b)
           ~~~~~~~~~~~~~~~~~~~~^^^
  File "/opt/homebrew/Cellar/python@3.14/3.14.2_1/Frameworks/Python.framework/Versions/3.14/lib/python3.14/ssl.py", line 1304, in recv_into
    return self.read(nbytes, buffer)
           ~~~~~~~~~^^^^^^^^^^^^^^^^
  File "/opt/homebrew/Cellar/python@3.14/3.14.2_1/Frameworks/Python.framework/Versions/3.14/lib/python3.14/ssl.py", line 1138, in read
    return self._sslobj.read(len, buffer)
           ~~~~~~~~~~~~~~~~~^^^^^^^^^^^^^
urllib3.exceptions.ProtocolError: ('Connection aborted.', ConnectionResetError(54, 'Connection reset by peer'))

During handling of the above exception, another exception occurred:

Traceback (most recent call last):
  File "/Users/cyrus/Workspace/telegram-bot-bridge/venv/lib/python3.14/site-packages/telebot/__init__.py", line 957, in infinity_polling
    self.polling(non_stop=True, timeout=timeout, long_polling_timeout=long_polling_timeout,
    ~~~~~~~~~~~~^^^^^^^^^^^^^^^^^^^^^^^^^^^^^^^^^^^^^^^^^^^^^^^^^^^^^^^^^^^^^^^^^^^^^^^^^^^
                 logger_level=logger_level, allowed_updates=allowed_updates, restart_on_change=False,
                 ^^^^^^^^^^^^^^^^^^^^^^^^^^^^^^^^^^^^^^^^^^^^^^^^^^^^^^^^^^^^^^^^^^^^^^^^^^^^^^^^^^^^
                 *args, **kwargs)
                 ^^^^^^^^^^^^^^^^
  File "/Users/cyrus/Workspace/telegram-bot-bridge/venv/lib/python3.14/site-packages/telebot/__init__.py", line 1045, in polling
    self.__threaded_polling(non_stop=non_stop, interval=interval, timeout=timeout, long_polling_timeout=long_polling_timeout,
    ~~~~~~~~~~~~~~~~~~~~~~~^^^^^^^^^^^^^^^^^^^^^^^^^^^^^^^^^^^^^^^^^^^^^^^^^^^^^^^^^^^^^^^^^^^^^^^^^^^^^^^^^^^^^^^^^^^^^^^^^^
                            logger_level=logger_level, allowed_updates=allowed_updates)
                            ^^^^^^^^^^^^^^^^^^^^^^^^^^^^^^^^^^^^^^^^^^^^^^^^^^^^^^^^^^^
  File "/Users/cyrus/Workspace/telegram-bot-bridge/venv/lib/python3.14/site-packages/telebot/__init__.py", line 1120, in __threaded_polling
    raise e
  File "/Users/cyrus/Workspace/telegram-bot-bridge/venv/lib/python3.14/site-packages/telebot/__init__.py", line 1081, in __threaded_polling
    polling_thread.raise_exceptions()
    ~~~~~~~~~~~~~~~~~~~~~~~~~~~~~~~^^
  File "/Users/cyrus/Workspace/telegram-bot-bridge/venv/lib/python3.14/site-packages/telebot/util.py", line 108, in raise_exceptions
    raise self.exception_info
  File "/Users/cyrus/Workspace/telegram-bot-bridge/venv/lib/python3.14/site-packages/telebot/util.py", line 90, in run
    task(*args, **kwargs)
    ~~~~^^^^^^^^^^^^^^^^^
  File "/Users/cyrus/Workspace/telegram-bot-bridge/venv/lib/python3.14/site-packages/telebot/__init__.py", line 651, in __retrieve_updates
    updates = self.get_updates(offset=(self.last_update_id + 1),
                               allowed_updates=allowed_updates,
                               timeout=timeout, long_polling_timeout=long_polling_timeout)
  File "/Users/cyrus/Workspace/telegram-bot-bridge/venv/lib/python3.14/site-packages/telebot/__init__.py", line 625, in get_updates
    json_updates = apihelper.get_updates(self.token, offset, limit, timeout, allowed_updates, long_polling_timeout)
  File "/Users/cyrus/Workspace/telegram-bot-bridge/venv/lib/python3.14/site-packages/telebot/apihelper.py", line 323, in get_updates
    return _make_request(token, method_url, params=payload)
  File "/Users/cyrus/Workspace/telegram-bot-bridge/venv/lib/python3.14/site-packages/telebot/apihelper.py", line 158, in _make_request
    result = _get_req_session().request(
        method, request_url, params=params, files=files,
        timeout=(connect_timeout, read_timeout), proxies=proxy)
  File "/Users/cyrus/Workspace/telegram-bot-bridge/venv/lib/python3.14/site-packages/requests/sessions.py", line 589, in request
    resp = self.send(prep, **send_kwargs)
  File "/Users/cyrus/Workspace/telegram-bot-bridge/venv/lib/python3.14/site-packages/requests/sessions.py", line 703, in send
    r = adapter.send(request, **kwargs)
  File "/Users/cyrus/Workspace/telegram-bot-bridge/venv/lib/python3.14/site-packages/requests/adapters.py", line 659, in send
    raise ConnectionError(err, request=request)
requests.exceptions.ConnectionError: ('Connection aborted.', ConnectionResetError(54, 'Connection reset by peer'))
"
2026-05-02 22:04:00,174 (__init__.py:962 MainThread) ERROR - TeleBot: "Infinity polling exception: ('Connection aborted.', ConnectionResetError(54, 'Connection reset by peer'))"
2026-05-02 22:04:00,180 (__init__.py:964 MainThread) ERROR - TeleBot: "Exception traceback:
Traceback (most recent call last):
  File "/Users/cyrus/Workspace/telegram-bot-bridge/venv/lib/python3.14/site-packages/urllib3/connectionpool.py", line 787, in urlopen
    response = self._make_request(
        conn,
    ...<10 lines>...
        **response_kw,
    )
  File "/Users/cyrus/Workspace/telegram-bot-bridge/venv/lib/python3.14/site-packages/urllib3/connectionpool.py", line 534, in _make_request
    response = conn.getresponse()
  File "/Users/cyrus/Workspace/telegram-bot-bridge/venv/lib/python3.14/site-packages/urllib3/connection.py", line 571, in getresponse
    httplib_response = super().getresponse()
  File "/opt/homebrew/Cellar/python@3.14/3.14.2_1/Frameworks/Python.framework/Versions/3.14/lib/python3.14/http/client.py", line 1450, in getresponse
    response.begin()
    ~~~~~~~~~~~~~~^^
  File "/opt/homebrew/Cellar/python@3.14/3.14.2_1/Frameworks/Python.framework/Versions/3.14/lib/python3.14/http/client.py", line 336, in begin
    version, status, reason = self._read_status()
                              ~~~~~~~~~~~~~~~~~^^
  File "/opt/homebrew/Cellar/python@3.14/3.14.2_1/Frameworks/Python.framework/Versions/3.14/lib/python3.14/http/client.py", line 297, in _read_status
    line = str(self.fp.readline(_MAXLINE + 1), "iso-8859-1")
               ~~~~~~~~~~~~~~~~^^^^^^^^^^^^^^
  File "/opt/homebrew/Cellar/python@3.14/3.14.2_1/Frameworks/Python.framework/Versions/3.14/lib/python3.14/socket.py", line 725, in readinto
    return self._sock.recv_into(b)
           ~~~~~~~~~~~~~~~~~~~~^^^
  File "/opt/homebrew/Cellar/python@3.14/3.14.2_1/Frameworks/Python.framework/Versions/3.14/lib/python3.14/ssl.py", line 1304, in recv_into
    return self.read(nbytes, buffer)
           ~~~~~~~~~^^^^^^^^^^^^^^^^
  File "/opt/homebrew/Cellar/python@3.14/3.14.2_1/Frameworks/Python.framework/Versions/3.14/lib/python3.14/ssl.py", line 1138, in read
    return self._sslobj.read(len, buffer)
           ~~~~~~~~~~~~~~~~~^^^^^^^^^^^^^
ConnectionResetError: [Errno 54] Connection reset by peer

During handling of the above exception, another exception occurred:

Traceback (most recent call last):
  File "/Users/cyrus/Workspace/telegram-bot-bridge/venv/lib/python3.14/site-packages/requests/adapters.py", line 644, in send
    resp = conn.urlopen(
        method=request.method,
    ...<9 lines>...
        chunked=chunked,
    )
  File "/Users/cyrus/Workspace/telegram-bot-bridge/venv/lib/python3.14/site-packages/urllib3/connectionpool.py", line 841, in urlopen
    retries = retries.increment(
        method, url, error=new_e, _pool=self, _stacktrace=sys.exc_info()[2]
    )
  File "/Users/cyrus/Workspace/telegram-bot-bridge/venv/lib/python3.14/site-packages/urllib3/util/retry.py", line 490, in increment
    raise reraise(type(error), error, _stacktrace)
          ~~~~~~~^^^^^^^^^^^^^^^^^^^^^^^^^^^^^^^^^
  File "/Users/cyrus/Workspace/telegram-bot-bridge/venv/lib/python3.14/site-packages/urllib3/util/util.py", line 38, in reraise
    raise value.with_traceback(tb)
  File "/Users/cyrus/Workspace/telegram-bot-bridge/venv/lib/python3.14/site-packages/urllib3/connectionpool.py", line 787, in urlopen
    response = self._make_request(
        conn,
    ...<10 lines>...
        **response_kw,
    )
  File "/Users/cyrus/Workspace/telegram-bot-bridge/venv/lib/python3.14/site-packages/urllib3/connectionpool.py", line 534, in _make_request
    response = conn.getresponse()
  File "/Users/cyrus/Workspace/telegram-bot-bridge/venv/lib/python3.14/site-packages/urllib3/connection.py", line 571, in getresponse
    httplib_response = super().getresponse()
  File "/opt/homebrew/Cellar/python@3.14/3.14.2_1/Frameworks/Python.framework/Versions/3.14/lib/python3.14/http/client.py", line 1450, in getresponse
    response.begin()
    ~~~~~~~~~~~~~~^^
  File "/opt/homebrew/Cellar/python@3.14/3.14.2_1/Frameworks/Python.framework/Versions/3.14/lib/python3.14/http/client.py", line 336, in begin
    version, status, reason = self._read_status()
                              ~~~~~~~~~~~~~~~~~^^
  File "/opt/homebrew/Cellar/python@3.14/3.14.2_1/Frameworks/Python.framework/Versions/3.14/lib/python3.14/http/client.py", line 297, in _read_status
    line = str(self.fp.readline(_MAXLINE + 1), "iso-8859-1")
               ~~~~~~~~~~~~~~~~^^^^^^^^^^^^^^
  File "/opt/homebrew/Cellar/python@3.14/3.14.2_1/Frameworks/Python.framework/Versions/3.14/lib/python3.14/socket.py", line 725, in readinto
    return self._sock.recv_into(b)
           ~~~~~~~~~~~~~~~~~~~~^^^
  File "/opt/homebrew/Cellar/python@3.14/3.14.2_1/Frameworks/Python.framework/Versions/3.14/lib/python3.14/ssl.py", line 1304, in recv_into
    return self.read(nbytes, buffer)
           ~~~~~~~~~^^^^^^^^^^^^^^^^
  File "/opt/homebrew/Cellar/python@3.14/3.14.2_1/Frameworks/Python.framework/Versions/3.14/lib/python3.14/ssl.py", line 1138, in read
    return self._sslobj.read(len, buffer)
           ~~~~~~~~~~~~~~~~~^^^^^^^^^^^^^
urllib3.exceptions.ProtocolError: ('Connection aborted.', ConnectionResetError(54, 'Connection reset by peer'))

During handling of the above exception, another exception occurred:

Traceback (most recent call last):
  File "/Users/cyrus/Workspace/telegram-bot-bridge/venv/lib/python3.14/site-packages/telebot/__init__.py", line 957, in infinity_polling
    self.polling(non_stop=True, timeout=timeout, long_polling_timeout=long_polling_timeout,
    ~~~~~~~~~~~~^^^^^^^^^^^^^^^^^^^^^^^^^^^^^^^^^^^^^^^^^^^^^^^^^^^^^^^^^^^^^^^^^^^^^^^^^^^
                 logger_level=logger_level, allowed_updates=allowed_updates, restart_on_change=False,
                 ^^^^^^^^^^^^^^^^^^^^^^^^^^^^^^^^^^^^^^^^^^^^^^^^^^^^^^^^^^^^^^^^^^^^^^^^^^^^^^^^^^^^
                 *args, **kwargs)
                 ^^^^^^^^^^^^^^^^
  File "/Users/cyrus/Workspace/telegram-bot-bridge/venv/lib/python3.14/site-packages/telebot/__init__.py", line 1045, in polling
    self.__threaded_polling(non_stop=non_stop, interval=interval, timeout=timeout, long_polling_timeout=long_polling_timeout,
    ~~~~~~~~~~~~~~~~~~~~~~~^^^^^^^^^^^^^^^^^^^^^^^^^^^^^^^^^^^^^^^^^^^^^^^^^^^^^^^^^^^^^^^^^^^^^^^^^^^^^^^^^^^^^^^^^^^^^^^^^^
                            logger_level=logger_level, allowed_updates=allowed_updates)
                            ^^^^^^^^^^^^^^^^^^^^^^^^^^^^^^^^^^^^^^^^^^^^^^^^^^^^^^^^^^^
  File "/Users/cyrus/Workspace/telegram-bot-bridge/venv/lib/python3.14/site-packages/telebot/__init__.py", line 1120, in __threaded_polling
    raise e
  File "/Users/cyrus/Workspace/telegram-bot-bridge/venv/lib/python3.14/site-packages/telebot/__init__.py", line 1081, in __threaded_polling
    polling_thread.raise_exceptions()
    ~~~~~~~~~~~~~~~~~~~~~~~~~~~~~~~^^
  File "/Users/cyrus/Workspace/telegram-bot-bridge/venv/lib/python3.14/site-packages/telebot/util.py", line 108, in raise_exceptions
    raise self.exception_info
  File "/Users/cyrus/Workspace/telegram-bot-bridge/venv/lib/python3.14/site-packages/telebot/util.py", line 90, in run
    task(*args, **kwargs)
    ~~~~^^^^^^^^^^^^^^^^^
  File "/Users/cyrus/Workspace/telegram-bot-bridge/venv/lib/python3.14/site-packages/telebot/__init__.py", line 651, in __retrieve_updates
    updates = self.get_updates(offset=(self.last_update_id + 1),
                               allowed_updates=allowed_updates,
                               timeout=timeout, long_polling_timeout=long_polling_timeout)
  File "/Users/cyrus/Workspace/telegram-bot-bridge/venv/lib/python3.14/site-packages/telebot/__init__.py", line 625, in get_updates
    json_updates = apihelper.get_updates(self.token, offset, limit, timeout, allowed_updates, long_polling_timeout)
  File "/Users/cyrus/Workspace/telegram-bot-bridge/venv/lib/python3.14/site-packages/telebot/apihelper.py", line 323, in get_updates
    return _make_request(token, method_url, params=payload)
  File "/Users/cyrus/Workspace/telegram-bot-bridge/venv/lib/python3.14/site-packages/telebot/apihelper.py", line 158, in _make_request
    result = _get_req_session().request(
        method, request_url, params=params, files=files,
        timeout=(connect_timeout, read_timeout), proxies=proxy)
  File "/Users/cyrus/Workspace/telegram-bot-bridge/venv/lib/python3.14/site-packages/requests/sessions.py", line 589, in request
    resp = self.send(prep, **send_kwargs)
  File "/Users/cyrus/Workspace/telegram-bot-bridge/venv/lib/python3.14/site-packages/requests/sessions.py", line 703, in send
    r = adapter.send(request, **kwargs)
  File "/Users/cyrus/Workspace/telegram-bot-bridge/venv/lib/python3.14/site-packages/requests/adapters.py", line 659, in send
    raise ConnectionError(err, request=request)
requests.exceptions.ConnectionError: ('Connection aborted.', ConnectionResetError(54, 'Connection reset by peer'))
"
2026-05-03 04:36:31,265 (__init__.py:962 MainThread) ERROR - TeleBot: "Infinity polling exception: ('Connection aborted.', ConnectionResetError(54, 'Connection reset by peer'))"
2026-05-03 04:36:31,271 (__init__.py:964 MainThread) ERROR - TeleBot: "Exception traceback:
Traceback (most recent call last):
  File "/Users/cyrus/Workspace/telegram-bot-bridge/venv/lib/python3.14/site-packages/urllib3/connectionpool.py", line 787, in urlopen
    response = self._make_request(
        conn,
    ...<10 lines>...
        **response_kw,
    )
  File "/Users/cyrus/Workspace/telegram-bot-bridge/venv/lib/python3.14/site-packages/urllib3/connectionpool.py", line 534, in _make_request
    response = conn.getresponse()
  File "/Users/cyrus/Workspace/telegram-bot-bridge/venv/lib/python3.14/site-packages/urllib3/connection.py", line 571, in getresponse
    httplib_response = super().getresponse()
  File "/opt/homebrew/Cellar/python@3.14/3.14.2_1/Frameworks/Python.framework/Versions/3.14/lib/python3.14/http/client.py", line 1450, in getresponse
    response.begin()
    ~~~~~~~~~~~~~~^^
  File "/opt/homebrew/Cellar/python@3.14/3.14.2_1/Frameworks/Python.framework/Versions/3.14/lib/python3.14/http/client.py", line 336, in begin
    version, status, reason = self._read_status()
                              ~~~~~~~~~~~~~~~~~^^
  File "/opt/homebrew/Cellar/python@3.14/3.14.2_1/Frameworks/Python.framework/Versions/3.14/lib/python3.14/http/client.py", line 297, in _read_status
    line = str(self.fp.readline(_MAXLINE + 1), "iso-8859-1")
               ~~~~~~~~~~~~~~~~^^^^^^^^^^^^^^
  File "/opt/homebrew/Cellar/python@3.14/3.14.2_1/Frameworks/Python.framework/Versions/3.14/lib/python3.14/socket.py", line 725, in readinto
    return self._sock.recv_into(b)
           ~~~~~~~~~~~~~~~~~~~~^^^
  File "/opt/homebrew/Cellar/python@3.14/3.14.2_1/Frameworks/Python.framework/Versions/3.14/lib/python3.14/ssl.py", line 1304, in recv_into
    return self.read(nbytes, buffer)
           ~~~~~~~~~^^^^^^^^^^^^^^^^
  File "/opt/homebrew/Cellar/python@3.14/3.14.2_1/Frameworks/Python.framework/Versions/3.14/lib/python3.14/ssl.py", line 1138, in read
    return self._sslobj.read(len, buffer)
           ~~~~~~~~~~~~~~~~~^^^^^^^^^^^^^
ConnectionResetError: [Errno 54] Connection reset by peer

During handling of the above exception, another exception occurred:

Traceback (most recent call last):
  File "/Users/cyrus/Workspace/telegram-bot-bridge/venv/lib/python3.14/site-packages/requests/adapters.py", line 644, in send
    resp = conn.urlopen(
        method=request.method,
    ...<9 lines>...
        chunked=chunked,
    )
  File "/Users/cyrus/Workspace/telegram-bot-bridge/venv/lib/python3.14/site-packages/urllib3/connectionpool.py", line 841, in urlopen
    retries = retries.increment(
        method, url, error=new_e, _pool=self, _stacktrace=sys.exc_info()[2]
    )
  File "/Users/cyrus/Workspace/telegram-bot-bridge/venv/lib/python3.14/site-packages/urllib3/util/retry.py", line 490, in increment
    raise reraise(type(error), error, _stacktrace)
          ~~~~~~~^^^^^^^^^^^^^^^^^^^^^^^^^^^^^^^^^
  File "/Users/cyrus/Workspace/telegram-bot-bridge/venv/lib/python3.14/site-packages/urllib3/util/util.py", line 38, in reraise
    raise value.with_traceback(tb)
  File "/Users/cyrus/Workspace/telegram-bot-bridge/venv/lib/python3.14/site-packages/urllib3/connectionpool.py", line 787, in urlopen
    response = self._make_request(
        conn,
    ...<10 lines>...
        **response_kw,
    )
  File "/Users/cyrus/Workspace/telegram-bot-bridge/venv/lib/python3.14/site-packages/urllib3/connectionpool.py", line 534, in _make_request
    response = conn.getresponse()
  File "/Users/cyrus/Workspace/telegram-bot-bridge/venv/lib/python3.14/site-packages/urllib3/connection.py", line 571, in getresponse
    httplib_response = super().getresponse()
  File "/opt/homebrew/Cellar/python@3.14/3.14.2_1/Frameworks/Python.framework/Versions/3.14/lib/python3.14/http/client.py", line 1450, in getresponse
    response.begin()
    ~~~~~~~~~~~~~~^^
  File "/opt/homebrew/Cellar/python@3.14/3.14.2_1/Frameworks/Python.framework/Versions/3.14/lib/python3.14/http/client.py", line 336, in begin
    version, status, reason = self._read_status()
                              ~~~~~~~~~~~~~~~~~^^
  File "/opt/homebrew/Cellar/python@3.14/3.14.2_1/Frameworks/Python.framework/Versions/3.14/lib/python3.14/http/client.py", line 297, in _read_status
    line = str(self.fp.readline(_MAXLINE + 1), "iso-8859-1")
               ~~~~~~~~~~~~~~~~^^^^^^^^^^^^^^
  File "/opt/homebrew/Cellar/python@3.14/3.14.2_1/Frameworks/Python.framework/Versions/3.14/lib/python3.14/socket.py", line 725, in readinto
    return self._sock.recv_into(b)
           ~~~~~~~~~~~~~~~~~~~~^^^
  File "/opt/homebrew/Cellar/python@3.14/3.14.2_1/Frameworks/Python.framework/Versions/3.14/lib/python3.14/ssl.py", line 1304, in recv_into
    return self.read(nbytes, buffer)
           ~~~~~~~~~^^^^^^^^^^^^^^^^
  File "/opt/homebrew/Cellar/python@3.14/3.14.2_1/Frameworks/Python.framework/Versions/3.14/lib/python3.14/ssl.py", line 1138, in read
    return self._sslobj.read(len, buffer)
           ~~~~~~~~~~~~~~~~~^^^^^^^^^^^^^
urllib3.exceptions.ProtocolError: ('Connection aborted.', ConnectionResetError(54, 'Connection reset by peer'))

During handling of the above exception, another exception occurred:

Traceback (most recent call last):
  File "/Users/cyrus/Workspace/telegram-bot-bridge/venv/lib/python3.14/site-packages/telebot/__init__.py", line 957, in infinity_polling
    self.polling(non_stop=True, timeout=timeout, long_polling_timeout=long_polling_timeout,
    ~~~~~~~~~~~~^^^^^^^^^^^^^^^^^^^^^^^^^^^^^^^^^^^^^^^^^^^^^^^^^^^^^^^^^^^^^^^^^^^^^^^^^^^
                 logger_level=logger_level, allowed_updates=allowed_updates, restart_on_change=False,
                 ^^^^^^^^^^^^^^^^^^^^^^^^^^^^^^^^^^^^^^^^^^^^^^^^^^^^^^^^^^^^^^^^^^^^^^^^^^^^^^^^^^^^
                 *args, **kwargs)
                 ^^^^^^^^^^^^^^^^
  File "/Users/cyrus/Workspace/telegram-bot-bridge/venv/lib/python3.14/site-packages/telebot/__init__.py", line 1045, in polling
    self.__threaded_polling(non_stop=non_stop, interval=interval, timeout=timeout, long_polling_timeout=long_polling_timeout,
    ~~~~~~~~~~~~~~~~~~~~~~~^^^^^^^^^^^^^^^^^^^^^^^^^^^^^^^^^^^^^^^^^^^^^^^^^^^^^^^^^^^^^^^^^^^^^^^^^^^^^^^^^^^^^^^^^^^^^^^^^^
                            logger_level=logger_level, allowed_updates=allowed_updates)
                            ^^^^^^^^^^^^^^^^^^^^^^^^^^^^^^^^^^^^^^^^^^^^^^^^^^^^^^^^^^^
  File "/Users/cyrus/Workspace/telegram-bot-bridge/venv/lib/python3.14/site-packages/telebot/__init__.py", line 1120, in __threaded_polling
    raise e
  File "/Users/cyrus/Workspace/telegram-bot-bridge/venv/lib/python3.14/site-packages/telebot/__init__.py", line 1081, in __threaded_polling
    polling_thread.raise_exceptions()
    ~~~~~~~~~~~~~~~~~~~~~~~~~~~~~~~^^
  File "/Users/cyrus/Workspace/telegram-bot-bridge/venv/lib/python3.14/site-packages/telebot/util.py", line 108, in raise_exceptions
    raise self.exception_info
  File "/Users/cyrus/Workspace/telegram-bot-bridge/venv/lib/python3.14/site-packages/telebot/util.py", line 90, in run
    task(*args, **kwargs)
    ~~~~^^^^^^^^^^^^^^^^^
  File "/Users/cyrus/Workspace/telegram-bot-bridge/venv/lib/python3.14/site-packages/telebot/__init__.py", line 651, in __retrieve_updates
    updates = self.get_updates(offset=(self.last_update_id + 1),
                               allowed_updates=allowed_updates,
                               timeout=timeout, long_polling_timeout=long_polling_timeout)
  File "/Users/cyrus/Workspace/telegram-bot-bridge/venv/lib/python3.14/site-packages/telebot/__init__.py", line 625, in get_updates
    json_updates = apihelper.get_updates(self.token, offset, limit, timeout, allowed_updates, long_polling_timeout)
  File "/Users/cyrus/Workspace/telegram-bot-bridge/venv/lib/python3.14/site-packages/telebot/apihelper.py", line 323, in get_updates
    return _make_request(token, method_url, params=payload)
  File "/Users/cyrus/Workspace/telegram-bot-bridge/venv/lib/python3.14/site-packages/telebot/apihelper.py", line 158, in _make_request
    result = _get_req_session().request(
        method, request_url, params=params, files=files,
        timeout=(connect_timeout, read_timeout), proxies=proxy)
  File "/Users/cyrus/Workspace/telegram-bot-bridge/venv/lib/python3.14/site-packages/requests/sessions.py", line 589, in request
    resp = self.send(prep, **send_kwargs)
  File "/Users/cyrus/Workspace/telegram-bot-bridge/venv/lib/python3.14/site-packages/requests/sessions.py", line 703, in send
    r = adapter.send(request, **kwargs)
  File "/Users/cyrus/Workspace/telegram-bot-bridge/venv/lib/python3.14/site-packages/requests/adapters.py", line 659, in send
    raise ConnectionError(err, request=request)
requests.exceptions.ConnectionError: ('Connection aborted.', ConnectionResetError(54, 'Connection reset by peer'))
"
2026-05-04 06:11:43,524 (__init__.py:962 MainThread) ERROR - TeleBot: "Infinity polling exception: ('Connection aborted.', ConnectionResetError(54, 'Connection reset by peer'))"
2026-05-04 06:11:43,531 (__init__.py:964 MainThread) ERROR - TeleBot: "Exception traceback:
Traceback (most recent call last):
  File "/Users/cyrus/Workspace/telegram-bot-bridge/venv/lib/python3.14/site-packages/urllib3/connectionpool.py", line 787, in urlopen
    response = self._make_request(
        conn,
    ...<10 lines>...
        **response_kw,
    )
  File "/Users/cyrus/Workspace/telegram-bot-bridge/venv/lib/python3.14/site-packages/urllib3/connectionpool.py", line 534, in _make_request
    response = conn.getresponse()
  File "/Users/cyrus/Workspace/telegram-bot-bridge/venv/lib/python3.14/site-packages/urllib3/connection.py", line 571, in getresponse
    httplib_response = super().getresponse()
  File "/opt/homebrew/Cellar/python@3.14/3.14.2_1/Frameworks/Python.framework/Versions/3.14/lib/python3.14/http/client.py", line 1450, in getresponse
    response.begin()
    ~~~~~~~~~~~~~~^^
  File "/opt/homebrew/Cellar/python@3.14/3.14.2_1/Frameworks/Python.framework/Versions/3.14/lib/python3.14/http/client.py", line 336, in begin
    version, status, reason = self._read_status()
                              ~~~~~~~~~~~~~~~~~^^
  File "/opt/homebrew/Cellar/python@3.14/3.14.2_1/Frameworks/Python.framework/Versions/3.14/lib/python3.14/http/client.py", line 297, in _read_status
    line = str(self.fp.readline(_MAXLINE + 1), "iso-8859-1")
               ~~~~~~~~~~~~~~~~^^^^^^^^^^^^^^
  File "/opt/homebrew/Cellar/python@3.14/3.14.2_1/Frameworks/Python.framework/Versions/3.14/lib/python3.14/socket.py", line 725, in readinto
    return self._sock.recv_into(b)
           ~~~~~~~~~~~~~~~~~~~~^^^
  File "/opt/homebrew/Cellar/python@3.14/3.14.2_1/Frameworks/Python.framework/Versions/3.14/lib/python3.14/ssl.py", line 1304, in recv_into
    return self.read(nbytes, buffer)
           ~~~~~~~~~^^^^^^^^^^^^^^^^
  File "/opt/homebrew/Cellar/python@3.14/3.14.2_1/Frameworks/Python.framework/Versions/3.14/lib/python3.14/ssl.py", line 1138, in read
    return self._sslobj.read(len, buffer)
           ~~~~~~~~~~~~~~~~~^^^^^^^^^^^^^
ConnectionResetError: [Errno 54] Connection reset by peer

During handling of the above exception, another exception occurred:

Traceback (most recent call last):
  File "/Users/cyrus/Workspace/telegram-bot-bridge/venv/lib/python3.14/site-packages/requests/adapters.py", line 644, in send
    resp = conn.urlopen(
        method=request.method,
    ...<9 lines>...
        chunked=chunked,
    )
  File "/Users/cyrus/Workspace/telegram-bot-bridge/venv/lib/python3.14/site-packages/urllib3/connectionpool.py", line 841, in urlopen
    retries = retries.increment(
        method, url, error=new_e, _pool=self, _stacktrace=sys.exc_info()[2]
    )
  File "/Users/cyrus/Workspace/telegram-bot-bridge/venv/lib/python3.14/site-packages/urllib3/util/retry.py", line 490, in increment
    raise reraise(type(error), error, _stacktrace)
          ~~~~~~~^^^^^^^^^^^^^^^^^^^^^^^^^^^^^^^^^
  File "/Users/cyrus/Workspace/telegram-bot-bridge/venv/lib/python3.14/site-packages/urllib3/util/util.py", line 38, in reraise
    raise value.with_traceback(tb)
  File "/Users/cyrus/Workspace/telegram-bot-bridge/venv/lib/python3.14/site-packages/urllib3/connectionpool.py", line 787, in urlopen
    response = self._make_request(
        conn,
    ...<10 lines>...
        **response_kw,
    )
  File "/Users/cyrus/Workspace/telegram-bot-bridge/venv/lib/python3.14/site-packages/urllib3/connectionpool.py", line 534, in _make_request
    response = conn.getresponse()
  File "/Users/cyrus/Workspace/telegram-bot-bridge/venv/lib/python3.14/site-packages/urllib3/connection.py", line 571, in getresponse
    httplib_response = super().getresponse()
  File "/opt/homebrew/Cellar/python@3.14/3.14.2_1/Frameworks/Python.framework/Versions/3.14/lib/python3.14/http/client.py", line 1450, in getresponse
    response.begin()
    ~~~~~~~~~~~~~~^^
  File "/opt/homebrew/Cellar/python@3.14/3.14.2_1/Frameworks/Python.framework/Versions/3.14/lib/python3.14/http/client.py", line 336, in begin
    version, status, reason = self._read_status()
                              ~~~~~~~~~~~~~~~~~^^
  File "/opt/homebrew/Cellar/python@3.14/3.14.2_1/Frameworks/Python.framework/Versions/3.14/lib/python3.14/http/client.py", line 297, in _read_status
    line = str(self.fp.readline(_MAXLINE + 1), "iso-8859-1")
               ~~~~~~~~~~~~~~~~^^^^^^^^^^^^^^
  File "/opt/homebrew/Cellar/python@3.14/3.14.2_1/Frameworks/Python.framework/Versions/3.14/lib/python3.14/socket.py", line 725, in readinto
    return self._sock.recv_into(b)
           ~~~~~~~~~~~~~~~~~~~~^^^
  File "/opt/homebrew/Cellar/python@3.14/3.14.2_1/Frameworks/Python.framework/Versions/3.14/lib/python3.14/ssl.py", line 1304, in recv_into
    return self.read(nbytes, buffer)
           ~~~~~~~~~^^^^^^^^^^^^^^^^
  File "/opt/homebrew/Cellar/python@3.14/3.14.2_1/Frameworks/Python.framework/Versions/3.14/lib/python3.14/ssl.py", line 1138, in read
    return self._sslobj.read(len, buffer)
           ~~~~~~~~~~~~~~~~~^^^^^^^^^^^^^
urllib3.exceptions.ProtocolError: ('Connection aborted.', ConnectionResetError(54, 'Connection reset by peer'))

During handling of the above exception, another exception occurred:

Traceback (most recent call last):
  File "/Users/cyrus/Workspace/telegram-bot-bridge/venv/lib/python3.14/site-packages/telebot/__init__.py", line 957, in infinity_polling
    self.polling(non_stop=True, timeout=timeout, long_polling_timeout=long_polling_timeout,
    ~~~~~~~~~~~~^^^^^^^^^^^^^^^^^^^^^^^^^^^^^^^^^^^^^^^^^^^^^^^^^^^^^^^^^^^^^^^^^^^^^^^^^^^
                 logger_level=logger_level, allowed_updates=allowed_updates, restart_on_change=False,
                 ^^^^^^^^^^^^^^^^^^^^^^^^^^^^^^^^^^^^^^^^^^^^^^^^^^^^^^^^^^^^^^^^^^^^^^^^^^^^^^^^^^^^
                 *args, **kwargs)
                 ^^^^^^^^^^^^^^^^
  File "/Users/cyrus/Workspace/telegram-bot-bridge/venv/lib/python3.14/site-packages/telebot/__init__.py", line 1045, in polling
    self.__threaded_polling(non_stop=non_stop, interval=interval, timeout=timeout, long_polling_timeout=long_polling_timeout,
    ~~~~~~~~~~~~~~~~~~~~~~~^^^^^^^^^^^^^^^^^^^^^^^^^^^^^^^^^^^^^^^^^^^^^^^^^^^^^^^^^^^^^^^^^^^^^^^^^^^^^^^^^^^^^^^^^^^^^^^^^^
                            logger_level=logger_level, allowed_updates=allowed_updates)
                            ^^^^^^^^^^^^^^^^^^^^^^^^^^^^^^^^^^^^^^^^^^^^^^^^^^^^^^^^^^^
  File "/Users/cyrus/Workspace/telegram-bot-bridge/venv/lib/python3.14/site-packages/telebot/__init__.py", line 1120, in __threaded_polling
    raise e
  File "/Users/cyrus/Workspace/telegram-bot-bridge/venv/lib/python3.14/site-packages/telebot/__init__.py", line 1081, in __threaded_polling
    polling_thread.raise_exceptions()
    ~~~~~~~~~~~~~~~~~~~~~~~~~~~~~~~^^
  File "/Users/cyrus/Workspace/telegram-bot-bridge/venv/lib/python3.14/site-packages/telebot/util.py", line 108, in raise_exceptions
    raise self.exception_info
  File "/Users/cyrus/Workspace/telegram-bot-bridge/venv/lib/python3.14/site-packages/telebot/util.py", line 90, in run
    task(*args, **kwargs)
    ~~~~^^^^^^^^^^^^^^^^^
  File "/Users/cyrus/Workspace/telegram-bot-bridge/venv/lib/python3.14/site-packages/telebot/__init__.py", line 651, in __retrieve_updates
    updates = self.get_updates(offset=(self.last_update_id + 1),
                               allowed_updates=allowed_updates,
                               timeout=timeout, long_polling_timeout=long_polling_timeout)
  File "/Users/cyrus/Workspace/telegram-bot-bridge/venv/lib/python3.14/site-packages/telebot/__init__.py", line 625, in get_updates
    json_updates = apihelper.get_updates(self.token, offset, limit, timeout, allowed_updates, long_polling_timeout)
  File "/Users/cyrus/Workspace/telegram-bot-bridge/venv/lib/python3.14/site-packages/telebot/apihelper.py", line 323, in get_updates
    return _make_request(token, method_url, params=payload)
  File "/Users/cyrus/Workspace/telegram-bot-bridge/venv/lib/python3.14/site-packages/telebot/apihelper.py", line 158, in _make_request
    result = _get_req_session().request(
        method, request_url, params=params, files=files,
        timeout=(connect_timeout, read_timeout), proxies=proxy)
  File "/Users/cyrus/Workspace/telegram-bot-bridge/venv/lib/python3.14/site-packages/requests/sessions.py", line 589, in request
    resp = self.send(prep, **send_kwargs)
  File "/Users/cyrus/Workspace/telegram-bot-bridge/venv/lib/python3.14/site-packages/requests/sessions.py", line 703, in send
    r = adapter.send(request, **kwargs)
  File "/Users/cyrus/Workspace/telegram-bot-bridge/venv/lib/python3.14/site-packages/requests/adapters.py", line 659, in send
    raise ConnectionError(err, request=request)
requests.exceptions.ConnectionError: ('Connection aborted.', ConnectionResetError(54, 'Connection reset by peer'))
"
2026-05-04 09:10:40,612 (__init__.py:1088 MainThread) ERROR - TeleBot: "Threaded polling exception: A request to the Telegram API was unsuccessful. Error code: 429. Description: Too Many Requests: retry after 5"
2026-05-04 09:10:40,615 (__init__.py:1090 MainThread) ERROR - TeleBot: "Exception traceback:
Traceback (most recent call last):
  File "/Users/cyrus/Workspace/telegram-bot-bridge/venv/lib/python3.14/site-packages/telebot/__init__.py", line 1081, in __threaded_polling
    polling_thread.raise_exceptions()
    ~~~~~~~~~~~~~~~~~~~~~~~~~~~~~~~^^
  File "/Users/cyrus/Workspace/telegram-bot-bridge/venv/lib/python3.14/site-packages/telebot/util.py", line 108, in raise_exceptions
    raise self.exception_info
  File "/Users/cyrus/Workspace/telegram-bot-bridge/venv/lib/python3.14/site-packages/telebot/util.py", line 90, in run
    task(*args, **kwargs)
    ~~~~^^^^^^^^^^^^^^^^^
  File "/Users/cyrus/Workspace/telegram-bot-bridge/venv/lib/python3.14/site-packages/telebot/__init__.py", line 651, in __retrieve_updates
    updates = self.get_updates(offset=(self.last_update_id + 1),
                               allowed_updates=allowed_updates,
                               timeout=timeout, long_polling_timeout=long_polling_timeout)
  File "/Users/cyrus/Workspace/telegram-bot-bridge/venv/lib/python3.14/site-packages/telebot/__init__.py", line 625, in get_updates
    json_updates = apihelper.get_updates(self.token, offset, limit, timeout, allowed_updates, long_polling_timeout)
  File "/Users/cyrus/Workspace/telegram-bot-bridge/venv/lib/python3.14/site-packages/telebot/apihelper.py", line 323, in get_updates
    return _make_request(token, method_url, params=payload)
  File "/Users/cyrus/Workspace/telegram-bot-bridge/venv/lib/python3.14/site-packages/telebot/apihelper.py", line 164, in _make_request
    json_result = _check_result(method_name, result)
  File "/Users/cyrus/Workspace/telegram-bot-bridge/venv/lib/python3.14/site-packages/telebot/apihelper.py", line 191, in _check_result
    raise ApiTelegramException(method_name, result, result_json)
telebot.apihelper.ApiTelegramException: A request to the Telegram API was unsuccessful. Error code: 429. Description: Too Many Requests: retry after 5
"
2026-05-04 09:10:44,167 (__init__.py:1088 MainThread) ERROR - TeleBot: "Threaded polling exception: A request to the Telegram API was unsuccessful. Error code: 502. Description: Bad Gateway"
2026-05-04 09:10:44,167 (__init__.py:1090 MainThread) ERROR - TeleBot: "Exception traceback:
Traceback (most recent call last):
  File "/Users/cyrus/Workspace/telegram-bot-bridge/venv/lib/python3.14/site-packages/telebot/__init__.py", line 1081, in __threaded_polling
    polling_thread.raise_exceptions()
    ~~~~~~~~~~~~~~~~~~~~~~~~~~~~~~~^^
  File "/Users/cyrus/Workspace/telegram-bot-bridge/venv/lib/python3.14/site-packages/telebot/util.py", line 108, in raise_exceptions
    raise self.exception_info
  File "/Users/cyrus/Workspace/telegram-bot-bridge/venv/lib/python3.14/site-packages/telebot/util.py", line 90, in run
    task(*args, **kwargs)
    ~~~~^^^^^^^^^^^^^^^^^
  File "/Users/cyrus/Workspace/telegram-bot-bridge/venv/lib/python3.14/site-packages/telebot/__init__.py", line 651, in __retrieve_updates
    updates = self.get_updates(offset=(self.last_update_id + 1),
                               allowed_updates=allowed_updates,
                               timeout=timeout, long_polling_timeout=long_polling_timeout)
  File "/Users/cyrus/Workspace/telegram-bot-bridge/venv/lib/python3.14/site-packages/telebot/__init__.py", line 625, in get_updates
    json_updates = apihelper.get_updates(self.token, offset, limit, timeout, allowed_updates, long_polling_timeout)
  File "/Users/cyrus/Workspace/telegram-bot-bridge/venv/lib/python3.14/site-packages/telebot/apihelper.py", line 323, in get_updates
    return _make_request(token, method_url, params=payload)
  File "/Users/cyrus/Workspace/telegram-bot-bridge/venv/lib/python3.14/site-packages/telebot/apihelper.py", line 164, in _make_request
    json_result = _check_result(method_name, result)
  File "/Users/cyrus/Workspace/telegram-bot-bridge/venv/lib/python3.14/site-packages/telebot/apihelper.py", line 191, in _check_result
    raise ApiTelegramException(method_name, result, result_json)
telebot.apihelper.ApiTelegramException: A request to the Telegram API was unsuccessful. Error code: 502. Description: Bad Gateway
"
2026-05-04 09:11:17,682 (__init__.py:962 MainThread) ERROR - TeleBot: "Infinity polling exception: HTTPSConnectionPool(host='api.telegram.org', port=443): Read timed out. (read timeout=30)"
2026-05-04 09:11:17,687 (__init__.py:964 MainThread) ERROR - TeleBot: "Exception traceback:
Traceback (most recent call last):
  File "/Users/cyrus/Workspace/telegram-bot-bridge/venv/lib/python3.14/site-packages/urllib3/connectionpool.py", line 534, in _make_request
    response = conn.getresponse()
  File "/Users/cyrus/Workspace/telegram-bot-bridge/venv/lib/python3.14/site-packages/urllib3/connection.py", line 571, in getresponse
    httplib_response = super().getresponse()
  File "/opt/homebrew/Cellar/python@3.14/3.14.2_1/Frameworks/Python.framework/Versions/3.14/lib/python3.14/http/client.py", line 1450, in getresponse
    response.begin()
    ~~~~~~~~~~~~~~^^
  File "/opt/homebrew/Cellar/python@3.14/3.14.2_1/Frameworks/Python.framework/Versions/3.14/lib/python3.14/http/client.py", line 336, in begin
    version, status, reason = self._read_status()
                              ~~~~~~~~~~~~~~~~~^^
  File "/opt/homebrew/Cellar/python@3.14/3.14.2_1/Frameworks/Python.framework/Versions/3.14/lib/python3.14/http/client.py", line 297, in _read_status
    line = str(self.fp.readline(_MAXLINE + 1), "iso-8859-1")
               ~~~~~~~~~~~~~~~~^^^^^^^^^^^^^^
  File "/opt/homebrew/Cellar/python@3.14/3.14.2_1/Frameworks/Python.framework/Versions/3.14/lib/python3.14/socket.py", line 725, in readinto
    return self._sock.recv_into(b)
           ~~~~~~~~~~~~~~~~~~~~^^^
  File "/opt/homebrew/Cellar/python@3.14/3.14.2_1/Frameworks/Python.framework/Versions/3.14/lib/python3.14/ssl.py", line 1304, in recv_into
    return self.read(nbytes, buffer)
           ~~~~~~~~~^^^^^^^^^^^^^^^^
  File "/opt/homebrew/Cellar/python@3.14/3.14.2_1/Frameworks/Python.framework/Versions/3.14/lib/python3.14/ssl.py", line 1138, in read
    return self._sslobj.read(len, buffer)
           ~~~~~~~~~~~~~~~~~^^^^^^^^^^^^^
TimeoutError: The read operation timed out

The above exception was the direct cause of the following exception:

Traceback (most recent call last):
  File "/Users/cyrus/Workspace/telegram-bot-bridge/venv/lib/python3.14/site-packages/requests/adapters.py", line 644, in send
    resp = conn.urlopen(
        method=request.method,
    ...<9 lines>...
        chunked=chunked,
    )
  File "/Users/cyrus/Workspace/telegram-bot-bridge/venv/lib/python3.14/site-packages/urllib3/connectionpool.py", line 841, in urlopen
    retries = retries.increment(
        method, url, error=new_e, _pool=self, _stacktrace=sys.exc_info()[2]
    )
  File "/Users/cyrus/Workspace/telegram-bot-bridge/venv/lib/python3.14/site-packages/urllib3/util/retry.py", line 490, in increment
    raise reraise(type(error), error, _stacktrace)
          ~~~~~~~^^^^^^^^^^^^^^^^^^^^^^^^^^^^^^^^^
  File "/Users/cyrus/Workspace/telegram-bot-bridge/venv/lib/python3.14/site-packages/urllib3/util/util.py", line 39, in reraise
    raise value
  File "/Users/cyrus/Workspace/telegram-bot-bridge/venv/lib/python3.14/site-packages/urllib3/connectionpool.py", line 787, in urlopen
    response = self._make_request(
        conn,
    ...<10 lines>...
        **response_kw,
    )
  File "/Users/cyrus/Workspace/telegram-bot-bridge/venv/lib/python3.14/site-packages/urllib3/connectionpool.py", line 536, in _make_request
    self._raise_timeout(err=e, url=url, timeout_value=read_timeout)
    ~~~~~~~~~~~~~~~~~~~^^^^^^^^^^^^^^^^^^^^^^^^^^^^^^^^^^^^^^^^^^^^
  File "/Users/cyrus/Workspace/telegram-bot-bridge/venv/lib/python3.14/site-packages/urllib3/connectionpool.py", line 367, in _raise_timeout
    raise ReadTimeoutError(
        self, url, f"Read timed out. (read timeout={timeout_value})"
    ) from err
urllib3.exceptions.ReadTimeoutError: HTTPSConnectionPool(host='api.telegram.org', port=443): Read timed out. (read timeout=30)

During handling of the above exception, another exception occurred:

Traceback (most recent call last):
  File "/Users/cyrus/Workspace/telegram-bot-bridge/venv/lib/python3.14/site-packages/telebot/__init__.py", line 957, in infinity_polling
    self.polling(non_stop=True, timeout=timeout, long_polling_timeout=long_polling_timeout,
    ~~~~~~~~~~~~^^^^^^^^^^^^^^^^^^^^^^^^^^^^^^^^^^^^^^^^^^^^^^^^^^^^^^^^^^^^^^^^^^^^^^^^^^^
                 logger_level=logger_level, allowed_updates=allowed_updates, restart_on_change=False,
                 ^^^^^^^^^^^^^^^^^^^^^^^^^^^^^^^^^^^^^^^^^^^^^^^^^^^^^^^^^^^^^^^^^^^^^^^^^^^^^^^^^^^^
                 *args, **kwargs)
                 ^^^^^^^^^^^^^^^^
  File "/Users/cyrus/Workspace/telegram-bot-bridge/venv/lib/python3.14/site-packages/telebot/__init__.py", line 1045, in polling
    self.__threaded_polling(non_stop=non_stop, interval=interval, timeout=timeout, long_polling_timeout=long_polling_timeout,
    ~~~~~~~~~~~~~~~~~~~~~~~^^^^^^^^^^^^^^^^^^^^^^^^^^^^^^^^^^^^^^^^^^^^^^^^^^^^^^^^^^^^^^^^^^^^^^^^^^^^^^^^^^^^^^^^^^^^^^^^^^
                            logger_level=logger_level, allowed_updates=allowed_updates)
                            ^^^^^^^^^^^^^^^^^^^^^^^^^^^^^^^^^^^^^^^^^^^^^^^^^^^^^^^^^^^
  File "/Users/cyrus/Workspace/telegram-bot-bridge/venv/lib/python3.14/site-packages/telebot/__init__.py", line 1120, in __threaded_polling
    raise e
  File "/Users/cyrus/Workspace/telegram-bot-bridge/venv/lib/python3.14/site-packages/telebot/__init__.py", line 1081, in __threaded_polling
    polling_thread.raise_exceptions()
    ~~~~~~~~~~~~~~~~~~~~~~~~~~~~~~~^^
  File "/Users/cyrus/Workspace/telegram-bot-bridge/venv/lib/python3.14/site-packages/telebot/util.py", line 108, in raise_exceptions
    raise self.exception_info
  File "/Users/cyrus/Workspace/telegram-bot-bridge/venv/lib/python3.14/site-packages/telebot/util.py", line 90, in run
    task(*args, **kwargs)
    ~~~~^^^^^^^^^^^^^^^^^
  File "/Users/cyrus/Workspace/telegram-bot-bridge/venv/lib/python3.14/site-packages/telebot/__init__.py", line 651, in __retrieve_updates
    updates = self.get_updates(offset=(self.last_update_id + 1),
                               allowed_updates=allowed_updates,
                               timeout=timeout, long_polling_timeout=long_polling_timeout)
  File "/Users/cyrus/Workspace/telegram-bot-bridge/venv/lib/python3.14/site-packages/telebot/__init__.py", line 625, in get_updates
    json_updates = apihelper.get_updates(self.token, offset, limit, timeout, allowed_updates, long_polling_timeout)
  File "/Users/cyrus/Workspace/telegram-bot-bridge/venv/lib/python3.14/site-packages/telebot/apihelper.py", line 323, in get_updates
    return _make_request(token, method_url, params=payload)
  File "/Users/cyrus/Workspace/telegram-bot-bridge/venv/lib/python3.14/site-packages/telebot/apihelper.py", line 158, in _make_request
    result = _get_req_session().request(
        method, request_url, params=params, files=files,
        timeout=(connect_timeout, read_timeout), proxies=proxy)
  File "/Users/cyrus/Workspace/telegram-bot-bridge/venv/lib/python3.14/site-packages/requests/sessions.py", line 589, in request
    resp = self.send(prep, **send_kwargs)
  File "/Users/cyrus/Workspace/telegram-bot-bridge/venv/lib/python3.14/site-packages/requests/sessions.py", line 703, in send
    r = adapter.send(request, **kwargs)
  File "/Users/cyrus/Workspace/telegram-bot-bridge/venv/lib/python3.14/site-packages/requests/adapters.py", line 690, in send
    raise ReadTimeout(e, request=request)
requests.exceptions.ReadTimeout: HTTPSConnectionPool(host='api.telegram.org', port=443): Read timed out. (read timeout=30)
"
2026-05-05 02:24:51,931 (__init__.py:962 MainThread) ERROR - TeleBot: "Infinity polling exception: ('Connection aborted.', ConnectionResetError(54, 'Connection reset by peer'))"
2026-05-05 02:24:51,936 (__init__.py:964 MainThread) ERROR - TeleBot: "Exception traceback:
Traceback (most recent call last):
  File "/Users/cyrus/Workspace/telegram-bot-bridge/venv/lib/python3.14/site-packages/urllib3/connectionpool.py", line 787, in urlopen
    response = self._make_request(
        conn,
    ...<10 lines>...
        **response_kw,
    )
  File "/Users/cyrus/Workspace/telegram-bot-bridge/venv/lib/python3.14/site-packages/urllib3/connectionpool.py", line 534, in _make_request
    response = conn.getresponse()
  File "/Users/cyrus/Workspace/telegram-bot-bridge/venv/lib/python3.14/site-packages/urllib3/connection.py", line 571, in getresponse
    httplib_response = super().getresponse()
  File "/opt/homebrew/Cellar/python@3.14/3.14.2_1/Frameworks/Python.framework/Versions/3.14/lib/python3.14/http/client.py", line 1450, in getresponse
    response.begin()
    ~~~~~~~~~~~~~~^^
  File "/opt/homebrew/Cellar/python@3.14/3.14.2_1/Frameworks/Python.framework/Versions/3.14/lib/python3.14/http/client.py", line 336, in begin
    version, status, reason = self._read_status()
                              ~~~~~~~~~~~~~~~~~^^
  File "/opt/homebrew/Cellar/python@3.14/3.14.2_1/Frameworks/Python.framework/Versions/3.14/lib/python3.14/http/client.py", line 297, in _read_status
    line = str(self.fp.readline(_MAXLINE + 1), "iso-8859-1")
               ~~~~~~~~~~~~~~~~^^^^^^^^^^^^^^
  File "/opt/homebrew/Cellar/python@3.14/3.14.2_1/Frameworks/Python.framework/Versions/3.14/lib/python3.14/socket.py", line 725, in readinto
    return self._sock.recv_into(b)
           ~~~~~~~~~~~~~~~~~~~~^^^
  File "/opt/homebrew/Cellar/python@3.14/3.14.2_1/Frameworks/Python.framework/Versions/3.14/lib/python3.14/ssl.py", line 1304, in recv_into
    return self.read(nbytes, buffer)
           ~~~~~~~~~^^^^^^^^^^^^^^^^
  File "/opt/homebrew/Cellar/python@3.14/3.14.2_1/Frameworks/Python.framework/Versions/3.14/lib/python3.14/ssl.py", line 1138, in read
    return self._sslobj.read(len, buffer)
           ~~~~~~~~~~~~~~~~~^^^^^^^^^^^^^
ConnectionResetError: [Errno 54] Connection reset by peer

During handling of the above exception, another exception occurred:

Traceback (most recent call last):
  File "/Users/cyrus/Workspace/telegram-bot-bridge/venv/lib/python3.14/site-packages/requests/adapters.py", line 644, in send
    resp = conn.urlopen(
        method=request.method,
    ...<9 lines>...
        chunked=chunked,
    )
  File "/Users/cyrus/Workspace/telegram-bot-bridge/venv/lib/python3.14/site-packages/urllib3/connectionpool.py", line 841, in urlopen
    retries = retries.increment(
        method, url, error=new_e, _pool=self, _stacktrace=sys.exc_info()[2]
    )
  File "/Users/cyrus/Workspace/telegram-bot-bridge/venv/lib/python3.14/site-packages/urllib3/util/retry.py", line 490, in increment
    raise reraise(type(error), error, _stacktrace)
          ~~~~~~~^^^^^^^^^^^^^^^^^^^^^^^^^^^^^^^^^
  File "/Users/cyrus/Workspace/telegram-bot-bridge/venv/lib/python3.14/site-packages/urllib3/util/util.py", line 38, in reraise
    raise value.with_traceback(tb)
  File "/Users/cyrus/Workspace/telegram-bot-bridge/venv/lib/python3.14/site-packages/urllib3/connectionpool.py", line 787, in urlopen
    response = self._make_request(
        conn,
    ...<10 lines>...
        **response_kw,
    )
  File "/Users/cyrus/Workspace/telegram-bot-bridge/venv/lib/python3.14/site-packages/urllib3/connectionpool.py", line 534, in _make_request
    response = conn.getresponse()
  File "/Users/cyrus/Workspace/telegram-bot-bridge/venv/lib/python3.14/site-packages/urllib3/connection.py", line 571, in getresponse
    httplib_response = super().getresponse()
  File "/opt/homebrew/Cellar/python@3.14/3.14.2_1/Frameworks/Python.framework/Versions/3.14/lib/python3.14/http/client.py", line 1450, in getresponse
    response.begin()
    ~~~~~~~~~~~~~~^^
  File "/opt/homebrew/Cellar/python@3.14/3.14.2_1/Frameworks/Python.framework/Versions/3.14/lib/python3.14/http/client.py", line 336, in begin
    version, status, reason = self._read_status()
                              ~~~~~~~~~~~~~~~~~^^
  File "/opt/homebrew/Cellar/python@3.14/3.14.2_1/Frameworks/Python.framework/Versions/3.14/lib/python3.14/http/client.py", line 297, in _read_status
    line = str(self.fp.readline(_MAXLINE + 1), "iso-8859-1")
               ~~~~~~~~~~~~~~~~^^^^^^^^^^^^^^
  File "/opt/homebrew/Cellar/python@3.14/3.14.2_1/Frameworks/Python.framework/Versions/3.14/lib/python3.14/socket.py", line 725, in readinto
    return self._sock.recv_into(b)
           ~~~~~~~~~~~~~~~~~~~~^^^
  File "/opt/homebrew/Cellar/python@3.14/3.14.2_1/Frameworks/Python.framework/Versions/3.14/lib/python3.14/ssl.py", line 1304, in recv_into
    return self.read(nbytes, buffer)
           ~~~~~~~~~^^^^^^^^^^^^^^^^
  File "/opt/homebrew/Cellar/python@3.14/3.14.2_1/Frameworks/Python.framework/Versions/3.14/lib/python3.14/ssl.py", line 1138, in read
    return self._sslobj.read(len, buffer)
           ~~~~~~~~~~~~~~~~~^^^^^^^^^^^^^
urllib3.exceptions.ProtocolError: ('Connection aborted.', ConnectionResetError(54, 'Connection reset by peer'))

During handling of the above exception, another exception occurred:

Traceback (most recent call last):
  File "/Users/cyrus/Workspace/telegram-bot-bridge/venv/lib/python3.14/site-packages/telebot/__init__.py", line 957, in infinity_polling
    self.polling(non_stop=True, timeout=timeout, long_polling_timeout=long_polling_timeout,
    ~~~~~~~~~~~~^^^^^^^^^^^^^^^^^^^^^^^^^^^^^^^^^^^^^^^^^^^^^^^^^^^^^^^^^^^^^^^^^^^^^^^^^^^
                 logger_level=logger_level, allowed_updates=allowed_updates, restart_on_change=False,
                 ^^^^^^^^^^^^^^^^^^^^^^^^^^^^^^^^^^^^^^^^^^^^^^^^^^^^^^^^^^^^^^^^^^^^^^^^^^^^^^^^^^^^
                 *args, **kwargs)
                 ^^^^^^^^^^^^^^^^
  File "/Users/cyrus/Workspace/telegram-bot-bridge/venv/lib/python3.14/site-packages/telebot/__init__.py", line 1045, in polling
    self.__threaded_polling(non_stop=non_stop, interval=interval, timeout=timeout, long_polling_timeout=long_polling_timeout,
    ~~~~~~~~~~~~~~~~~~~~~~~^^^^^^^^^^^^^^^^^^^^^^^^^^^^^^^^^^^^^^^^^^^^^^^^^^^^^^^^^^^^^^^^^^^^^^^^^^^^^^^^^^^^^^^^^^^^^^^^^^
                            logger_level=logger_level, allowed_updates=allowed_updates)
                            ^^^^^^^^^^^^^^^^^^^^^^^^^^^^^^^^^^^^^^^^^^^^^^^^^^^^^^^^^^^
  File "/Users/cyrus/Workspace/telegram-bot-bridge/venv/lib/python3.14/site-packages/telebot/__init__.py", line 1120, in __threaded_polling
    raise e
  File "/Users/cyrus/Workspace/telegram-bot-bridge/venv/lib/python3.14/site-packages/telebot/__init__.py", line 1081, in __threaded_polling
    polling_thread.raise_exceptions()
    ~~~~~~~~~~~~~~~~~~~~~~~~~~~~~~~^^
  File "/Users/cyrus/Workspace/telegram-bot-bridge/venv/lib/python3.14/site-packages/telebot/util.py", line 108, in raise_exceptions
    raise self.exception_info
  File "/Users/cyrus/Workspace/telegram-bot-bridge/venv/lib/python3.14/site-packages/telebot/util.py", line 90, in run
    task(*args, **kwargs)
    ~~~~^^^^^^^^^^^^^^^^^
  File "/Users/cyrus/Workspace/telegram-bot-bridge/venv/lib/python3.14/site-packages/telebot/__init__.py", line 651, in __retrieve_updates
    updates = self.get_updates(offset=(self.last_update_id + 1),
                               allowed_updates=allowed_updates,
                               timeout=timeout, long_polling_timeout=long_polling_timeout)
  File "/Users/cyrus/Workspace/telegram-bot-bridge/venv/lib/python3.14/site-packages/telebot/__init__.py", line 625, in get_updates
    json_updates = apihelper.get_updates(self.token, offset, limit, timeout, allowed_updates, long_polling_timeout)
  File "/Users/cyrus/Workspace/telegram-bot-bridge/venv/lib/python3.14/site-packages/telebot/apihelper.py", line 323, in get_updates
    return _make_request(token, method_url, params=payload)
  File "/Users/cyrus/Workspace/telegram-bot-bridge/venv/lib/python3.14/site-packages/telebot/apihelper.py", line 158, in _make_request
    result = _get_req_session().request(
        method, request_url, params=params, files=files,
        timeout=(connect_timeout, read_timeout), proxies=proxy)
  File "/Users/cyrus/Workspace/telegram-bot-bridge/venv/lib/python3.14/site-packages/requests/sessions.py", line 589, in request
    resp = self.send(prep, **send_kwargs)
  File "/Users/cyrus/Workspace/telegram-bot-bridge/venv/lib/python3.14/site-packages/requests/sessions.py", line 703, in send
    r = adapter.send(request, **kwargs)
  File "/Users/cyrus/Workspace/telegram-bot-bridge/venv/lib/python3.14/site-packages/requests/adapters.py", line 659, in send
    raise ConnectionError(err, request=request)
requests.exceptions.ConnectionError: ('Connection aborted.', ConnectionResetError(54, 'Connection reset by peer'))
"
2026-05-05 19:14:39,340 (__init__.py:962 MainThread) ERROR - TeleBot: "Infinity polling exception: ('Connection aborted.', ConnectionResetError(54, 'Connection reset by peer'))"
2026-05-05 19:14:39,346 (__init__.py:964 MainThread) ERROR - TeleBot: "Exception traceback:
Traceback (most recent call last):
  File "/Users/cyrus/Workspace/telegram-bot-bridge/venv/lib/python3.14/site-packages/urllib3/connectionpool.py", line 787, in urlopen
    response = self._make_request(
        conn,
    ...<10 lines>...
        **response_kw,
    )
  File "/Users/cyrus/Workspace/telegram-bot-bridge/venv/lib/python3.14/site-packages/urllib3/connectionpool.py", line 534, in _make_request
    response = conn.getresponse()
  File "/Users/cyrus/Workspace/telegram-bot-bridge/venv/lib/python3.14/site-packages/urllib3/connection.py", line 571, in getresponse
    httplib_response = super().getresponse()
  File "/opt/homebrew/Cellar/python@3.14/3.14.2_1/Frameworks/Python.framework/Versions/3.14/lib/python3.14/http/client.py", line 1450, in getresponse
    response.begin()
    ~~~~~~~~~~~~~~^^
  File "/opt/homebrew/Cellar/python@3.14/3.14.2_1/Frameworks/Python.framework/Versions/3.14/lib/python3.14/http/client.py", line 336, in begin
    version, status, reason = self._read_status()
                              ~~~~~~~~~~~~~~~~~^^
  File "/opt/homebrew/Cellar/python@3.14/3.14.2_1/Frameworks/Python.framework/Versions/3.14/lib/python3.14/http/client.py", line 297, in _read_status
    line = str(self.fp.readline(_MAXLINE + 1), "iso-8859-1")
               ~~~~~~~~~~~~~~~~^^^^^^^^^^^^^^
  File "/opt/homebrew/Cellar/python@3.14/3.14.2_1/Frameworks/Python.framework/Versions/3.14/lib/python3.14/socket.py", line 725, in readinto
    return self._sock.recv_into(b)
           ~~~~~~~~~~~~~~~~~~~~^^^
  File "/opt/homebrew/Cellar/python@3.14/3.14.2_1/Frameworks/Python.framework/Versions/3.14/lib/python3.14/ssl.py", line 1304, in recv_into
    return self.read(nbytes, buffer)
           ~~~~~~~~~^^^^^^^^^^^^^^^^
  File "/opt/homebrew/Cellar/python@3.14/3.14.2_1/Frameworks/Python.framework/Versions/3.14/lib/python3.14/ssl.py", line 1138, in read
    return self._sslobj.read(len, buffer)
           ~~~~~~~~~~~~~~~~~^^^^^^^^^^^^^
ConnectionResetError: [Errno 54] Connection reset by peer

During handling of the above exception, another exception occurred:

Traceback (most recent call last):
  File "/Users/cyrus/Workspace/telegram-bot-bridge/venv/lib/python3.14/site-packages/requests/adapters.py", line 644, in send
    resp = conn.urlopen(
        method=request.method,
    ...<9 lines>...
        chunked=chunked,
    )
  File "/Users/cyrus/Workspace/telegram-bot-bridge/venv/lib/python3.14/site-packages/urllib3/connectionpool.py", line 841, in urlopen
    retries = retries.increment(
        method, url, error=new_e, _pool=self, _stacktrace=sys.exc_info()[2]
    )
  File "/Users/cyrus/Workspace/telegram-bot-bridge/venv/lib/python3.14/site-packages/urllib3/util/retry.py", line 490, in increment
    raise reraise(type(error), error, _stacktrace)
          ~~~~~~~^^^^^^^^^^^^^^^^^^^^^^^^^^^^^^^^^
  File "/Users/cyrus/Workspace/telegram-bot-bridge/venv/lib/python3.14/site-packages/urllib3/util/util.py", line 38, in reraise
    raise value.with_traceback(tb)
  File "/Users/cyrus/Workspace/telegram-bot-bridge/venv/lib/python3.14/site-packages/urllib3/connectionpool.py", line 787, in urlopen
    response = self._make_request(
        conn,
    ...<10 lines>...
        **response_kw,
    )
  File "/Users/cyrus/Workspace/telegram-bot-bridge/venv/lib/python3.14/site-packages/urllib3/connectionpool.py", line 534, in _make_request
    response = conn.getresponse()
  File "/Users/cyrus/Workspace/telegram-bot-bridge/venv/lib/python3.14/site-packages/urllib3/connection.py", line 571, in getresponse
    httplib_response = super().getresponse()
  File "/opt/homebrew/Cellar/python@3.14/3.14.2_1/Frameworks/Python.framework/Versions/3.14/lib/python3.14/http/client.py", line 1450, in getresponse
    response.begin()
    ~~~~~~~~~~~~~~^^
  File "/opt/homebrew/Cellar/python@3.14/3.14.2_1/Frameworks/Python.framework/Versions/3.14/lib/python3.14/http/client.py", line 336, in begin
    version, status, reason = self._read_status()
                              ~~~~~~~~~~~~~~~~~^^
  File "/opt/homebrew/Cellar/python@3.14/3.14.2_1/Frameworks/Python.framework/Versions/3.14/lib/python3.14/http/client.py", line 297, in _read_status
    line = str(self.fp.readline(_MAXLINE + 1), "iso-8859-1")
               ~~~~~~~~~~~~~~~~^^^^^^^^^^^^^^
  File "/opt/homebrew/Cellar/python@3.14/3.14.2_1/Frameworks/Python.framework/Versions/3.14/lib/python3.14/socket.py", line 725, in readinto
    return self._sock.recv_into(b)
           ~~~~~~~~~~~~~~~~~~~~^^^
  File "/opt/homebrew/Cellar/python@3.14/3.14.2_1/Frameworks/Python.framework/Versions/3.14/lib/python3.14/ssl.py", line 1304, in recv_into
    return self.read(nbytes, buffer)
           ~~~~~~~~~^^^^^^^^^^^^^^^^
  File "/opt/homebrew/Cellar/python@3.14/3.14.2_1/Frameworks/Python.framework/Versions/3.14/lib/python3.14/ssl.py", line 1138, in read
    return self._sslobj.read(len, buffer)
           ~~~~~~~~~~~~~~~~~^^^^^^^^^^^^^
urllib3.exceptions.ProtocolError: ('Connection aborted.', ConnectionResetError(54, 'Connection reset by peer'))

During handling of the above exception, another exception occurred:

Traceback (most recent call last):
  File "/Users/cyrus/Workspace/telegram-bot-bridge/venv/lib/python3.14/site-packages/telebot/__init__.py", line 957, in infinity_polling
    self.polling(non_stop=True, timeout=timeout, long_polling_timeout=long_polling_timeout,
    ~~~~~~~~~~~~^^^^^^^^^^^^^^^^^^^^^^^^^^^^^^^^^^^^^^^^^^^^^^^^^^^^^^^^^^^^^^^^^^^^^^^^^^^
                 logger_level=logger_level, allowed_updates=allowed_updates, restart_on_change=False,
                 ^^^^^^^^^^^^^^^^^^^^^^^^^^^^^^^^^^^^^^^^^^^^^^^^^^^^^^^^^^^^^^^^^^^^^^^^^^^^^^^^^^^^
                 *args, **kwargs)
                 ^^^^^^^^^^^^^^^^
  File "/Users/cyrus/Workspace/telegram-bot-bridge/venv/lib/python3.14/site-packages/telebot/__init__.py", line 1045, in polling
    self.__threaded_polling(non_stop=non_stop, interval=interval, timeout=timeout, long_polling_timeout=long_polling_timeout,
    ~~~~~~~~~~~~~~~~~~~~~~~^^^^^^^^^^^^^^^^^^^^^^^^^^^^^^^^^^^^^^^^^^^^^^^^^^^^^^^^^^^^^^^^^^^^^^^^^^^^^^^^^^^^^^^^^^^^^^^^^^
                            logger_level=logger_level, allowed_updates=allowed_updates)
                            ^^^^^^^^^^^^^^^^^^^^^^^^^^^^^^^^^^^^^^^^^^^^^^^^^^^^^^^^^^^
  File "/Users/cyrus/Workspace/telegram-bot-bridge/venv/lib/python3.14/site-packages/telebot/__init__.py", line 1120, in __threaded_polling
    raise e
  File "/Users/cyrus/Workspace/telegram-bot-bridge/venv/lib/python3.14/site-packages/telebot/__init__.py", line 1081, in __threaded_polling
    polling_thread.raise_exceptions()
    ~~~~~~~~~~~~~~~~~~~~~~~~~~~~~~~^^
  File "/Users/cyrus/Workspace/telegram-bot-bridge/venv/lib/python3.14/site-packages/telebot/util.py", line 108, in raise_exceptions
    raise self.exception_info
  File "/Users/cyrus/Workspace/telegram-bot-bridge/venv/lib/python3.14/site-packages/telebot/util.py", line 90, in run
    task(*args, **kwargs)
    ~~~~^^^^^^^^^^^^^^^^^
  File "/Users/cyrus/Workspace/telegram-bot-bridge/venv/lib/python3.14/site-packages/telebot/__init__.py", line 651, in __retrieve_updates
    updates = self.get_updates(offset=(self.last_update_id + 1),
                               allowed_updates=allowed_updates,
                               timeout=timeout, long_polling_timeout=long_polling_timeout)
  File "/Users/cyrus/Workspace/telegram-bot-bridge/venv/lib/python3.14/site-packages/telebot/__init__.py", line 625, in get_updates
    json_updates = apihelper.get_updates(self.token, offset, limit, timeout, allowed_updates, long_polling_timeout)
  File "/Users/cyrus/Workspace/telegram-bot-bridge/venv/lib/python3.14/site-packages/telebot/apihelper.py", line 323, in get_updates
    return _make_request(token, method_url, params=payload)
  File "/Users/cyrus/Workspace/telegram-bot-bridge/venv/lib/python3.14/site-packages/telebot/apihelper.py", line 158, in _make_request
    result = _get_req_session().request(
        method, request_url, params=params, files=files,
        timeout=(connect_timeout, read_timeout), proxies=proxy)
  File "/Users/cyrus/Workspace/telegram-bot-bridge/venv/lib/python3.14/site-packages/requests/sessions.py", line 589, in request
    resp = self.send(prep, **send_kwargs)
  File "/Users/cyrus/Workspace/telegram-bot-bridge/venv/lib/python3.14/site-packages/requests/sessions.py", line 703, in send
    r = adapter.send(request, **kwargs)
  File "/Users/cyrus/Workspace/telegram-bot-bridge/venv/lib/python3.14/site-packages/requests/adapters.py", line 659, in send
    raise ConnectionError(err, request=request)
requests.exceptions.ConnectionError: ('Connection aborted.', ConnectionResetError(54, 'Connection reset by peer'))
"
2026-05-06 06:04:36,533 (__init__.py:962 MainThread) ERROR - TeleBot: "Infinity polling exception: ('Connection aborted.', ConnectionResetError(54, 'Connection reset by peer'))"
2026-05-06 06:04:36,540 (__init__.py:964 MainThread) ERROR - TeleBot: "Exception traceback:
Traceback (most recent call last):
  File "/Users/cyrus/Workspace/telegram-bot-bridge/venv/lib/python3.14/site-packages/urllib3/connectionpool.py", line 787, in urlopen
    response = self._make_request(
        conn,
    ...<10 lines>...
        **response_kw,
    )
  File "/Users/cyrus/Workspace/telegram-bot-bridge/venv/lib/python3.14/site-packages/urllib3/connectionpool.py", line 534, in _make_request
    response = conn.getresponse()
  File "/Users/cyrus/Workspace/telegram-bot-bridge/venv/lib/python3.14/site-packages/urllib3/connection.py", line 571, in getresponse
    httplib_response = super().getresponse()
  File "/opt/homebrew/Cellar/python@3.14/3.14.2_1/Frameworks/Python.framework/Versions/3.14/lib/python3.14/http/client.py", line 1450, in getresponse
    response.begin()
    ~~~~~~~~~~~~~~^^
  File "/opt/homebrew/Cellar/python@3.14/3.14.2_1/Frameworks/Python.framework/Versions/3.14/lib/python3.14/http/client.py", line 336, in begin
    version, status, reason = self._read_status()
                              ~~~~~~~~~~~~~~~~~^^
  File "/opt/homebrew/Cellar/python@3.14/3.14.2_1/Frameworks/Python.framework/Versions/3.14/lib/python3.14/http/client.py", line 297, in _read_status
    line = str(self.fp.readline(_MAXLINE + 1), "iso-8859-1")
               ~~~~~~~~~~~~~~~~^^^^^^^^^^^^^^
  File "/opt/homebrew/Cellar/python@3.14/3.14.2_1/Frameworks/Python.framework/Versions/3.14/lib/python3.14/socket.py", line 725, in readinto
    return self._sock.recv_into(b)
           ~~~~~~~~~~~~~~~~~~~~^^^
  File "/opt/homebrew/Cellar/python@3.14/3.14.2_1/Frameworks/Python.framework/Versions/3.14/lib/python3.14/ssl.py", line 1304, in recv_into
    return self.read(nbytes, buffer)
           ~~~~~~~~~^^^^^^^^^^^^^^^^
  File "/opt/homebrew/Cellar/python@3.14/3.14.2_1/Frameworks/Python.framework/Versions/3.14/lib/python3.14/ssl.py", line 1138, in read
    return self._sslobj.read(len, buffer)
           ~~~~~~~~~~~~~~~~~^^^^^^^^^^^^^
ConnectionResetError: [Errno 54] Connection reset by peer

During handling of the above exception, another exception occurred:

Traceback (most recent call last):
  File "/Users/cyrus/Workspace/telegram-bot-bridge/venv/lib/python3.14/site-packages/requests/adapters.py", line 644, in send
    resp = conn.urlopen(
        method=request.method,
    ...<9 lines>...
        chunked=chunked,
    )
  File "/Users/cyrus/Workspace/telegram-bot-bridge/venv/lib/python3.14/site-packages/urllib3/connectionpool.py", line 841, in urlopen
    retries = retries.increment(
        method, url, error=new_e, _pool=self, _stacktrace=sys.exc_info()[2]
    )
  File "/Users/cyrus/Workspace/telegram-bot-bridge/venv/lib/python3.14/site-packages/urllib3/util/retry.py", line 490, in increment
    raise reraise(type(error), error, _stacktrace)
          ~~~~~~~^^^^^^^^^^^^^^^^^^^^^^^^^^^^^^^^^
  File "/Users/cyrus/Workspace/telegram-bot-bridge/venv/lib/python3.14/site-packages/urllib3/util/util.py", line 38, in reraise
    raise value.with_traceback(tb)
  File "/Users/cyrus/Workspace/telegram-bot-bridge/venv/lib/python3.14/site-packages/urllib3/connectionpool.py", line 787, in urlopen
    response = self._make_request(
        conn,
    ...<10 lines>...
        **response_kw,
    )
  File "/Users/cyrus/Workspace/telegram-bot-bridge/venv/lib/python3.14/site-packages/urllib3/connectionpool.py", line 534, in _make_request
    response = conn.getresponse()
  File "/Users/cyrus/Workspace/telegram-bot-bridge/venv/lib/python3.14/site-packages/urllib3/connection.py", line 571, in getresponse
    httplib_response = super().getresponse()
  File "/opt/homebrew/Cellar/python@3.14/3.14.2_1/Frameworks/Python.framework/Versions/3.14/lib/python3.14/http/client.py", line 1450, in getresponse
    response.begin()
    ~~~~~~~~~~~~~~^^
  File "/opt/homebrew/Cellar/python@3.14/3.14.2_1/Frameworks/Python.framework/Versions/3.14/lib/python3.14/http/client.py", line 336, in begin
    version, status, reason = self._read_status()
                              ~~~~~~~~~~~~~~~~~^^
  File "/opt/homebrew/Cellar/python@3.14/3.14.2_1/Frameworks/Python.framework/Versions/3.14/lib/python3.14/http/client.py", line 297, in _read_status
    line = str(self.fp.readline(_MAXLINE + 1), "iso-8859-1")
               ~~~~~~~~~~~~~~~~^^^^^^^^^^^^^^
  File "/opt/homebrew/Cellar/python@3.14/3.14.2_1/Frameworks/Python.framework/Versions/3.14/lib/python3.14/socket.py", line 725, in readinto
    return self._sock.recv_into(b)
           ~~~~~~~~~~~~~~~~~~~~^^^
  File "/opt/homebrew/Cellar/python@3.14/3.14.2_1/Frameworks/Python.framework/Versions/3.14/lib/python3.14/ssl.py", line 1304, in recv_into
    return self.read(nbytes, buffer)
           ~~~~~~~~~^^^^^^^^^^^^^^^^
  File "/opt/homebrew/Cellar/python@3.14/3.14.2_1/Frameworks/Python.framework/Versions/3.14/lib/python3.14/ssl.py", line 1138, in read
    return self._sslobj.read(len, buffer)
           ~~~~~~~~~~~~~~~~~^^^^^^^^^^^^^
urllib3.exceptions.ProtocolError: ('Connection aborted.', ConnectionResetError(54, 'Connection reset by peer'))

During handling of the above exception, another exception occurred:

Traceback (most recent call last):
  File "/Users/cyrus/Workspace/telegram-bot-bridge/venv/lib/python3.14/site-packages/telebot/__init__.py", line 957, in infinity_polling
    self.polling(non_stop=True, timeout=timeout, long_polling_timeout=long_polling_timeout,
    ~~~~~~~~~~~~^^^^^^^^^^^^^^^^^^^^^^^^^^^^^^^^^^^^^^^^^^^^^^^^^^^^^^^^^^^^^^^^^^^^^^^^^^^
                 logger_level=logger_level, allowed_updates=allowed_updates, restart_on_change=False,
                 ^^^^^^^^^^^^^^^^^^^^^^^^^^^^^^^^^^^^^^^^^^^^^^^^^^^^^^^^^^^^^^^^^^^^^^^^^^^^^^^^^^^^
                 *args, **kwargs)
                 ^^^^^^^^^^^^^^^^
  File "/Users/cyrus/Workspace/telegram-bot-bridge/venv/lib/python3.14/site-packages/telebot/__init__.py", line 1045, in polling
    self.__threaded_polling(non_stop=non_stop, interval=interval, timeout=timeout, long_polling_timeout=long_polling_timeout,
    ~~~~~~~~~~~~~~~~~~~~~~~^^^^^^^^^^^^^^^^^^^^^^^^^^^^^^^^^^^^^^^^^^^^^^^^^^^^^^^^^^^^^^^^^^^^^^^^^^^^^^^^^^^^^^^^^^^^^^^^^^
                            logger_level=logger_level, allowed_updates=allowed_updates)
                            ^^^^^^^^^^^^^^^^^^^^^^^^^^^^^^^^^^^^^^^^^^^^^^^^^^^^^^^^^^^
  File "/Users/cyrus/Workspace/telegram-bot-bridge/venv/lib/python3.14/site-packages/telebot/__init__.py", line 1120, in __threaded_polling
    raise e
  File "/Users/cyrus/Workspace/telegram-bot-bridge/venv/lib/python3.14/site-packages/telebot/__init__.py", line 1081, in __threaded_polling
    polling_thread.raise_exceptions()
    ~~~~~~~~~~~~~~~~~~~~~~~~~~~~~~~^^
  File "/Users/cyrus/Workspace/telegram-bot-bridge/venv/lib/python3.14/site-packages/telebot/util.py", line 108, in raise_exceptions
    raise self.exception_info
  File "/Users/cyrus/Workspace/telegram-bot-bridge/venv/lib/python3.14/site-packages/telebot/util.py", line 90, in run
    task(*args, **kwargs)
    ~~~~^^^^^^^^^^^^^^^^^
  File "/Users/cyrus/Workspace/telegram-bot-bridge/venv/lib/python3.14/site-packages/telebot/__init__.py", line 651, in __retrieve_updates
    updates = self.get_updates(offset=(self.last_update_id + 1),
                               allowed_updates=allowed_updates,
                               timeout=timeout, long_polling_timeout=long_polling_timeout)
  File "/Users/cyrus/Workspace/telegram-bot-bridge/venv/lib/python3.14/site-packages/telebot/__init__.py", line 625, in get_updates
    json_updates = apihelper.get_updates(self.token, offset, limit, timeout, allowed_updates, long_polling_timeout)
  File "/Users/cyrus/Workspace/telegram-bot-bridge/venv/lib/python3.14/site-packages/telebot/apihelper.py", line 323, in get_updates
    return _make_request(token, method_url, params=payload)
  File "/Users/cyrus/Workspace/telegram-bot-bridge/venv/lib/python3.14/site-packages/telebot/apihelper.py", line 158, in _make_request
    result = _get_req_session().request(
        method, request_url, params=params, files=files,
        timeout=(connect_timeout, read_timeout), proxies=proxy)
  File "/Users/cyrus/Workspace/telegram-bot-bridge/venv/lib/python3.14/site-packages/requests/sessions.py", line 589, in request
    resp = self.send(prep, **send_kwargs)
  File "/Users/cyrus/Workspace/telegram-bot-bridge/venv/lib/python3.14/site-packages/requests/sessions.py", line 703, in send
    r = adapter.send(request, **kwargs)
  File "/Users/cyrus/Workspace/telegram-bot-bridge/venv/lib/python3.14/site-packages/requests/adapters.py", line 659, in send
    raise ConnectionError(err, request=request)
requests.exceptions.ConnectionError: ('Connection aborted.', ConnectionResetError(54, 'Connection reset by peer'))
"
2026-05-06 07:42:14,231 (__init__.py:962 MainThread) ERROR - TeleBot: "Infinity polling exception: ('Connection aborted.', ConnectionResetError(54, 'Connection reset by peer'))"
2026-05-06 07:42:14,238 (__init__.py:964 MainThread) ERROR - TeleBot: "Exception traceback:
Traceback (most recent call last):
  File "/Users/cyrus/Workspace/telegram-bot-bridge/venv/lib/python3.14/site-packages/urllib3/connectionpool.py", line 787, in urlopen
    response = self._make_request(
        conn,
    ...<10 lines>...
        **response_kw,
    )
  File "/Users/cyrus/Workspace/telegram-bot-bridge/venv/lib/python3.14/site-packages/urllib3/connectionpool.py", line 534, in _make_request
    response = conn.getresponse()
  File "/Users/cyrus/Workspace/telegram-bot-bridge/venv/lib/python3.14/site-packages/urllib3/connection.py", line 571, in getresponse
    httplib_response = super().getresponse()
  File "/opt/homebrew/Cellar/python@3.14/3.14.2_1/Frameworks/Python.framework/Versions/3.14/lib/python3.14/http/client.py", line 1450, in getresponse
    response.begin()
    ~~~~~~~~~~~~~~^^
  File "/opt/homebrew/Cellar/python@3.14/3.14.2_1/Frameworks/Python.framework/Versions/3.14/lib/python3.14/http/client.py", line 336, in begin
    version, status, reason = self._read_status()
                              ~~~~~~~~~~~~~~~~~^^
  File "/opt/homebrew/Cellar/python@3.14/3.14.2_1/Frameworks/Python.framework/Versions/3.14/lib/python3.14/http/client.py", line 297, in _read_status
    line = str(self.fp.readline(_MAXLINE + 1), "iso-8859-1")
               ~~~~~~~~~~~~~~~~^^^^^^^^^^^^^^
  File "/opt/homebrew/Cellar/python@3.14/3.14.2_1/Frameworks/Python.framework/Versions/3.14/lib/python3.14/socket.py", line 725, in readinto
    return self._sock.recv_into(b)
           ~~~~~~~~~~~~~~~~~~~~^^^
  File "/opt/homebrew/Cellar/python@3.14/3.14.2_1/Frameworks/Python.framework/Versions/3.14/lib/python3.14/ssl.py", line 1304, in recv_into
    return self.read(nbytes, buffer)
           ~~~~~~~~~^^^^^^^^^^^^^^^^
  File "/opt/homebrew/Cellar/python@3.14/3.14.2_1/Frameworks/Python.framework/Versions/3.14/lib/python3.14/ssl.py", line 1138, in read
    return self._sslobj.read(len, buffer)
           ~~~~~~~~~~~~~~~~~^^^^^^^^^^^^^
ConnectionResetError: [Errno 54] Connection reset by peer

During handling of the above exception, another exception occurred:

Traceback (most recent call last):
  File "/Users/cyrus/Workspace/telegram-bot-bridge/venv/lib/python3.14/site-packages/requests/adapters.py", line 644, in send
    resp = conn.urlopen(
        method=request.method,
    ...<9 lines>...
        chunked=chunked,
    )
  File "/Users/cyrus/Workspace/telegram-bot-bridge/venv/lib/python3.14/site-packages/urllib3/connectionpool.py", line 841, in urlopen
    retries = retries.increment(
        method, url, error=new_e, _pool=self, _stacktrace=sys.exc_info()[2]
    )
  File "/Users/cyrus/Workspace/telegram-bot-bridge/venv/lib/python3.14/site-packages/urllib3/util/retry.py", line 490, in increment
    raise reraise(type(error), error, _stacktrace)
          ~~~~~~~^^^^^^^^^^^^^^^^^^^^^^^^^^^^^^^^^
  File "/Users/cyrus/Workspace/telegram-bot-bridge/venv/lib/python3.14/site-packages/urllib3/util/util.py", line 38, in reraise
    raise value.with_traceback(tb)
  File "/Users/cyrus/Workspace/telegram-bot-bridge/venv/lib/python3.14/site-packages/urllib3/connectionpool.py", line 787, in urlopen
    response = self._make_request(
        conn,
    ...<10 lines>...
        **response_kw,
    )
  File "/Users/cyrus/Workspace/telegram-bot-bridge/venv/lib/python3.14/site-packages/urllib3/connectionpool.py", line 534, in _make_request
    response = conn.getresponse()
  File "/Users/cyrus/Workspace/telegram-bot-bridge/venv/lib/python3.14/site-packages/urllib3/connection.py", line 571, in getresponse
    httplib_response = super().getresponse()
  File "/opt/homebrew/Cellar/python@3.14/3.14.2_1/Frameworks/Python.framework/Versions/3.14/lib/python3.14/http/client.py", line 1450, in getresponse
    response.begin()
    ~~~~~~~~~~~~~~^^
  File "/opt/homebrew/Cellar/python@3.14/3.14.2_1/Frameworks/Python.framework/Versions/3.14/lib/python3.14/http/client.py", line 336, in begin
    version, status, reason = self._read_status()
                              ~~~~~~~~~~~~~~~~~^^
  File "/opt/homebrew/Cellar/python@3.14/3.14.2_1/Frameworks/Python.framework/Versions/3.14/lib/python3.14/http/client.py", line 297, in _read_status
    line = str(self.fp.readline(_MAXLINE + 1), "iso-8859-1")
               ~~~~~~~~~~~~~~~~^^^^^^^^^^^^^^
  File "/opt/homebrew/Cellar/python@3.14/3.14.2_1/Frameworks/Python.framework/Versions/3.14/lib/python3.14/socket.py", line 725, in readinto
    return self._sock.recv_into(b)
           ~~~~~~~~~~~~~~~~~~~~^^^
  File "/opt/homebrew/Cellar/python@3.14/3.14.2_1/Frameworks/Python.framework/Versions/3.14/lib/python3.14/ssl.py", line 1304, in recv_into
    return self.read(nbytes, buffer)
           ~~~~~~~~~^^^^^^^^^^^^^^^^
  File "/opt/homebrew/Cellar/python@3.14/3.14.2_1/Frameworks/Python.framework/Versions/3.14/lib/python3.14/ssl.py", line 1138, in read
    return self._sslobj.read(len, buffer)
           ~~~~~~~~~~~~~~~~~^^^^^^^^^^^^^
urllib3.exceptions.ProtocolError: ('Connection aborted.', ConnectionResetError(54, 'Connection reset by peer'))

During handling of the above exception, another exception occurred:

Traceback (most recent call last):
  File "/Users/cyrus/Workspace/telegram-bot-bridge/venv/lib/python3.14/site-packages/telebot/__init__.py", line 957, in infinity_polling
    self.polling(non_stop=True, timeout=timeout, long_polling_timeout=long_polling_timeout,
    ~~~~~~~~~~~~^^^^^^^^^^^^^^^^^^^^^^^^^^^^^^^^^^^^^^^^^^^^^^^^^^^^^^^^^^^^^^^^^^^^^^^^^^^
                 logger_level=logger_level, allowed_updates=allowed_updates, restart_on_change=False,
                 ^^^^^^^^^^^^^^^^^^^^^^^^^^^^^^^^^^^^^^^^^^^^^^^^^^^^^^^^^^^^^^^^^^^^^^^^^^^^^^^^^^^^
                 *args, **kwargs)
                 ^^^^^^^^^^^^^^^^
  File "/Users/cyrus/Workspace/telegram-bot-bridge/venv/lib/python3.14/site-packages/telebot/__init__.py", line 1045, in polling
    self.__threaded_polling(non_stop=non_stop, interval=interval, timeout=timeout, long_polling_timeout=long_polling_timeout,
    ~~~~~~~~~~~~~~~~~~~~~~~^^^^^^^^^^^^^^^^^^^^^^^^^^^^^^^^^^^^^^^^^^^^^^^^^^^^^^^^^^^^^^^^^^^^^^^^^^^^^^^^^^^^^^^^^^^^^^^^^^
                            logger_level=logger_level, allowed_updates=allowed_updates)
                            ^^^^^^^^^^^^^^^^^^^^^^^^^^^^^^^^^^^^^^^^^^^^^^^^^^^^^^^^^^^
  File "/Users/cyrus/Workspace/telegram-bot-bridge/venv/lib/python3.14/site-packages/telebot/__init__.py", line 1120, in __threaded_polling
    raise e
  File "/Users/cyrus/Workspace/telegram-bot-bridge/venv/lib/python3.14/site-packages/telebot/__init__.py", line 1081, in __threaded_polling
    polling_thread.raise_exceptions()
    ~~~~~~~~~~~~~~~~~~~~~~~~~~~~~~~^^
  File "/Users/cyrus/Workspace/telegram-bot-bridge/venv/lib/python3.14/site-packages/telebot/util.py", line 108, in raise_exceptions
    raise self.exception_info
  File "/Users/cyrus/Workspace/telegram-bot-bridge/venv/lib/python3.14/site-packages/telebot/util.py", line 90, in run
    task(*args, **kwargs)
    ~~~~^^^^^^^^^^^^^^^^^
  File "/Users/cyrus/Workspace/telegram-bot-bridge/venv/lib/python3.14/site-packages/telebot/__init__.py", line 651, in __retrieve_updates
    updates = self.get_updates(offset=(self.last_update_id + 1),
                               allowed_updates=allowed_updates,
                               timeout=timeout, long_polling_timeout=long_polling_timeout)
  File "/Users/cyrus/Workspace/telegram-bot-bridge/venv/lib/python3.14/site-packages/telebot/__init__.py", line 625, in get_updates
    json_updates = apihelper.get_updates(self.token, offset, limit, timeout, allowed_updates, long_polling_timeout)
  File "/Users/cyrus/Workspace/telegram-bot-bridge/venv/lib/python3.14/site-packages/telebot/apihelper.py", line 323, in get_updates
    return _make_request(token, method_url, params=payload)
  File "/Users/cyrus/Workspace/telegram-bot-bridge/venv/lib/python3.14/site-packages/telebot/apihelper.py", line 158, in _make_request
    result = _get_req_session().request(
        method, request_url, params=params, files=files,
        timeout=(connect_timeout, read_timeout), proxies=proxy)
  File "/Users/cyrus/Workspace/telegram-bot-bridge/venv/lib/python3.14/site-packages/requests/sessions.py", line 589, in request
    resp = self.send(prep, **send_kwargs)
  File "/Users/cyrus/Workspace/telegram-bot-bridge/venv/lib/python3.14/site-packages/requests/sessions.py", line 703, in send
    r = adapter.send(request, **kwargs)
  File "/Users/cyrus/Workspace/telegram-bot-bridge/venv/lib/python3.14/site-packages/requests/adapters.py", line 659, in send
    raise ConnectionError(err, request=request)
requests.exceptions.ConnectionError: ('Connection aborted.', ConnectionResetError(54, 'Connection reset by peer'))
"
2026-05-07 02:06:12,933 (__init__.py:962 MainThread) ERROR - TeleBot: "Infinity polling exception: ('Connection aborted.', ConnectionResetError(54, 'Connection reset by peer'))"
2026-05-07 02:06:12,940 (__init__.py:964 MainThread) ERROR - TeleBot: "Exception traceback:
Traceback (most recent call last):
  File "/Users/cyrus/Workspace/telegram-bot-bridge/venv/lib/python3.14/site-packages/urllib3/connectionpool.py", line 787, in urlopen
    response = self._make_request(
        conn,
    ...<10 lines>...
        **response_kw,
    )
  File "/Users/cyrus/Workspace/telegram-bot-bridge/venv/lib/python3.14/site-packages/urllib3/connectionpool.py", line 534, in _make_request
    response = conn.getresponse()
  File "/Users/cyrus/Workspace/telegram-bot-bridge/venv/lib/python3.14/site-packages/urllib3/connection.py", line 571, in getresponse
    httplib_response = super().getresponse()
  File "/opt/homebrew/Cellar/python@3.14/3.14.2_1/Frameworks/Python.framework/Versions/3.14/lib/python3.14/http/client.py", line 1450, in getresponse
    response.begin()
    ~~~~~~~~~~~~~~^^
  File "/opt/homebrew/Cellar/python@3.14/3.14.2_1/Frameworks/Python.framework/Versions/3.14/lib/python3.14/http/client.py", line 336, in begin
    version, status, reason = self._read_status()
                              ~~~~~~~~~~~~~~~~~^^
  File "/opt/homebrew/Cellar/python@3.14/3.14.2_1/Frameworks/Python.framework/Versions/3.14/lib/python3.14/http/client.py", line 297, in _read_status
    line = str(self.fp.readline(_MAXLINE + 1), "iso-8859-1")
               ~~~~~~~~~~~~~~~~^^^^^^^^^^^^^^
  File "/opt/homebrew/Cellar/python@3.14/3.14.2_1/Frameworks/Python.framework/Versions/3.14/lib/python3.14/socket.py", line 725, in readinto
    return self._sock.recv_into(b)
           ~~~~~~~~~~~~~~~~~~~~^^^
  File "/opt/homebrew/Cellar/python@3.14/3.14.2_1/Frameworks/Python.framework/Versions/3.14/lib/python3.14/ssl.py", line 1304, in recv_into
    return self.read(nbytes, buffer)
           ~~~~~~~~~^^^^^^^^^^^^^^^^
  File "/opt/homebrew/Cellar/python@3.14/3.14.2_1/Frameworks/Python.framework/Versions/3.14/lib/python3.14/ssl.py", line 1138, in read
    return self._sslobj.read(len, buffer)
           ~~~~~~~~~~~~~~~~~^^^^^^^^^^^^^
ConnectionResetError: [Errno 54] Connection reset by peer

During handling of the above exception, another exception occurred:

Traceback (most recent call last):
  File "/Users/cyrus/Workspace/telegram-bot-bridge/venv/lib/python3.14/site-packages/requests/adapters.py", line 644, in send
    resp = conn.urlopen(
        method=request.method,
    ...<9 lines>...
        chunked=chunked,
    )
  File "/Users/cyrus/Workspace/telegram-bot-bridge/venv/lib/python3.14/site-packages/urllib3/connectionpool.py", line 841, in urlopen
    retries = retries.increment(
        method, url, error=new_e, _pool=self, _stacktrace=sys.exc_info()[2]
    )
  File "/Users/cyrus/Workspace/telegram-bot-bridge/venv/lib/python3.14/site-packages/urllib3/util/retry.py", line 490, in increment
    raise reraise(type(error), error, _stacktrace)
          ~~~~~~~^^^^^^^^^^^^^^^^^^^^^^^^^^^^^^^^^
  File "/Users/cyrus/Workspace/telegram-bot-bridge/venv/lib/python3.14/site-packages/urllib3/util/util.py", line 38, in reraise
    raise value.with_traceback(tb)
  File "/Users/cyrus/Workspace/telegram-bot-bridge/venv/lib/python3.14/site-packages/urllib3/connectionpool.py", line 787, in urlopen
    response = self._make_request(
        conn,
    ...<10 lines>...
        **response_kw,
    )
  File "/Users/cyrus/Workspace/telegram-bot-bridge/venv/lib/python3.14/site-packages/urllib3/connectionpool.py", line 534, in _make_request
    response = conn.getresponse()
  File "/Users/cyrus/Workspace/telegram-bot-bridge/venv/lib/python3.14/site-packages/urllib3/connection.py", line 571, in getresponse
    httplib_response = super().getresponse()
  File "/opt/homebrew/Cellar/python@3.14/3.14.2_1/Frameworks/Python.framework/Versions/3.14/lib/python3.14/http/client.py", line 1450, in getresponse
    response.begin()
    ~~~~~~~~~~~~~~^^
  File "/opt/homebrew/Cellar/python@3.14/3.14.2_1/Frameworks/Python.framework/Versions/3.14/lib/python3.14/http/client.py", line 336, in begin
    version, status, reason = self._read_status()
                              ~~~~~~~~~~~~~~~~~^^
  File "/opt/homebrew/Cellar/python@3.14/3.14.2_1/Frameworks/Python.framework/Versions/3.14/lib/python3.14/http/client.py", line 297, in _read_status
    line = str(self.fp.readline(_MAXLINE + 1), "iso-8859-1")
               ~~~~~~~~~~~~~~~~^^^^^^^^^^^^^^
  File "/opt/homebrew/Cellar/python@3.14/3.14.2_1/Frameworks/Python.framework/Versions/3.14/lib/python3.14/socket.py", line 725, in readinto
    return self._sock.recv_into(b)
           ~~~~~~~~~~~~~~~~~~~~^^^
  File "/opt/homebrew/Cellar/python@3.14/3.14.2_1/Frameworks/Python.framework/Versions/3.14/lib/python3.14/ssl.py", line 1304, in recv_into
    return self.read(nbytes, buffer)
           ~~~~~~~~~^^^^^^^^^^^^^^^^
  File "/opt/homebrew/Cellar/python@3.14/3.14.2_1/Frameworks/Python.framework/Versions/3.14/lib/python3.14/ssl.py", line 1138, in read
    return self._sslobj.read(len, buffer)
           ~~~~~~~~~~~~~~~~~^^^^^^^^^^^^^
urllib3.exceptions.ProtocolError: ('Connection aborted.', ConnectionResetError(54, 'Connection reset by peer'))

During handling of the above exception, another exception occurred:

Traceback (most recent call last):
  File "/Users/cyrus/Workspace/telegram-bot-bridge/venv/lib/python3.14/site-packages/telebot/__init__.py", line 957, in infinity_polling
    self.polling(non_stop=True, timeout=timeout, long_polling_timeout=long_polling_timeout,
    ~~~~~~~~~~~~^^^^^^^^^^^^^^^^^^^^^^^^^^^^^^^^^^^^^^^^^^^^^^^^^^^^^^^^^^^^^^^^^^^^^^^^^^^
                 logger_level=logger_level, allowed_updates=allowed_updates, restart_on_change=False,
                 ^^^^^^^^^^^^^^^^^^^^^^^^^^^^^^^^^^^^^^^^^^^^^^^^^^^^^^^^^^^^^^^^^^^^^^^^^^^^^^^^^^^^
                 *args, **kwargs)
                 ^^^^^^^^^^^^^^^^
  File "/Users/cyrus/Workspace/telegram-bot-bridge/venv/lib/python3.14/site-packages/telebot/__init__.py", line 1045, in polling
    self.__threaded_polling(non_stop=non_stop, interval=interval, timeout=timeout, long_polling_timeout=long_polling_timeout,
    ~~~~~~~~~~~~~~~~~~~~~~~^^^^^^^^^^^^^^^^^^^^^^^^^^^^^^^^^^^^^^^^^^^^^^^^^^^^^^^^^^^^^^^^^^^^^^^^^^^^^^^^^^^^^^^^^^^^^^^^^^
                            logger_level=logger_level, allowed_updates=allowed_updates)
                            ^^^^^^^^^^^^^^^^^^^^^^^^^^^^^^^^^^^^^^^^^^^^^^^^^^^^^^^^^^^
  File "/Users/cyrus/Workspace/telegram-bot-bridge/venv/lib/python3.14/site-packages/telebot/__init__.py", line 1120, in __threaded_polling
    raise e
  File "/Users/cyrus/Workspace/telegram-bot-bridge/venv/lib/python3.14/site-packages/telebot/__init__.py", line 1081, in __threaded_polling
    polling_thread.raise_exceptions()
    ~~~~~~~~~~~~~~~~~~~~~~~~~~~~~~~^^
  File "/Users/cyrus/Workspace/telegram-bot-bridge/venv/lib/python3.14/site-packages/telebot/util.py", line 108, in raise_exceptions
    raise self.exception_info
  File "/Users/cyrus/Workspace/telegram-bot-bridge/venv/lib/python3.14/site-packages/telebot/util.py", line 90, in run
    task(*args, **kwargs)
    ~~~~^^^^^^^^^^^^^^^^^
  File "/Users/cyrus/Workspace/telegram-bot-bridge/venv/lib/python3.14/site-packages/telebot/__init__.py", line 651, in __retrieve_updates
    updates = self.get_updates(offset=(self.last_update_id + 1),
                               allowed_updates=allowed_updates,
                               timeout=timeout, long_polling_timeout=long_polling_timeout)
  File "/Users/cyrus/Workspace/telegram-bot-bridge/venv/lib/python3.14/site-packages/telebot/__init__.py", line 625, in get_updates
    json_updates = apihelper.get_updates(self.token, offset, limit, timeout, allowed_updates, long_polling_timeout)
  File "/Users/cyrus/Workspace/telegram-bot-bridge/venv/lib/python3.14/site-packages/telebot/apihelper.py", line 323, in get_updates
    return _make_request(token, method_url, params=payload)
  File "/Users/cyrus/Workspace/telegram-bot-bridge/venv/lib/python3.14/site-packages/telebot/apihelper.py", line 158, in _make_request
    result = _get_req_session().request(
        method, request_url, params=params, files=files,
        timeout=(connect_timeout, read_timeout), proxies=proxy)
  File "/Users/cyrus/Workspace/telegram-bot-bridge/venv/lib/python3.14/site-packages/requests/sessions.py", line 589, in request
    resp = self.send(prep, **send_kwargs)
  File "/Users/cyrus/Workspace/telegram-bot-bridge/venv/lib/python3.14/site-packages/requests/sessions.py", line 703, in send
    r = adapter.send(request, **kwargs)
  File "/Users/cyrus/Workspace/telegram-bot-bridge/venv/lib/python3.14/site-packages/requests/adapters.py", line 659, in send
    raise ConnectionError(err, request=request)
requests.exceptions.ConnectionError: ('Connection aborted.', ConnectionResetError(54, 'Connection reset by peer'))
"
2026-05-07 07:49:28,925 (__init__.py:962 MainThread) ERROR - TeleBot: "Infinity polling exception: ('Connection aborted.', ConnectionResetError(54, 'Connection reset by peer'))"
2026-05-07 07:49:28,932 (__init__.py:964 MainThread) ERROR - TeleBot: "Exception traceback:
Traceback (most recent call last):
  File "/Users/cyrus/Workspace/telegram-bot-bridge/venv/lib/python3.14/site-packages/urllib3/connectionpool.py", line 787, in urlopen
    response = self._make_request(
        conn,
    ...<10 lines>...
        **response_kw,
    )
  File "/Users/cyrus/Workspace/telegram-bot-bridge/venv/lib/python3.14/site-packages/urllib3/connectionpool.py", line 534, in _make_request
    response = conn.getresponse()
  File "/Users/cyrus/Workspace/telegram-bot-bridge/venv/lib/python3.14/site-packages/urllib3/connection.py", line 571, in getresponse
    httplib_response = super().getresponse()
  File "/opt/homebrew/Cellar/python@3.14/3.14.2_1/Frameworks/Python.framework/Versions/3.14/lib/python3.14/http/client.py", line 1450, in getresponse
    response.begin()
    ~~~~~~~~~~~~~~^^
  File "/opt/homebrew/Cellar/python@3.14/3.14.2_1/Frameworks/Python.framework/Versions/3.14/lib/python3.14/http/client.py", line 336, in begin
    version, status, reason = self._read_status()
                              ~~~~~~~~~~~~~~~~~^^
  File "/opt/homebrew/Cellar/python@3.14/3.14.2_1/Frameworks/Python.framework/Versions/3.14/lib/python3.14/http/client.py", line 297, in _read_status
    line = str(self.fp.readline(_MAXLINE + 1), "iso-8859-1")
               ~~~~~~~~~~~~~~~~^^^^^^^^^^^^^^
  File "/opt/homebrew/Cellar/python@3.14/3.14.2_1/Frameworks/Python.framework/Versions/3.14/lib/python3.14/socket.py", line 725, in readinto
    return self._sock.recv_into(b)
           ~~~~~~~~~~~~~~~~~~~~^^^
  File "/opt/homebrew/Cellar/python@3.14/3.14.2_1/Frameworks/Python.framework/Versions/3.14/lib/python3.14/ssl.py", line 1304, in recv_into
    return self.read(nbytes, buffer)
           ~~~~~~~~~^^^^^^^^^^^^^^^^
  File "/opt/homebrew/Cellar/python@3.14/3.14.2_1/Frameworks/Python.framework/Versions/3.14/lib/python3.14/ssl.py", line 1138, in read
    return self._sslobj.read(len, buffer)
           ~~~~~~~~~~~~~~~~~^^^^^^^^^^^^^
ConnectionResetError: [Errno 54] Connection reset by peer

During handling of the above exception, another exception occurred:

Traceback (most recent call last):
  File "/Users/cyrus/Workspace/telegram-bot-bridge/venv/lib/python3.14/site-packages/requests/adapters.py", line 644, in send
    resp = conn.urlopen(
        method=request.method,
    ...<9 lines>...
        chunked=chunked,
    )
  File "/Users/cyrus/Workspace/telegram-bot-bridge/venv/lib/python3.14/site-packages/urllib3/connectionpool.py", line 841, in urlopen
    retries = retries.increment(
        method, url, error=new_e, _pool=self, _stacktrace=sys.exc_info()[2]
    )
  File "/Users/cyrus/Workspace/telegram-bot-bridge/venv/lib/python3.14/site-packages/urllib3/util/retry.py", line 490, in increment
    raise reraise(type(error), error, _stacktrace)
          ~~~~~~~^^^^^^^^^^^^^^^^^^^^^^^^^^^^^^^^^
  File "/Users/cyrus/Workspace/telegram-bot-bridge/venv/lib/python3.14/site-packages/urllib3/util/util.py", line 38, in reraise
    raise value.with_traceback(tb)
  File "/Users/cyrus/Workspace/telegram-bot-bridge/venv/lib/python3.14/site-packages/urllib3/connectionpool.py", line 787, in urlopen
    response = self._make_request(
        conn,
    ...<10 lines>...
        **response_kw,
    )
  File "/Users/cyrus/Workspace/telegram-bot-bridge/venv/lib/python3.14/site-packages/urllib3/connectionpool.py", line 534, in _make_request
    response = conn.getresponse()
  File "/Users/cyrus/Workspace/telegram-bot-bridge/venv/lib/python3.14/site-packages/urllib3/connection.py", line 571, in getresponse
    httplib_response = super().getresponse()
  File "/opt/homebrew/Cellar/python@3.14/3.14.2_1/Frameworks/Python.framework/Versions/3.14/lib/python3.14/http/client.py", line 1450, in getresponse
    response.begin()
    ~~~~~~~~~~~~~~^^
  File "/opt/homebrew/Cellar/python@3.14/3.14.2_1/Frameworks/Python.framework/Versions/3.14/lib/python3.14/http/client.py", line 336, in begin
    version, status, reason = self._read_status()
                              ~~~~~~~~~~~~~~~~~^^
  File "/opt/homebrew/Cellar/python@3.14/3.14.2_1/Frameworks/Python.framework/Versions/3.14/lib/python3.14/http/client.py", line 297, in _read_status
    line = str(self.fp.readline(_MAXLINE + 1), "iso-8859-1")
               ~~~~~~~~~~~~~~~~^^^^^^^^^^^^^^
  File "/opt/homebrew/Cellar/python@3.14/3.14.2_1/Frameworks/Python.framework/Versions/3.14/lib/python3.14/socket.py", line 725, in readinto
    return self._sock.recv_into(b)
           ~~~~~~~~~~~~~~~~~~~~^^^
  File "/opt/homebrew/Cellar/python@3.14/3.14.2_1/Frameworks/Python.framework/Versions/3.14/lib/python3.14/ssl.py", line 1304, in recv_into
    return self.read(nbytes, buffer)
           ~~~~~~~~~^^^^^^^^^^^^^^^^
  File "/opt/homebrew/Cellar/python@3.14/3.14.2_1/Frameworks/Python.framework/Versions/3.14/lib/python3.14/ssl.py", line 1138, in read
    return self._sslobj.read(len, buffer)
           ~~~~~~~~~~~~~~~~~^^^^^^^^^^^^^
urllib3.exceptions.ProtocolError: ('Connection aborted.', ConnectionResetError(54, 'Connection reset by peer'))

During handling of the above exception, another exception occurred:

Traceback (most recent call last):
  File "/Users/cyrus/Workspace/telegram-bot-bridge/venv/lib/python3.14/site-packages/telebot/__init__.py", line 957, in infinity_polling
    self.polling(non_stop=True, timeout=timeout, long_polling_timeout=long_polling_timeout,
    ~~~~~~~~~~~~^^^^^^^^^^^^^^^^^^^^^^^^^^^^^^^^^^^^^^^^^^^^^^^^^^^^^^^^^^^^^^^^^^^^^^^^^^^
                 logger_level=logger_level, allowed_updates=allowed_updates, restart_on_change=False,
                 ^^^^^^^^^^^^^^^^^^^^^^^^^^^^^^^^^^^^^^^^^^^^^^^^^^^^^^^^^^^^^^^^^^^^^^^^^^^^^^^^^^^^
                 *args, **kwargs)
                 ^^^^^^^^^^^^^^^^
  File "/Users/cyrus/Workspace/telegram-bot-bridge/venv/lib/python3.14/site-packages/telebot/__init__.py", line 1045, in polling
    self.__threaded_polling(non_stop=non_stop, interval=interval, timeout=timeout, long_polling_timeout=long_polling_timeout,
    ~~~~~~~~~~~~~~~~~~~~~~~^^^^^^^^^^^^^^^^^^^^^^^^^^^^^^^^^^^^^^^^^^^^^^^^^^^^^^^^^^^^^^^^^^^^^^^^^^^^^^^^^^^^^^^^^^^^^^^^^^
                            logger_level=logger_level, allowed_updates=allowed_updates)
                            ^^^^^^^^^^^^^^^^^^^^^^^^^^^^^^^^^^^^^^^^^^^^^^^^^^^^^^^^^^^
  File "/Users/cyrus/Workspace/telegram-bot-bridge/venv/lib/python3.14/site-packages/telebot/__init__.py", line 1120, in __threaded_polling
    raise e
  File "/Users/cyrus/Workspace/telegram-bot-bridge/venv/lib/python3.14/site-packages/telebot/__init__.py", line 1081, in __threaded_polling
    polling_thread.raise_exceptions()
    ~~~~~~~~~~~~~~~~~~~~~~~~~~~~~~~^^
  File "/Users/cyrus/Workspace/telegram-bot-bridge/venv/lib/python3.14/site-packages/telebot/util.py", line 108, in raise_exceptions
    raise self.exception_info
  File "/Users/cyrus/Workspace/telegram-bot-bridge/venv/lib/python3.14/site-packages/telebot/util.py", line 90, in run
    task(*args, **kwargs)
    ~~~~^^^^^^^^^^^^^^^^^
  File "/Users/cyrus/Workspace/telegram-bot-bridge/venv/lib/python3.14/site-packages/telebot/__init__.py", line 651, in __retrieve_updates
    updates = self.get_updates(offset=(self.last_update_id + 1),
                               allowed_updates=allowed_updates,
                               timeout=timeout, long_polling_timeout=long_polling_timeout)
  File "/Users/cyrus/Workspace/telegram-bot-bridge/venv/lib/python3.14/site-packages/telebot/__init__.py", line 625, in get_updates
    json_updates = apihelper.get_updates(self.token, offset, limit, timeout, allowed_updates, long_polling_timeout)
  File "/Users/cyrus/Workspace/telegram-bot-bridge/venv/lib/python3.14/site-packages/telebot/apihelper.py", line 323, in get_updates
    return _make_request(token, method_url, params=payload)
  File "/Users/cyrus/Workspace/telegram-bot-bridge/venv/lib/python3.14/site-packages/telebot/apihelper.py", line 158, in _make_request
    result = _get_req_session().request(
        method, request_url, params=params, files=files,
        timeout=(connect_timeout, read_timeout), proxies=proxy)
  File "/Users/cyrus/Workspace/telegram-bot-bridge/venv/lib/python3.14/site-packages/requests/sessions.py", line 589, in request
    resp = self.send(prep, **send_kwargs)
  File "/Users/cyrus/Workspace/telegram-bot-bridge/venv/lib/python3.14/site-packages/requests/sessions.py", line 703, in send
    r = adapter.send(request, **kwargs)
  File "/Users/cyrus/Workspace/telegram-bot-bridge/venv/lib/python3.14/site-packages/requests/adapters.py", line 659, in send
    raise ConnectionError(err, request=request)
requests.exceptions.ConnectionError: ('Connection aborted.', ConnectionResetError(54, 'Connection reset by peer'))
"
2026-05-07 10:14:08,565 (__init__.py:962 MainThread) ERROR - TeleBot: "Infinity polling exception: ('Connection aborted.', ConnectionResetError(54, 'Connection reset by peer'))"
2026-05-07 10:14:08,572 (__init__.py:964 MainThread) ERROR - TeleBot: "Exception traceback:
Traceback (most recent call last):
  File "/Users/cyrus/Workspace/telegram-bot-bridge/venv/lib/python3.14/site-packages/urllib3/connectionpool.py", line 787, in urlopen
    response = self._make_request(
        conn,
    ...<10 lines>...
        **response_kw,
    )
  File "/Users/cyrus/Workspace/telegram-bot-bridge/venv/lib/python3.14/site-packages/urllib3/connectionpool.py", line 534, in _make_request
    response = conn.getresponse()
  File "/Users/cyrus/Workspace/telegram-bot-bridge/venv/lib/python3.14/site-packages/urllib3/connection.py", line 571, in getresponse
    httplib_response = super().getresponse()
  File "/opt/homebrew/Cellar/python@3.14/3.14.2_1/Frameworks/Python.framework/Versions/3.14/lib/python3.14/http/client.py", line 1450, in getresponse
    response.begin()
    ~~~~~~~~~~~~~~^^
  File "/opt/homebrew/Cellar/python@3.14/3.14.2_1/Frameworks/Python.framework/Versions/3.14/lib/python3.14/http/client.py", line 336, in begin
    version, status, reason = self._read_status()
                              ~~~~~~~~~~~~~~~~~^^
  File "/opt/homebrew/Cellar/python@3.14/3.14.2_1/Frameworks/Python.framework/Versions/3.14/lib/python3.14/http/client.py", line 297, in _read_status
    line = str(self.fp.readline(_MAXLINE + 1), "iso-8859-1")
               ~~~~~~~~~~~~~~~~^^^^^^^^^^^^^^
  File "/opt/homebrew/Cellar/python@3.14/3.14.2_1/Frameworks/Python.framework/Versions/3.14/lib/python3.14/socket.py", line 725, in readinto
    return self._sock.recv_into(b)
           ~~~~~~~~~~~~~~~~~~~~^^^
  File "/opt/homebrew/Cellar/python@3.14/3.14.2_1/Frameworks/Python.framework/Versions/3.14/lib/python3.14/ssl.py", line 1304, in recv_into
    return self.read(nbytes, buffer)
           ~~~~~~~~~^^^^^^^^^^^^^^^^
  File "/opt/homebrew/Cellar/python@3.14/3.14.2_1/Frameworks/Python.framework/Versions/3.14/lib/python3.14/ssl.py", line 1138, in read
    return self._sslobj.read(len, buffer)
           ~~~~~~~~~~~~~~~~~^^^^^^^^^^^^^
ConnectionResetError: [Errno 54] Connection reset by peer

During handling of the above exception, another exception occurred:

Traceback (most recent call last):
  File "/Users/cyrus/Workspace/telegram-bot-bridge/venv/lib/python3.14/site-packages/requests/adapters.py", line 644, in send
    resp = conn.urlopen(
        method=request.method,
    ...<9 lines>...
        chunked=chunked,
    )
  File "/Users/cyrus/Workspace/telegram-bot-bridge/venv/lib/python3.14/site-packages/urllib3/connectionpool.py", line 841, in urlopen
    retries = retries.increment(
        method, url, error=new_e, _pool=self, _stacktrace=sys.exc_info()[2]
    )
  File "/Users/cyrus/Workspace/telegram-bot-bridge/venv/lib/python3.14/site-packages/urllib3/util/retry.py", line 490, in increment
    raise reraise(type(error), error, _stacktrace)
          ~~~~~~~^^^^^^^^^^^^^^^^^^^^^^^^^^^^^^^^^
  File "/Users/cyrus/Workspace/telegram-bot-bridge/venv/lib/python3.14/site-packages/urllib3/util/util.py", line 38, in reraise
    raise value.with_traceback(tb)
  File "/Users/cyrus/Workspace/telegram-bot-bridge/venv/lib/python3.14/site-packages/urllib3/connectionpool.py", line 787, in urlopen
    response = self._make_request(
        conn,
    ...<10 lines>...
        **response_kw,
    )
  File "/Users/cyrus/Workspace/telegram-bot-bridge/venv/lib/python3.14/site-packages/urllib3/connectionpool.py", line 534, in _make_request
    response = conn.getresponse()
  File "/Users/cyrus/Workspace/telegram-bot-bridge/venv/lib/python3.14/site-packages/urllib3/connection.py", line 571, in getresponse
    httplib_response = super().getresponse()
  File "/opt/homebrew/Cellar/python@3.14/3.14.2_1/Frameworks/Python.framework/Versions/3.14/lib/python3.14/http/client.py", line 1450, in getresponse
    response.begin()
    ~~~~~~~~~~~~~~^^
  File "/opt/homebrew/Cellar/python@3.14/3.14.2_1/Frameworks/Python.framework/Versions/3.14/lib/python3.14/http/client.py", line 336, in begin
    version, status, reason = self._read_status()
                              ~~~~~~~~~~~~~~~~~^^
  File "/opt/homebrew/Cellar/python@3.14/3.14.2_1/Frameworks/Python.framework/Versions/3.14/lib/python3.14/http/client.py", line 297, in _read_status
    line = str(self.fp.readline(_MAXLINE + 1), "iso-8859-1")
               ~~~~~~~~~~~~~~~~^^^^^^^^^^^^^^
  File "/opt/homebrew/Cellar/python@3.14/3.14.2_1/Frameworks/Python.framework/Versions/3.14/lib/python3.14/socket.py", line 725, in readinto
    return self._sock.recv_into(b)
           ~~~~~~~~~~~~~~~~~~~~^^^
  File "/opt/homebrew/Cellar/python@3.14/3.14.2_1/Frameworks/Python.framework/Versions/3.14/lib/python3.14/ssl.py", line 1304, in recv_into
    return self.read(nbytes, buffer)
           ~~~~~~~~~^^^^^^^^^^^^^^^^
  File "/opt/homebrew/Cellar/python@3.14/3.14.2_1/Frameworks/Python.framework/Versions/3.14/lib/python3.14/ssl.py", line 1138, in read
    return self._sslobj.read(len, buffer)
           ~~~~~~~~~~~~~~~~~^^^^^^^^^^^^^
urllib3.exceptions.ProtocolError: ('Connection aborted.', ConnectionResetError(54, 'Connection reset by peer'))

During handling of the above exception, another exception occurred:

Traceback (most recent call last):
  File "/Users/cyrus/Workspace/telegram-bot-bridge/venv/lib/python3.14/site-packages/telebot/__init__.py", line 957, in infinity_polling
    self.polling(non_stop=True, timeout=timeout, long_polling_timeout=long_polling_timeout,
    ~~~~~~~~~~~~^^^^^^^^^^^^^^^^^^^^^^^^^^^^^^^^^^^^^^^^^^^^^^^^^^^^^^^^^^^^^^^^^^^^^^^^^^^
                 logger_level=logger_level, allowed_updates=allowed_updates, restart_on_change=False,
                 ^^^^^^^^^^^^^^^^^^^^^^^^^^^^^^^^^^^^^^^^^^^^^^^^^^^^^^^^^^^^^^^^^^^^^^^^^^^^^^^^^^^^
                 *args, **kwargs)
                 ^^^^^^^^^^^^^^^^
  File "/Users/cyrus/Workspace/telegram-bot-bridge/venv/lib/python3.14/site-packages/telebot/__init__.py", line 1045, in polling
    self.__threaded_polling(non_stop=non_stop, interval=interval, timeout=timeout, long_polling_timeout=long_polling_timeout,
    ~~~~~~~~~~~~~~~~~~~~~~~^^^^^^^^^^^^^^^^^^^^^^^^^^^^^^^^^^^^^^^^^^^^^^^^^^^^^^^^^^^^^^^^^^^^^^^^^^^^^^^^^^^^^^^^^^^^^^^^^^
                            logger_level=logger_level, allowed_updates=allowed_updates)
                            ^^^^^^^^^^^^^^^^^^^^^^^^^^^^^^^^^^^^^^^^^^^^^^^^^^^^^^^^^^^
  File "/Users/cyrus/Workspace/telegram-bot-bridge/venv/lib/python3.14/site-packages/telebot/__init__.py", line 1120, in __threaded_polling
    raise e
  File "/Users/cyrus/Workspace/telegram-bot-bridge/venv/lib/python3.14/site-packages/telebot/__init__.py", line 1081, in __threaded_polling
    polling_thread.raise_exceptions()
    ~~~~~~~~~~~~~~~~~~~~~~~~~~~~~~~^^
  File "/Users/cyrus/Workspace/telegram-bot-bridge/venv/lib/python3.14/site-packages/telebot/util.py", line 108, in raise_exceptions
    raise self.exception_info
  File "/Users/cyrus/Workspace/telegram-bot-bridge/venv/lib/python3.14/site-packages/telebot/util.py", line 90, in run
    task(*args, **kwargs)
    ~~~~^^^^^^^^^^^^^^^^^
  File "/Users/cyrus/Workspace/telegram-bot-bridge/venv/lib/python3.14/site-packages/telebot/__init__.py", line 651, in __retrieve_updates
    updates = self.get_updates(offset=(self.last_update_id + 1),
                               allowed_updates=allowed_updates,
                               timeout=timeout, long_polling_timeout=long_polling_timeout)
  File "/Users/cyrus/Workspace/telegram-bot-bridge/venv/lib/python3.14/site-packages/telebot/__init__.py", line 625, in get_updates
    json_updates = apihelper.get_updates(self.token, offset, limit, timeout, allowed_updates, long_polling_timeout)
  File "/Users/cyrus/Workspace/telegram-bot-bridge/venv/lib/python3.14/site-packages/telebot/apihelper.py", line 323, in get_updates
    return _make_request(token, method_url, params=payload)
  File "/Users/cyrus/Workspace/telegram-bot-bridge/venv/lib/python3.14/site-packages/telebot/apihelper.py", line 158, in _make_request
    result = _get_req_session().request(
        method, request_url, params=params, files=files,
        timeout=(connect_timeout, read_timeout), proxies=proxy)
  File "/Users/cyrus/Workspace/telegram-bot-bridge/venv/lib/python3.14/site-packages/requests/sessions.py", line 589, in request
    resp = self.send(prep, **send_kwargs)
  File "/Users/cyrus/Workspace/telegram-bot-bridge/venv/lib/python3.14/site-packages/requests/sessions.py", line 703, in send
    r = adapter.send(request, **kwargs)
  File "/Users/cyrus/Workspace/telegram-bot-bridge/venv/lib/python3.14/site-packages/requests/adapters.py", line 659, in send
    raise ConnectionError(err, request=request)
requests.exceptions.ConnectionError: ('Connection aborted.', ConnectionResetError(54, 'Connection reset by peer'))
"
2026-05-08 07:49:05,508 (__init__.py:1088 MainThread) ERROR - TeleBot: "Threaded polling exception: A request to the Telegram API was unsuccessful. Error code: 502. Description: Bad Gateway"
2026-05-08 07:49:05,510 (__init__.py:1090 MainThread) ERROR - TeleBot: "Exception traceback:
Traceback (most recent call last):
  File "/Users/cyrus/Workspace/telegram-bot-bridge/venv/lib/python3.14/site-packages/telebot/__init__.py", line 1081, in __threaded_polling
    polling_thread.raise_exceptions()
    ~~~~~~~~~~~~~~~~~~~~~~~~~~~~~~~^^
  File "/Users/cyrus/Workspace/telegram-bot-bridge/venv/lib/python3.14/site-packages/telebot/util.py", line 108, in raise_exceptions
    raise self.exception_info
  File "/Users/cyrus/Workspace/telegram-bot-bridge/venv/lib/python3.14/site-packages/telebot/util.py", line 90, in run
    task(*args, **kwargs)
    ~~~~^^^^^^^^^^^^^^^^^
  File "/Users/cyrus/Workspace/telegram-bot-bridge/venv/lib/python3.14/site-packages/telebot/__init__.py", line 651, in __retrieve_updates
    updates = self.get_updates(offset=(self.last_update_id + 1),
                               allowed_updates=allowed_updates,
                               timeout=timeout, long_polling_timeout=long_polling_timeout)
  File "/Users/cyrus/Workspace/telegram-bot-bridge/venv/lib/python3.14/site-packages/telebot/__init__.py", line 625, in get_updates
    json_updates = apihelper.get_updates(self.token, offset, limit, timeout, allowed_updates, long_polling_timeout)
  File "/Users/cyrus/Workspace/telegram-bot-bridge/venv/lib/python3.14/site-packages/telebot/apihelper.py", line 323, in get_updates
    return _make_request(token, method_url, params=payload)
  File "/Users/cyrus/Workspace/telegram-bot-bridge/venv/lib/python3.14/site-packages/telebot/apihelper.py", line 164, in _make_request
    json_result = _check_result(method_name, result)
  File "/Users/cyrus/Workspace/telegram-bot-bridge/venv/lib/python3.14/site-packages/telebot/apihelper.py", line 191, in _check_result
    raise ApiTelegramException(method_name, result, result_json)
telebot.apihelper.ApiTelegramException: A request to the Telegram API was unsuccessful. Error code: 502. Description: Bad Gateway
"
2026-05-08 07:49:38,772 (__init__.py:962 MainThread) ERROR - TeleBot: "Infinity polling exception: HTTPSConnectionPool(host='api.telegram.org', port=443): Read timed out. (read timeout=30)"
2026-05-08 07:49:38,777 (__init__.py:964 MainThread) ERROR - TeleBot: "Exception traceback:
Traceback (most recent call last):
  File "/Users/cyrus/Workspace/telegram-bot-bridge/venv/lib/python3.14/site-packages/urllib3/connectionpool.py", line 534, in _make_request
    response = conn.getresponse()
  File "/Users/cyrus/Workspace/telegram-bot-bridge/venv/lib/python3.14/site-packages/urllib3/connection.py", line 571, in getresponse
    httplib_response = super().getresponse()
  File "/opt/homebrew/Cellar/python@3.14/3.14.2_1/Frameworks/Python.framework/Versions/3.14/lib/python3.14/http/client.py", line 1450, in getresponse
    response.begin()
    ~~~~~~~~~~~~~~^^
  File "/opt/homebrew/Cellar/python@3.14/3.14.2_1/Frameworks/Python.framework/Versions/3.14/lib/python3.14/http/client.py", line 336, in begin
    version, status, reason = self._read_status()
                              ~~~~~~~~~~~~~~~~~^^
  File "/opt/homebrew/Cellar/python@3.14/3.14.2_1/Frameworks/Python.framework/Versions/3.14/lib/python3.14/http/client.py", line 297, in _read_status
    line = str(self.fp.readline(_MAXLINE + 1), "iso-8859-1")
               ~~~~~~~~~~~~~~~~^^^^^^^^^^^^^^
  File "/opt/homebrew/Cellar/python@3.14/3.14.2_1/Frameworks/Python.framework/Versions/3.14/lib/python3.14/socket.py", line 725, in readinto
    return self._sock.recv_into(b)
           ~~~~~~~~~~~~~~~~~~~~^^^
  File "/opt/homebrew/Cellar/python@3.14/3.14.2_1/Frameworks/Python.framework/Versions/3.14/lib/python3.14/ssl.py", line 1304, in recv_into
    return self.read(nbytes, buffer)
           ~~~~~~~~~^^^^^^^^^^^^^^^^
  File "/opt/homebrew/Cellar/python@3.14/3.14.2_1/Frameworks/Python.framework/Versions/3.14/lib/python3.14/ssl.py", line 1138, in read
    return self._sslobj.read(len, buffer)
           ~~~~~~~~~~~~~~~~~^^^^^^^^^^^^^
TimeoutError: The read operation timed out

The above exception was the direct cause of the following exception:

Traceback (most recent call last):
  File "/Users/cyrus/Workspace/telegram-bot-bridge/venv/lib/python3.14/site-packages/requests/adapters.py", line 644, in send
    resp = conn.urlopen(
        method=request.method,
    ...<9 lines>...
        chunked=chunked,
    )
  File "/Users/cyrus/Workspace/telegram-bot-bridge/venv/lib/python3.14/site-packages/urllib3/connectionpool.py", line 841, in urlopen
    retries = retries.increment(
        method, url, error=new_e, _pool=self, _stacktrace=sys.exc_info()[2]
    )
  File "/Users/cyrus/Workspace/telegram-bot-bridge/venv/lib/python3.14/site-packages/urllib3/util/retry.py", line 490, in increment
    raise reraise(type(error), error, _stacktrace)
          ~~~~~~~^^^^^^^^^^^^^^^^^^^^^^^^^^^^^^^^^
  File "/Users/cyrus/Workspace/telegram-bot-bridge/venv/lib/python3.14/site-packages/urllib3/util/util.py", line 39, in reraise
    raise value
  File "/Users/cyrus/Workspace/telegram-bot-bridge/venv/lib/python3.14/site-packages/urllib3/connectionpool.py", line 787, in urlopen
    response = self._make_request(
        conn,
    ...<10 lines>...
        **response_kw,
    )
  File "/Users/cyrus/Workspace/telegram-bot-bridge/venv/lib/python3.14/site-packages/urllib3/connectionpool.py", line 536, in _make_request
    self._raise_timeout(err=e, url=url, timeout_value=read_timeout)
    ~~~~~~~~~~~~~~~~~~~^^^^^^^^^^^^^^^^^^^^^^^^^^^^^^^^^^^^^^^^^^^^
  File "/Users/cyrus/Workspace/telegram-bot-bridge/venv/lib/python3.14/site-packages/urllib3/connectionpool.py", line 367, in _raise_timeout
    raise ReadTimeoutError(
        self, url, f"Read timed out. (read timeout={timeout_value})"
    ) from err
urllib3.exceptions.ReadTimeoutError: HTTPSConnectionPool(host='api.telegram.org', port=443): Read timed out. (read timeout=30)

During handling of the above exception, another exception occurred:

Traceback (most recent call last):
  File "/Users/cyrus/Workspace/telegram-bot-bridge/venv/lib/python3.14/site-packages/telebot/__init__.py", line 957, in infinity_polling
    self.polling(non_stop=True, timeout=timeout, long_polling_timeout=long_polling_timeout,
    ~~~~~~~~~~~~^^^^^^^^^^^^^^^^^^^^^^^^^^^^^^^^^^^^^^^^^^^^^^^^^^^^^^^^^^^^^^^^^^^^^^^^^^^
                 logger_level=logger_level, allowed_updates=allowed_updates, restart_on_change=False,
                 ^^^^^^^^^^^^^^^^^^^^^^^^^^^^^^^^^^^^^^^^^^^^^^^^^^^^^^^^^^^^^^^^^^^^^^^^^^^^^^^^^^^^
                 *args, **kwargs)
                 ^^^^^^^^^^^^^^^^
  File "/Users/cyrus/Workspace/telegram-bot-bridge/venv/lib/python3.14/site-packages/telebot/__init__.py", line 1045, in polling
    self.__threaded_polling(non_stop=non_stop, interval=interval, timeout=timeout, long_polling_timeout=long_polling_timeout,
    ~~~~~~~~~~~~~~~~~~~~~~~^^^^^^^^^^^^^^^^^^^^^^^^^^^^^^^^^^^^^^^^^^^^^^^^^^^^^^^^^^^^^^^^^^^^^^^^^^^^^^^^^^^^^^^^^^^^^^^^^^
                            logger_level=logger_level, allowed_updates=allowed_updates)
                            ^^^^^^^^^^^^^^^^^^^^^^^^^^^^^^^^^^^^^^^^^^^^^^^^^^^^^^^^^^^
  File "/Users/cyrus/Workspace/telegram-bot-bridge/venv/lib/python3.14/site-packages/telebot/__init__.py", line 1120, in __threaded_polling
    raise e
  File "/Users/cyrus/Workspace/telegram-bot-bridge/venv/lib/python3.14/site-packages/telebot/__init__.py", line 1081, in __threaded_polling
    polling_thread.raise_exceptions()
    ~~~~~~~~~~~~~~~~~~~~~~~~~~~~~~~^^
  File "/Users/cyrus/Workspace/telegram-bot-bridge/venv/lib/python3.14/site-packages/telebot/util.py", line 108, in raise_exceptions
    raise self.exception_info
  File "/Users/cyrus/Workspace/telegram-bot-bridge/venv/lib/python3.14/site-packages/telebot/util.py", line 90, in run
    task(*args, **kwargs)
    ~~~~^^^^^^^^^^^^^^^^^
  File "/Users/cyrus/Workspace/telegram-bot-bridge/venv/lib/python3.14/site-packages/telebot/__init__.py", line 651, in __retrieve_updates
    updates = self.get_updates(offset=(self.last_update_id + 1),
                               allowed_updates=allowed_updates,
                               timeout=timeout, long_polling_timeout=long_polling_timeout)
  File "/Users/cyrus/Workspace/telegram-bot-bridge/venv/lib/python3.14/site-packages/telebot/__init__.py", line 625, in get_updates
    json_updates = apihelper.get_updates(self.token, offset, limit, timeout, allowed_updates, long_polling_timeout)
  File "/Users/cyrus/Workspace/telegram-bot-bridge/venv/lib/python3.14/site-packages/telebot/apihelper.py", line 323, in get_updates
    return _make_request(token, method_url, params=payload)
  File "/Users/cyrus/Workspace/telegram-bot-bridge/venv/lib/python3.14/site-packages/telebot/apihelper.py", line 158, in _make_request
    result = _get_req_session().request(
        method, request_url, params=params, files=files,
        timeout=(connect_timeout, read_timeout), proxies=proxy)
  File "/Users/cyrus/Workspace/telegram-bot-bridge/venv/lib/python3.14/site-packages/requests/sessions.py", line 589, in request
    resp = self.send(prep, **send_kwargs)
  File "/Users/cyrus/Workspace/telegram-bot-bridge/venv/lib/python3.14/site-packages/requests/sessions.py", line 703, in send
    r = adapter.send(request, **kwargs)
  File "/Users/cyrus/Workspace/telegram-bot-bridge/venv/lib/python3.14/site-packages/requests/adapters.py", line 690, in send
    raise ReadTimeout(e, request=request)
requests.exceptions.ReadTimeout: HTTPSConnectionPool(host='api.telegram.org', port=443): Read timed out. (read timeout=30)
"
2026-05-08 07:50:15,585 (__init__.py:962 MainThread) ERROR - TeleBot: "Infinity polling exception: HTTPSConnectionPool(host='api.telegram.org', port=443): Read timed out. (read timeout=30)"
2026-05-08 07:50:15,588 (__init__.py:964 MainThread) ERROR - TeleBot: "Exception traceback:
Traceback (most recent call last):
  File "/Users/cyrus/Workspace/telegram-bot-bridge/venv/lib/python3.14/site-packages/urllib3/connectionpool.py", line 534, in _make_request
    response = conn.getresponse()
  File "/Users/cyrus/Workspace/telegram-bot-bridge/venv/lib/python3.14/site-packages/urllib3/connection.py", line 571, in getresponse
    httplib_response = super().getresponse()
  File "/opt/homebrew/Cellar/python@3.14/3.14.2_1/Frameworks/Python.framework/Versions/3.14/lib/python3.14/http/client.py", line 1450, in getresponse
    response.begin()
    ~~~~~~~~~~~~~~^^
  File "/opt/homebrew/Cellar/python@3.14/3.14.2_1/Frameworks/Python.framework/Versions/3.14/lib/python3.14/http/client.py", line 336, in begin
    version, status, reason = self._read_status()
                              ~~~~~~~~~~~~~~~~~^^
  File "/opt/homebrew/Cellar/python@3.14/3.14.2_1/Frameworks/Python.framework/Versions/3.14/lib/python3.14/http/client.py", line 297, in _read_status
    line = str(self.fp.readline(_MAXLINE + 1), "iso-8859-1")
               ~~~~~~~~~~~~~~~~^^^^^^^^^^^^^^
  File "/opt/homebrew/Cellar/python@3.14/3.14.2_1/Frameworks/Python.framework/Versions/3.14/lib/python3.14/socket.py", line 725, in readinto
    return self._sock.recv_into(b)
           ~~~~~~~~~~~~~~~~~~~~^^^
  File "/opt/homebrew/Cellar/python@3.14/3.14.2_1/Frameworks/Python.framework/Versions/3.14/lib/python3.14/ssl.py", line 1304, in recv_into
    return self.read(nbytes, buffer)
           ~~~~~~~~~^^^^^^^^^^^^^^^^
  File "/opt/homebrew/Cellar/python@3.14/3.14.2_1/Frameworks/Python.framework/Versions/3.14/lib/python3.14/ssl.py", line 1138, in read
    return self._sslobj.read(len, buffer)
           ~~~~~~~~~~~~~~~~~^^^^^^^^^^^^^
TimeoutError: The read operation timed out

The above exception was the direct cause of the following exception:

Traceback (most recent call last):
  File "/Users/cyrus/Workspace/telegram-bot-bridge/venv/lib/python3.14/site-packages/requests/adapters.py", line 644, in send
    resp = conn.urlopen(
        method=request.method,
    ...<9 lines>...
        chunked=chunked,
    )
  File "/Users/cyrus/Workspace/telegram-bot-bridge/venv/lib/python3.14/site-packages/urllib3/connectionpool.py", line 841, in urlopen
    retries = retries.increment(
        method, url, error=new_e, _pool=self, _stacktrace=sys.exc_info()[2]
    )
  File "/Users/cyrus/Workspace/telegram-bot-bridge/venv/lib/python3.14/site-packages/urllib3/util/retry.py", line 490, in increment
    raise reraise(type(error), error, _stacktrace)
          ~~~~~~~^^^^^^^^^^^^^^^^^^^^^^^^^^^^^^^^^
  File "/Users/cyrus/Workspace/telegram-bot-bridge/venv/lib/python3.14/site-packages/urllib3/util/util.py", line 39, in reraise
    raise value
  File "/Users/cyrus/Workspace/telegram-bot-bridge/venv/lib/python3.14/site-packages/urllib3/connectionpool.py", line 787, in urlopen
    response = self._make_request(
        conn,
    ...<10 lines>...
        **response_kw,
    )
  File "/Users/cyrus/Workspace/telegram-bot-bridge/venv/lib/python3.14/site-packages/urllib3/connectionpool.py", line 536, in _make_request
    self._raise_timeout(err=e, url=url, timeout_value=read_timeout)
    ~~~~~~~~~~~~~~~~~~~^^^^^^^^^^^^^^^^^^^^^^^^^^^^^^^^^^^^^^^^^^^^
  File "/Users/cyrus/Workspace/telegram-bot-bridge/venv/lib/python3.14/site-packages/urllib3/connectionpool.py", line 367, in _raise_timeout
    raise ReadTimeoutError(
        self, url, f"Read timed out. (read timeout={timeout_value})"
    ) from err
urllib3.exceptions.ReadTimeoutError: HTTPSConnectionPool(host='api.telegram.org', port=443): Read timed out. (read timeout=30)

During handling of the above exception, another exception occurred:

Traceback (most recent call last):
  File "/Users/cyrus/Workspace/telegram-bot-bridge/venv/lib/python3.14/site-packages/telebot/__init__.py", line 957, in infinity_polling
    self.polling(non_stop=True, timeout=timeout, long_polling_timeout=long_polling_timeout,
    ~~~~~~~~~~~~^^^^^^^^^^^^^^^^^^^^^^^^^^^^^^^^^^^^^^^^^^^^^^^^^^^^^^^^^^^^^^^^^^^^^^^^^^^
                 logger_level=logger_level, allowed_updates=allowed_updates, restart_on_change=False,
                 ^^^^^^^^^^^^^^^^^^^^^^^^^^^^^^^^^^^^^^^^^^^^^^^^^^^^^^^^^^^^^^^^^^^^^^^^^^^^^^^^^^^^
                 *args, **kwargs)
                 ^^^^^^^^^^^^^^^^
  File "/Users/cyrus/Workspace/telegram-bot-bridge/venv/lib/python3.14/site-packages/telebot/__init__.py", line 1045, in polling
    self.__threaded_polling(non_stop=non_stop, interval=interval, timeout=timeout, long_polling_timeout=long_polling_timeout,
    ~~~~~~~~~~~~~~~~~~~~~~~^^^^^^^^^^^^^^^^^^^^^^^^^^^^^^^^^^^^^^^^^^^^^^^^^^^^^^^^^^^^^^^^^^^^^^^^^^^^^^^^^^^^^^^^^^^^^^^^^^
                            logger_level=logger_level, allowed_updates=allowed_updates)
                            ^^^^^^^^^^^^^^^^^^^^^^^^^^^^^^^^^^^^^^^^^^^^^^^^^^^^^^^^^^^
  File "/Users/cyrus/Workspace/telegram-bot-bridge/venv/lib/python3.14/site-packages/telebot/__init__.py", line 1120, in __threaded_polling
    raise e
  File "/Users/cyrus/Workspace/telegram-bot-bridge/venv/lib/python3.14/site-packages/telebot/__init__.py", line 1081, in __threaded_polling
    polling_thread.raise_exceptions()
    ~~~~~~~~~~~~~~~~~~~~~~~~~~~~~~~^^
  File "/Users/cyrus/Workspace/telegram-bot-bridge/venv/lib/python3.14/site-packages/telebot/util.py", line 108, in raise_exceptions
    raise self.exception_info
  File "/Users/cyrus/Workspace/telegram-bot-bridge/venv/lib/python3.14/site-packages/telebot/util.py", line 90, in run
    task(*args, **kwargs)
    ~~~~^^^^^^^^^^^^^^^^^
  File "/Users/cyrus/Workspace/telegram-bot-bridge/venv/lib/python3.14/site-packages/telebot/__init__.py", line 651, in __retrieve_updates
    updates = self.get_updates(offset=(self.last_update_id + 1),
                               allowed_updates=allowed_updates,
                               timeout=timeout, long_polling_timeout=long_polling_timeout)
  File "/Users/cyrus/Workspace/telegram-bot-bridge/venv/lib/python3.14/site-packages/telebot/__init__.py", line 625, in get_updates
    json_updates = apihelper.get_updates(self.token, offset, limit, timeout, allowed_updates, long_polling_timeout)
  File "/Users/cyrus/Workspace/telegram-bot-bridge/venv/lib/python3.14/site-packages/telebot/apihelper.py", line 323, in get_updates
    return _make_request(token, method_url, params=payload)
  File "/Users/cyrus/Workspace/telegram-bot-bridge/venv/lib/python3.14/site-packages/telebot/apihelper.py", line 158, in _make_request
    result = _get_req_session().request(
        method, request_url, params=params, files=files,
        timeout=(connect_timeout, read_timeout), proxies=proxy)
  File "/Users/cyrus/Workspace/telegram-bot-bridge/venv/lib/python3.14/site-packages/requests/sessions.py", line 589, in request
    resp = self.send(prep, **send_kwargs)
  File "/Users/cyrus/Workspace/telegram-bot-bridge/venv/lib/python3.14/site-packages/requests/sessions.py", line 703, in send
    r = adapter.send(request, **kwargs)
  File "/Users/cyrus/Workspace/telegram-bot-bridge/venv/lib/python3.14/site-packages/requests/adapters.py", line 690, in send
    raise ReadTimeout(e, request=request)
requests.exceptions.ReadTimeout: HTTPSConnectionPool(host='api.telegram.org', port=443): Read timed out. (read timeout=30)
"
2026-05-08 19:34:43,696 (__init__.py:962 MainThread) ERROR - TeleBot: "Infinity polling exception: ('Connection aborted.', ConnectionResetError(54, 'Connection reset by peer'))"
2026-05-08 19:34:43,702 (__init__.py:964 MainThread) ERROR - TeleBot: "Exception traceback:
Traceback (most recent call last):
  File "/Users/cyrus/Workspace/telegram-bot-bridge/venv/lib/python3.14/site-packages/urllib3/connectionpool.py", line 787, in urlopen
    response = self._make_request(
        conn,
    ...<10 lines>...
        **response_kw,
    )
  File "/Users/cyrus/Workspace/telegram-bot-bridge/venv/lib/python3.14/site-packages/urllib3/connectionpool.py", line 534, in _make_request
    response = conn.getresponse()
  File "/Users/cyrus/Workspace/telegram-bot-bridge/venv/lib/python3.14/site-packages/urllib3/connection.py", line 571, in getresponse
    httplib_response = super().getresponse()
  File "/opt/homebrew/Cellar/python@3.14/3.14.2_1/Frameworks/Python.framework/Versions/3.14/lib/python3.14/http/client.py", line 1450, in getresponse
    response.begin()
    ~~~~~~~~~~~~~~^^
  File "/opt/homebrew/Cellar/python@3.14/3.14.2_1/Frameworks/Python.framework/Versions/3.14/lib/python3.14/http/client.py", line 336, in begin
    version, status, reason = self._read_status()
                              ~~~~~~~~~~~~~~~~~^^
  File "/opt/homebrew/Cellar/python@3.14/3.14.2_1/Frameworks/Python.framework/Versions/3.14/lib/python3.14/http/client.py", line 297, in _read_status
    line = str(self.fp.readline(_MAXLINE + 1), "iso-8859-1")
               ~~~~~~~~~~~~~~~~^^^^^^^^^^^^^^
  File "/opt/homebrew/Cellar/python@3.14/3.14.2_1/Frameworks/Python.framework/Versions/3.14/lib/python3.14/socket.py", line 725, in readinto
    return self._sock.recv_into(b)
           ~~~~~~~~~~~~~~~~~~~~^^^
  File "/opt/homebrew/Cellar/python@3.14/3.14.2_1/Frameworks/Python.framework/Versions/3.14/lib/python3.14/ssl.py", line 1304, in recv_into
    return self.read(nbytes, buffer)
           ~~~~~~~~~^^^^^^^^^^^^^^^^
  File "/opt/homebrew/Cellar/python@3.14/3.14.2_1/Frameworks/Python.framework/Versions/3.14/lib/python3.14/ssl.py", line 1138, in read
    return self._sslobj.read(len, buffer)
           ~~~~~~~~~~~~~~~~~^^^^^^^^^^^^^
ConnectionResetError: [Errno 54] Connection reset by peer

During handling of the above exception, another exception occurred:

Traceback (most recent call last):
  File "/Users/cyrus/Workspace/telegram-bot-bridge/venv/lib/python3.14/site-packages/requests/adapters.py", line 644, in send
    resp = conn.urlopen(
        method=request.method,
    ...<9 lines>...
        chunked=chunked,
    )
  File "/Users/cyrus/Workspace/telegram-bot-bridge/venv/lib/python3.14/site-packages/urllib3/connectionpool.py", line 841, in urlopen
    retries = retries.increment(
        method, url, error=new_e, _pool=self, _stacktrace=sys.exc_info()[2]
    )
  File "/Users/cyrus/Workspace/telegram-bot-bridge/venv/lib/python3.14/site-packages/urllib3/util/retry.py", line 490, in increment
    raise reraise(type(error), error, _stacktrace)
          ~~~~~~~^^^^^^^^^^^^^^^^^^^^^^^^^^^^^^^^^
  File "/Users/cyrus/Workspace/telegram-bot-bridge/venv/lib/python3.14/site-packages/urllib3/util/util.py", line 38, in reraise
    raise value.with_traceback(tb)
  File "/Users/cyrus/Workspace/telegram-bot-bridge/venv/lib/python3.14/site-packages/urllib3/connectionpool.py", line 787, in urlopen
    response = self._make_request(
        conn,
    ...<10 lines>...
        **response_kw,
    )
  File "/Users/cyrus/Workspace/telegram-bot-bridge/venv/lib/python3.14/site-packages/urllib3/connectionpool.py", line 534, in _make_request
    response = conn.getresponse()
  File "/Users/cyrus/Workspace/telegram-bot-bridge/venv/lib/python3.14/site-packages/urllib3/connection.py", line 571, in getresponse
    httplib_response = super().getresponse()
  File "/opt/homebrew/Cellar/python@3.14/3.14.2_1/Frameworks/Python.framework/Versions/3.14/lib/python3.14/http/client.py", line 1450, in getresponse
    response.begin()
    ~~~~~~~~~~~~~~^^
  File "/opt/homebrew/Cellar/python@3.14/3.14.2_1/Frameworks/Python.framework/Versions/3.14/lib/python3.14/http/client.py", line 336, in begin
    version, status, reason = self._read_status()
                              ~~~~~~~~~~~~~~~~~^^
  File "/opt/homebrew/Cellar/python@3.14/3.14.2_1/Frameworks/Python.framework/Versions/3.14/lib/python3.14/http/client.py", line 297, in _read_status
    line = str(self.fp.readline(_MAXLINE + 1), "iso-8859-1")
               ~~~~~~~~~~~~~~~~^^^^^^^^^^^^^^
  File "/opt/homebrew/Cellar/python@3.14/3.14.2_1/Frameworks/Python.framework/Versions/3.14/lib/python3.14/socket.py", line 725, in readinto
    return self._sock.recv_into(b)
           ~~~~~~~~~~~~~~~~~~~~^^^
  File "/opt/homebrew/Cellar/python@3.14/3.14.2_1/Frameworks/Python.framework/Versions/3.14/lib/python3.14/ssl.py", line 1304, in recv_into
    return self.read(nbytes, buffer)
           ~~~~~~~~~^^^^^^^^^^^^^^^^
  File "/opt/homebrew/Cellar/python@3.14/3.14.2_1/Frameworks/Python.framework/Versions/3.14/lib/python3.14/ssl.py", line 1138, in read
    return self._sslobj.read(len, buffer)
           ~~~~~~~~~~~~~~~~~^^^^^^^^^^^^^
urllib3.exceptions.ProtocolError: ('Connection aborted.', ConnectionResetError(54, 'Connection reset by peer'))

During handling of the above exception, another exception occurred:

Traceback (most recent call last):
  File "/Users/cyrus/Workspace/telegram-bot-bridge/venv/lib/python3.14/site-packages/telebot/__init__.py", line 957, in infinity_polling
    self.polling(non_stop=True, timeout=timeout, long_polling_timeout=long_polling_timeout,
    ~~~~~~~~~~~~^^^^^^^^^^^^^^^^^^^^^^^^^^^^^^^^^^^^^^^^^^^^^^^^^^^^^^^^^^^^^^^^^^^^^^^^^^^
                 logger_level=logger_level, allowed_updates=allowed_updates, restart_on_change=False,
                 ^^^^^^^^^^^^^^^^^^^^^^^^^^^^^^^^^^^^^^^^^^^^^^^^^^^^^^^^^^^^^^^^^^^^^^^^^^^^^^^^^^^^
                 *args, **kwargs)
                 ^^^^^^^^^^^^^^^^
  File "/Users/cyrus/Workspace/telegram-bot-bridge/venv/lib/python3.14/site-packages/telebot/__init__.py", line 1045, in polling
    self.__threaded_polling(non_stop=non_stop, interval=interval, timeout=timeout, long_polling_timeout=long_polling_timeout,
    ~~~~~~~~~~~~~~~~~~~~~~~^^^^^^^^^^^^^^^^^^^^^^^^^^^^^^^^^^^^^^^^^^^^^^^^^^^^^^^^^^^^^^^^^^^^^^^^^^^^^^^^^^^^^^^^^^^^^^^^^^
                            logger_level=logger_level, allowed_updates=allowed_updates)
                            ^^^^^^^^^^^^^^^^^^^^^^^^^^^^^^^^^^^^^^^^^^^^^^^^^^^^^^^^^^^
  File "/Users/cyrus/Workspace/telegram-bot-bridge/venv/lib/python3.14/site-packages/telebot/__init__.py", line 1120, in __threaded_polling
    raise e
  File "/Users/cyrus/Workspace/telegram-bot-bridge/venv/lib/python3.14/site-packages/telebot/__init__.py", line 1081, in __threaded_polling
    polling_thread.raise_exceptions()
    ~~~~~~~~~~~~~~~~~~~~~~~~~~~~~~~^^
  File "/Users/cyrus/Workspace/telegram-bot-bridge/venv/lib/python3.14/site-packages/telebot/util.py", line 108, in raise_exceptions
    raise self.exception_info
  File "/Users/cyrus/Workspace/telegram-bot-bridge/venv/lib/python3.14/site-packages/telebot/util.py", line 90, in run
    task(*args, **kwargs)
    ~~~~^^^^^^^^^^^^^^^^^
  File "/Users/cyrus/Workspace/telegram-bot-bridge/venv/lib/python3.14/site-packages/telebot/__init__.py", line 651, in __retrieve_updates
    updates = self.get_updates(offset=(self.last_update_id + 1),
                               allowed_updates=allowed_updates,
                               timeout=timeout, long_polling_timeout=long_polling_timeout)
  File "/Users/cyrus/Workspace/telegram-bot-bridge/venv/lib/python3.14/site-packages/telebot/__init__.py", line 625, in get_updates
    json_updates = apihelper.get_updates(self.token, offset, limit, timeout, allowed_updates, long_polling_timeout)
  File "/Users/cyrus/Workspace/telegram-bot-bridge/venv/lib/python3.14/site-packages/telebot/apihelper.py", line 323, in get_updates
    return _make_request(token, method_url, params=payload)
  File "/Users/cyrus/Workspace/telegram-bot-bridge/venv/lib/python3.14/site-packages/telebot/apihelper.py", line 158, in _make_request
    result = _get_req_session().request(
        method, request_url, params=params, files=files,
        timeout=(connect_timeout, read_timeout), proxies=proxy)
  File "/Users/cyrus/Workspace/telegram-bot-bridge/venv/lib/python3.14/site-packages/requests/sessions.py", line 589, in request
    resp = self.send(prep, **send_kwargs)
  File "/Users/cyrus/Workspace/telegram-bot-bridge/venv/lib/python3.14/site-packages/requests/sessions.py", line 703, in send
    r = adapter.send(request, **kwargs)
  File "/Users/cyrus/Workspace/telegram-bot-bridge/venv/lib/python3.14/site-packages/requests/adapters.py", line 659, in send
    raise ConnectionError(err, request=request)
requests.exceptions.ConnectionError: ('Connection aborted.', ConnectionResetError(54, 'Connection reset by peer'))
"
2026-05-09 02:57:37,460 (__init__.py:962 MainThread) ERROR - TeleBot: "Infinity polling exception: HTTPSConnectionPool(host='api.telegram.org', port=443): Read timed out. (read timeout=30)"
2026-05-09 02:57:37,466 (__init__.py:964 MainThread) ERROR - TeleBot: "Exception traceback:
Traceback (most recent call last):
  File "/Users/cyrus/Workspace/telegram-bot-bridge/venv/lib/python3.14/site-packages/urllib3/connectionpool.py", line 534, in _make_request
    response = conn.getresponse()
  File "/Users/cyrus/Workspace/telegram-bot-bridge/venv/lib/python3.14/site-packages/urllib3/connection.py", line 571, in getresponse
    httplib_response = super().getresponse()
  File "/opt/homebrew/Cellar/python@3.14/3.14.2_1/Frameworks/Python.framework/Versions/3.14/lib/python3.14/http/client.py", line 1450, in getresponse
    response.begin()
    ~~~~~~~~~~~~~~^^
  File "/opt/homebrew/Cellar/python@3.14/3.14.2_1/Frameworks/Python.framework/Versions/3.14/lib/python3.14/http/client.py", line 336, in begin
    version, status, reason = self._read_status()
                              ~~~~~~~~~~~~~~~~~^^
  File "/opt/homebrew/Cellar/python@3.14/3.14.2_1/Frameworks/Python.framework/Versions/3.14/lib/python3.14/http/client.py", line 297, in _read_status
    line = str(self.fp.readline(_MAXLINE + 1), "iso-8859-1")
               ~~~~~~~~~~~~~~~~^^^^^^^^^^^^^^
  File "/opt/homebrew/Cellar/python@3.14/3.14.2_1/Frameworks/Python.framework/Versions/3.14/lib/python3.14/socket.py", line 725, in readinto
    return self._sock.recv_into(b)
           ~~~~~~~~~~~~~~~~~~~~^^^
  File "/opt/homebrew/Cellar/python@3.14/3.14.2_1/Frameworks/Python.framework/Versions/3.14/lib/python3.14/ssl.py", line 1304, in recv_into
    return self.read(nbytes, buffer)
           ~~~~~~~~~^^^^^^^^^^^^^^^^
  File "/opt/homebrew/Cellar/python@3.14/3.14.2_1/Frameworks/Python.framework/Versions/3.14/lib/python3.14/ssl.py", line 1138, in read
    return self._sslobj.read(len, buffer)
           ~~~~~~~~~~~~~~~~~^^^^^^^^^^^^^
TimeoutError: The read operation timed out

The above exception was the direct cause of the following exception:

Traceback (most recent call last):
  File "/Users/cyrus/Workspace/telegram-bot-bridge/venv/lib/python3.14/site-packages/requests/adapters.py", line 644, in send
    resp = conn.urlopen(
        method=request.method,
    ...<9 lines>...
        chunked=chunked,
    )
  File "/Users/cyrus/Workspace/telegram-bot-bridge/venv/lib/python3.14/site-packages/urllib3/connectionpool.py", line 841, in urlopen
    retries = retries.increment(
        method, url, error=new_e, _pool=self, _stacktrace=sys.exc_info()[2]
    )
  File "/Users/cyrus/Workspace/telegram-bot-bridge/venv/lib/python3.14/site-packages/urllib3/util/retry.py", line 490, in increment
    raise reraise(type(error), error, _stacktrace)
          ~~~~~~~^^^^^^^^^^^^^^^^^^^^^^^^^^^^^^^^^
  File "/Users/cyrus/Workspace/telegram-bot-bridge/venv/lib/python3.14/site-packages/urllib3/util/util.py", line 39, in reraise
    raise value
  File "/Users/cyrus/Workspace/telegram-bot-bridge/venv/lib/python3.14/site-packages/urllib3/connectionpool.py", line 787, in urlopen
    response = self._make_request(
        conn,
    ...<10 lines>...
        **response_kw,
    )
  File "/Users/cyrus/Workspace/telegram-bot-bridge/venv/lib/python3.14/site-packages/urllib3/connectionpool.py", line 536, in _make_request
    self._raise_timeout(err=e, url=url, timeout_value=read_timeout)
    ~~~~~~~~~~~~~~~~~~~^^^^^^^^^^^^^^^^^^^^^^^^^^^^^^^^^^^^^^^^^^^^
  File "/Users/cyrus/Workspace/telegram-bot-bridge/venv/lib/python3.14/site-packages/urllib3/connectionpool.py", line 367, in _raise_timeout
    raise ReadTimeoutError(
        self, url, f"Read timed out. (read timeout={timeout_value})"
    ) from err
urllib3.exceptions.ReadTimeoutError: HTTPSConnectionPool(host='api.telegram.org', port=443): Read timed out. (read timeout=30)

During handling of the above exception, another exception occurred:

Traceback (most recent call last):
  File "/Users/cyrus/Workspace/telegram-bot-bridge/venv/lib/python3.14/site-packages/telebot/__init__.py", line 957, in infinity_polling
    self.polling(non_stop=True, timeout=timeout, long_polling_timeout=long_polling_timeout,
    ~~~~~~~~~~~~^^^^^^^^^^^^^^^^^^^^^^^^^^^^^^^^^^^^^^^^^^^^^^^^^^^^^^^^^^^^^^^^^^^^^^^^^^^
                 logger_level=logger_level, allowed_updates=allowed_updates, restart_on_change=False,
                 ^^^^^^^^^^^^^^^^^^^^^^^^^^^^^^^^^^^^^^^^^^^^^^^^^^^^^^^^^^^^^^^^^^^^^^^^^^^^^^^^^^^^
                 *args, **kwargs)
                 ^^^^^^^^^^^^^^^^
  File "/Users/cyrus/Workspace/telegram-bot-bridge/venv/lib/python3.14/site-packages/telebot/__init__.py", line 1045, in polling
    self.__threaded_polling(non_stop=non_stop, interval=interval, timeout=timeout, long_polling_timeout=long_polling_timeout,
    ~~~~~~~~~~~~~~~~~~~~~~~^^^^^^^^^^^^^^^^^^^^^^^^^^^^^^^^^^^^^^^^^^^^^^^^^^^^^^^^^^^^^^^^^^^^^^^^^^^^^^^^^^^^^^^^^^^^^^^^^^
                            logger_level=logger_level, allowed_updates=allowed_updates)
                            ^^^^^^^^^^^^^^^^^^^^^^^^^^^^^^^^^^^^^^^^^^^^^^^^^^^^^^^^^^^
  File "/Users/cyrus/Workspace/telegram-bot-bridge/venv/lib/python3.14/site-packages/telebot/__init__.py", line 1120, in __threaded_polling
    raise e
  File "/Users/cyrus/Workspace/telegram-bot-bridge/venv/lib/python3.14/site-packages/telebot/__init__.py", line 1081, in __threaded_polling
    polling_thread.raise_exceptions()
    ~~~~~~~~~~~~~~~~~~~~~~~~~~~~~~~^^
  File "/Users/cyrus/Workspace/telegram-bot-bridge/venv/lib/python3.14/site-packages/telebot/util.py", line 108, in raise_exceptions
    raise self.exception_info
  File "/Users/cyrus/Workspace/telegram-bot-bridge/venv/lib/python3.14/site-packages/telebot/util.py", line 90, in run
    task(*args, **kwargs)
    ~~~~^^^^^^^^^^^^^^^^^
  File "/Users/cyrus/Workspace/telegram-bot-bridge/venv/lib/python3.14/site-packages/telebot/__init__.py", line 651, in __retrieve_updates
    updates = self.get_updates(offset=(self.last_update_id + 1),
                               allowed_updates=allowed_updates,
                               timeout=timeout, long_polling_timeout=long_polling_timeout)
  File "/Users/cyrus/Workspace/telegram-bot-bridge/venv/lib/python3.14/site-packages/telebot/__init__.py", line 625, in get_updates
    json_updates = apihelper.get_updates(self.token, offset, limit, timeout, allowed_updates, long_polling_timeout)
  File "/Users/cyrus/Workspace/telegram-bot-bridge/venv/lib/python3.14/site-packages/telebot/apihelper.py", line 323, in get_updates
    return _make_request(token, method_url, params=payload)
  File "/Users/cyrus/Workspace/telegram-bot-bridge/venv/lib/python3.14/site-packages/telebot/apihelper.py", line 158, in _make_request
    result = _get_req_session().request(
        method, request_url, params=params, files=files,
        timeout=(connect_timeout, read_timeout), proxies=proxy)
  File "/Users/cyrus/Workspace/telegram-bot-bridge/venv/lib/python3.14/site-packages/requests/sessions.py", line 589, in request
    resp = self.send(prep, **send_kwargs)
  File "/Users/cyrus/Workspace/telegram-bot-bridge/venv/lib/python3.14/site-packages/requests/sessions.py", line 703, in send
    r = adapter.send(request, **kwargs)
  File "/Users/cyrus/Workspace/telegram-bot-bridge/venv/lib/python3.14/site-packages/requests/adapters.py", line 690, in send
    raise ReadTimeout(e, request=request)
requests.exceptions.ReadTimeout: HTTPSConnectionPool(host='api.telegram.org', port=443): Read timed out. (read timeout=30)
"
2026-05-09 02:57:43,484 (__init__.py:962 MainThread) ERROR - TeleBot: "Infinity polling exception: HTTPSConnectionPool(host='api.telegram.org', port=443): Max retries exceeded with url: /bot8306239044:AAF9koVWk04n6HerHTPSh9UTzHRedVbCAqM/getUpdates?offset=409940244&timeout=20 (Caused by NameResolutionError("HTTPSConnection(host='api.telegram.org', port=443): Failed to resolve 'api.telegram.org' ([Errno 8] nodename nor servname provided, or not known)"))"
2026-05-09 02:57:43,488 (__init__.py:964 MainThread) ERROR - TeleBot: "Exception traceback:
Traceback (most recent call last):
  File "/Users/cyrus/Workspace/telegram-bot-bridge/venv/lib/python3.14/site-packages/urllib3/connection.py", line 204, in _new_conn
    sock = connection.create_connection(
        (self._dns_host, self.port),
    ...<2 lines>...
        socket_options=self.socket_options,
    )
  File "/Users/cyrus/Workspace/telegram-bot-bridge/venv/lib/python3.14/site-packages/urllib3/util/connection.py", line 60, in create_connection
    for res in socket.getaddrinfo(host, port, family, socket.SOCK_STREAM):
               ~~~~~~~~~~~~~~~~~~^^^^^^^^^^^^^^^^^^^^^^^^^^^^^^^^^^^^^^^^
  File "/opt/homebrew/Cellar/python@3.14/3.14.2_1/Frameworks/Python.framework/Versions/3.14/lib/python3.14/socket.py", line 983, in getaddrinfo
    for res in _socket.getaddrinfo(host, port, family, type, proto, flags):
               ~~~~~~~~~~~~~~~~~~~^^^^^^^^^^^^^^^^^^^^^^^^^^^^^^^^^^^^^^^^
socket.gaierror: [Errno 8] nodename nor servname provided, or not known

The above exception was the direct cause of the following exception:

Traceback (most recent call last):
  File "/Users/cyrus/Workspace/telegram-bot-bridge/venv/lib/python3.14/site-packages/urllib3/connectionpool.py", line 787, in urlopen
    response = self._make_request(
        conn,
    ...<10 lines>...
        **response_kw,
    )
  File "/Users/cyrus/Workspace/telegram-bot-bridge/venv/lib/python3.14/site-packages/urllib3/connectionpool.py", line 488, in _make_request
    raise new_e
  File "/Users/cyrus/Workspace/telegram-bot-bridge/venv/lib/python3.14/site-packages/urllib3/connectionpool.py", line 464, in _make_request
    self._validate_conn(conn)
    ~~~~~~~~~~~~~~~~~~~^^^^^^
  File "/Users/cyrus/Workspace/telegram-bot-bridge/venv/lib/python3.14/site-packages/urllib3/connectionpool.py", line 1093, in _validate_conn
    conn.connect()
    ~~~~~~~~~~~~^^
  File "/Users/cyrus/Workspace/telegram-bot-bridge/venv/lib/python3.14/site-packages/urllib3/connection.py", line 759, in connect
    self.sock = sock = self._new_conn()
                       ~~~~~~~~~~~~~~^^
  File "/Users/cyrus/Workspace/telegram-bot-bridge/venv/lib/python3.14/site-packages/urllib3/connection.py", line 211, in _new_conn
    raise NameResolutionError(self.host, self, e) from e
urllib3.exceptions.NameResolutionError: HTTPSConnection(host='api.telegram.org', port=443): Failed to resolve 'api.telegram.org' ([Errno 8] nodename nor servname provided, or not known)

The above exception was the direct cause of the following exception:

Traceback (most recent call last):
  File "/Users/cyrus/Workspace/telegram-bot-bridge/venv/lib/python3.14/site-packages/requests/adapters.py", line 644, in send
    resp = conn.urlopen(
        method=request.method,
    ...<9 lines>...
        chunked=chunked,
    )
  File "/Users/cyrus/Workspace/telegram-bot-bridge/venv/lib/python3.14/site-packages/urllib3/connectionpool.py", line 841, in urlopen
    retries = retries.increment(
        method, url, error=new_e, _pool=self, _stacktrace=sys.exc_info()[2]
    )
  File "/Users/cyrus/Workspace/telegram-bot-bridge/venv/lib/python3.14/site-packages/urllib3/util/retry.py", line 535, in increment
    raise MaxRetryError(_pool, url, reason) from reason  # type: ignore[arg-type]
    ^^^^^^^^^^^^^^^^^^^^^^^^^^^^^^^^^^^^^^^^^^^^^^^^^^^
urllib3.exceptions.MaxRetryError: HTTPSConnectionPool(host='api.telegram.org', port=443): Max retries exceeded with url: /bot8306239044:AAF9koVWk04n6HerHTPSh9UTzHRedVbCAqM/getUpdates?offset=409940244&timeout=20 (Caused by NameResolutionError("HTTPSConnection(host='api.telegram.org', port=443): Failed to resolve 'api.telegram.org' ([Errno 8] nodename nor servname provided, or not known)"))

During handling of the above exception, another exception occurred:

Traceback (most recent call last):
  File "/Users/cyrus/Workspace/telegram-bot-bridge/venv/lib/python3.14/site-packages/telebot/__init__.py", line 957, in infinity_polling
    self.polling(non_stop=True, timeout=timeout, long_polling_timeout=long_polling_timeout,
    ~~~~~~~~~~~~^^^^^^^^^^^^^^^^^^^^^^^^^^^^^^^^^^^^^^^^^^^^^^^^^^^^^^^^^^^^^^^^^^^^^^^^^^^
                 logger_level=logger_level, allowed_updates=allowed_updates, restart_on_change=False,
                 ^^^^^^^^^^^^^^^^^^^^^^^^^^^^^^^^^^^^^^^^^^^^^^^^^^^^^^^^^^^^^^^^^^^^^^^^^^^^^^^^^^^^
                 *args, **kwargs)
                 ^^^^^^^^^^^^^^^^
  File "/Users/cyrus/Workspace/telegram-bot-bridge/venv/lib/python3.14/site-packages/telebot/__init__.py", line 1045, in polling
    self.__threaded_polling(non_stop=non_stop, interval=interval, timeout=timeout, long_polling_timeout=long_polling_timeout,
    ~~~~~~~~~~~~~~~~~~~~~~~^^^^^^^^^^^^^^^^^^^^^^^^^^^^^^^^^^^^^^^^^^^^^^^^^^^^^^^^^^^^^^^^^^^^^^^^^^^^^^^^^^^^^^^^^^^^^^^^^^
                            logger_level=logger_level, allowed_updates=allowed_updates)
                            ^^^^^^^^^^^^^^^^^^^^^^^^^^^^^^^^^^^^^^^^^^^^^^^^^^^^^^^^^^^
  File "/Users/cyrus/Workspace/telegram-bot-bridge/venv/lib/python3.14/site-packages/telebot/__init__.py", line 1120, in __threaded_polling
    raise e
  File "/Users/cyrus/Workspace/telegram-bot-bridge/venv/lib/python3.14/site-packages/telebot/__init__.py", line 1081, in __threaded_polling
    polling_thread.raise_exceptions()
    ~~~~~~~~~~~~~~~~~~~~~~~~~~~~~~~^^
  File "/Users/cyrus/Workspace/telegram-bot-bridge/venv/lib/python3.14/site-packages/telebot/util.py", line 108, in raise_exceptions
    raise self.exception_info
  File "/Users/cyrus/Workspace/telegram-bot-bridge/venv/lib/python3.14/site-packages/telebot/util.py", line 90, in run
    task(*args, **kwargs)
    ~~~~^^^^^^^^^^^^^^^^^
  File "/Users/cyrus/Workspace/telegram-bot-bridge/venv/lib/python3.14/site-packages/telebot/__init__.py", line 651, in __retrieve_updates
    updates = self.get_updates(offset=(self.last_update_id + 1),
                               allowed_updates=allowed_updates,
                               timeout=timeout, long_polling_timeout=long_polling_timeout)
  File "/Users/cyrus/Workspace/telegram-bot-bridge/venv/lib/python3.14/site-packages/telebot/__init__.py", line 625, in get_updates
    json_updates = apihelper.get_updates(self.token, offset, limit, timeout, allowed_updates, long_polling_timeout)
  File "/Users/cyrus/Workspace/telegram-bot-bridge/venv/lib/python3.14/site-packages/telebot/apihelper.py", line 323, in get_updates
    return _make_request(token, method_url, params=payload)
  File "/Users/cyrus/Workspace/telegram-bot-bridge/venv/lib/python3.14/site-packages/telebot/apihelper.py", line 158, in _make_request
    result = _get_req_session().request(
        method, request_url, params=params, files=files,
        timeout=(connect_timeout, read_timeout), proxies=proxy)
  File "/Users/cyrus/Workspace/telegram-bot-bridge/venv/lib/python3.14/site-packages/requests/sessions.py", line 589, in request
    resp = self.send(prep, **send_kwargs)
  File "/Users/cyrus/Workspace/telegram-bot-bridge/venv/lib/python3.14/site-packages/requests/sessions.py", line 703, in send
    r = adapter.send(request, **kwargs)
  File "/Users/cyrus/Workspace/telegram-bot-bridge/venv/lib/python3.14/site-packages/requests/adapters.py", line 677, in send
    raise ConnectionError(e, request=request)
requests.exceptions.ConnectionError: HTTPSConnectionPool(host='api.telegram.org', port=443): Max retries exceeded with url: /bot8306239044:AAF9koVWk04n6HerHTPSh9UTzHRedVbCAqM/getUpdates?offset=409940244&timeout=20 (Caused by NameResolutionError("HTTPSConnection(host='api.telegram.org', port=443): Failed to resolve 'api.telegram.org' ([Errno 8] nodename nor servname provided, or not known)"))
"
2026-05-09 02:57:49,499 (__init__.py:962 MainThread) ERROR - TeleBot: "Infinity polling exception: HTTPSConnectionPool(host='api.telegram.org', port=443): Max retries exceeded with url: /bot8306239044:AAF9koVWk04n6HerHTPSh9UTzHRedVbCAqM/getUpdates?offset=409940244&timeout=20 (Caused by NameResolutionError("HTTPSConnection(host='api.telegram.org', port=443): Failed to resolve 'api.telegram.org' ([Errno 8] nodename nor servname provided, or not known)"))"
2026-05-09 02:57:49,503 (__init__.py:964 MainThread) ERROR - TeleBot: "Exception traceback:
Traceback (most recent call last):
  File "/Users/cyrus/Workspace/telegram-bot-bridge/venv/lib/python3.14/site-packages/urllib3/connection.py", line 204, in _new_conn
    sock = connection.create_connection(
        (self._dns_host, self.port),
    ...<2 lines>...
        socket_options=self.socket_options,
    )
  File "/Users/cyrus/Workspace/telegram-bot-bridge/venv/lib/python3.14/site-packages/urllib3/util/connection.py", line 60, in create_connection
    for res in socket.getaddrinfo(host, port, family, socket.SOCK_STREAM):
               ~~~~~~~~~~~~~~~~~~^^^^^^^^^^^^^^^^^^^^^^^^^^^^^^^^^^^^^^^^
  File "/opt/homebrew/Cellar/python@3.14/3.14.2_1/Frameworks/Python.framework/Versions/3.14/lib/python3.14/socket.py", line 983, in getaddrinfo
    for res in _socket.getaddrinfo(host, port, family, type, proto, flags):
               ~~~~~~~~~~~~~~~~~~~^^^^^^^^^^^^^^^^^^^^^^^^^^^^^^^^^^^^^^^^
socket.gaierror: [Errno 8] nodename nor servname provided, or not known

The above exception was the direct cause of the following exception:

Traceback (most recent call last):
  File "/Users/cyrus/Workspace/telegram-bot-bridge/venv/lib/python3.14/site-packages/urllib3/connectionpool.py", line 787, in urlopen
    response = self._make_request(
        conn,
    ...<10 lines>...
        **response_kw,
    )
  File "/Users/cyrus/Workspace/telegram-bot-bridge/venv/lib/python3.14/site-packages/urllib3/connectionpool.py", line 488, in _make_request
    raise new_e
  File "/Users/cyrus/Workspace/telegram-bot-bridge/venv/lib/python3.14/site-packages/urllib3/connectionpool.py", line 464, in _make_request
    self._validate_conn(conn)
    ~~~~~~~~~~~~~~~~~~~^^^^^^
  File "/Users/cyrus/Workspace/telegram-bot-bridge/venv/lib/python3.14/site-packages/urllib3/connectionpool.py", line 1093, in _validate_conn
    conn.connect()
    ~~~~~~~~~~~~^^
  File "/Users/cyrus/Workspace/telegram-bot-bridge/venv/lib/python3.14/site-packages/urllib3/connection.py", line 759, in connect
    self.sock = sock = self._new_conn()
                       ~~~~~~~~~~~~~~^^
  File "/Users/cyrus/Workspace/telegram-bot-bridge/venv/lib/python3.14/site-packages/urllib3/connection.py", line 211, in _new_conn
    raise NameResolutionError(self.host, self, e) from e
urllib3.exceptions.NameResolutionError: HTTPSConnection(host='api.telegram.org', port=443): Failed to resolve 'api.telegram.org' ([Errno 8] nodename nor servname provided, or not known)

The above exception was the direct cause of the following exception:

Traceback (most recent call last):
  File "/Users/cyrus/Workspace/telegram-bot-bridge/venv/lib/python3.14/site-packages/requests/adapters.py", line 644, in send
    resp = conn.urlopen(
        method=request.method,
    ...<9 lines>...
        chunked=chunked,
    )
  File "/Users/cyrus/Workspace/telegram-bot-bridge/venv/lib/python3.14/site-packages/urllib3/connectionpool.py", line 841, in urlopen
    retries = retries.increment(
        method, url, error=new_e, _pool=self, _stacktrace=sys.exc_info()[2]
    )
  File "/Users/cyrus/Workspace/telegram-bot-bridge/venv/lib/python3.14/site-packages/urllib3/util/retry.py", line 535, in increment
    raise MaxRetryError(_pool, url, reason) from reason  # type: ignore[arg-type]
    ^^^^^^^^^^^^^^^^^^^^^^^^^^^^^^^^^^^^^^^^^^^^^^^^^^^
urllib3.exceptions.MaxRetryError: HTTPSConnectionPool(host='api.telegram.org', port=443): Max retries exceeded with url: /bot8306239044:AAF9koVWk04n6HerHTPSh9UTzHRedVbCAqM/getUpdates?offset=409940244&timeout=20 (Caused by NameResolutionError("HTTPSConnection(host='api.telegram.org', port=443): Failed to resolve 'api.telegram.org' ([Errno 8] nodename nor servname provided, or not known)"))

During handling of the above exception, another exception occurred:

Traceback (most recent call last):
  File "/Users/cyrus/Workspace/telegram-bot-bridge/venv/lib/python3.14/site-packages/telebot/__init__.py", line 957, in infinity_polling
    self.polling(non_stop=True, timeout=timeout, long_polling_timeout=long_polling_timeout,
    ~~~~~~~~~~~~^^^^^^^^^^^^^^^^^^^^^^^^^^^^^^^^^^^^^^^^^^^^^^^^^^^^^^^^^^^^^^^^^^^^^^^^^^^
                 logger_level=logger_level, allowed_updates=allowed_updates, restart_on_change=False,
                 ^^^^^^^^^^^^^^^^^^^^^^^^^^^^^^^^^^^^^^^^^^^^^^^^^^^^^^^^^^^^^^^^^^^^^^^^^^^^^^^^^^^^
                 *args, **kwargs)
                 ^^^^^^^^^^^^^^^^
  File "/Users/cyrus/Workspace/telegram-bot-bridge/venv/lib/python3.14/site-packages/telebot/__init__.py", line 1045, in polling
    self.__threaded_polling(non_stop=non_stop, interval=interval, timeout=timeout, long_polling_timeout=long_polling_timeout,
    ~~~~~~~~~~~~~~~~~~~~~~~^^^^^^^^^^^^^^^^^^^^^^^^^^^^^^^^^^^^^^^^^^^^^^^^^^^^^^^^^^^^^^^^^^^^^^^^^^^^^^^^^^^^^^^^^^^^^^^^^^
                            logger_level=logger_level, allowed_updates=allowed_updates)
                            ^^^^^^^^^^^^^^^^^^^^^^^^^^^^^^^^^^^^^^^^^^^^^^^^^^^^^^^^^^^
  File "/Users/cyrus/Workspace/telegram-bot-bridge/venv/lib/python3.14/site-packages/telebot/__init__.py", line 1120, in __threaded_polling
    raise e
  File "/Users/cyrus/Workspace/telegram-bot-bridge/venv/lib/python3.14/site-packages/telebot/__init__.py", line 1081, in __threaded_polling
    polling_thread.raise_exceptions()
    ~~~~~~~~~~~~~~~~~~~~~~~~~~~~~~~^^
  File "/Users/cyrus/Workspace/telegram-bot-bridge/venv/lib/python3.14/site-packages/telebot/util.py", line 108, in raise_exceptions
    raise self.exception_info
  File "/Users/cyrus/Workspace/telegram-bot-bridge/venv/lib/python3.14/site-packages/telebot/util.py", line 90, in run
    task(*args, **kwargs)
    ~~~~^^^^^^^^^^^^^^^^^
  File "/Users/cyrus/Workspace/telegram-bot-bridge/venv/lib/python3.14/site-packages/telebot/__init__.py", line 651, in __retrieve_updates
    updates = self.get_updates(offset=(self.last_update_id + 1),
                               allowed_updates=allowed_updates,
                               timeout=timeout, long_polling_timeout=long_polling_timeout)
  File "/Users/cyrus/Workspace/telegram-bot-bridge/venv/lib/python3.14/site-packages/telebot/__init__.py", line 625, in get_updates
    json_updates = apihelper.get_updates(self.token, offset, limit, timeout, allowed_updates, long_polling_timeout)
  File "/Users/cyrus/Workspace/telegram-bot-bridge/venv/lib/python3.14/site-packages/telebot/apihelper.py", line 323, in get_updates
    return _make_request(token, method_url, params=payload)
  File "/Users/cyrus/Workspace/telegram-bot-bridge/venv/lib/python3.14/site-packages/telebot/apihelper.py", line 158, in _make_request
    result = _get_req_session().request(
        method, request_url, params=params, files=files,
        timeout=(connect_timeout, read_timeout), proxies=proxy)
  File "/Users/cyrus/Workspace/telegram-bot-bridge/venv/lib/python3.14/site-packages/requests/sessions.py", line 589, in request
    resp = self.send(prep, **send_kwargs)
  File "/Users/cyrus/Workspace/telegram-bot-bridge/venv/lib/python3.14/site-packages/requests/sessions.py", line 703, in send
    r = adapter.send(request, **kwargs)
  File "/Users/cyrus/Workspace/telegram-bot-bridge/venv/lib/python3.14/site-packages/requests/adapters.py", line 677, in send
    raise ConnectionError(e, request=request)
requests.exceptions.ConnectionError: HTTPSConnectionPool(host='api.telegram.org', port=443): Max retries exceeded with url: /bot8306239044:AAF9koVWk04n6HerHTPSh9UTzHRedVbCAqM/getUpdates?offset=409940244&timeout=20 (Caused by NameResolutionError("HTTPSConnection(host='api.telegram.org', port=443): Failed to resolve 'api.telegram.org' ([Errno 8] nodename nor servname provided, or not known)"))
"
2026-05-09 02:57:55,516 (__init__.py:962 MainThread) ERROR - TeleBot: "Infinity polling exception: HTTPSConnectionPool(host='api.telegram.org', port=443): Max retries exceeded with url: /bot8306239044:AAF9koVWk04n6HerHTPSh9UTzHRedVbCAqM/getUpdates?offset=409940244&timeout=20 (Caused by NameResolutionError("HTTPSConnection(host='api.telegram.org', port=443): Failed to resolve 'api.telegram.org' ([Errno 8] nodename nor servname provided, or not known)"))"
2026-05-09 02:57:55,519 (__init__.py:964 MainThread) ERROR - TeleBot: "Exception traceback:
Traceback (most recent call last):
  File "/Users/cyrus/Workspace/telegram-bot-bridge/venv/lib/python3.14/site-packages/urllib3/connection.py", line 204, in _new_conn
    sock = connection.create_connection(
        (self._dns_host, self.port),
    ...<2 lines>...
        socket_options=self.socket_options,
    )
  File "/Users/cyrus/Workspace/telegram-bot-bridge/venv/lib/python3.14/site-packages/urllib3/util/connection.py", line 60, in create_connection
    for res in socket.getaddrinfo(host, port, family, socket.SOCK_STREAM):
               ~~~~~~~~~~~~~~~~~~^^^^^^^^^^^^^^^^^^^^^^^^^^^^^^^^^^^^^^^^
  File "/opt/homebrew/Cellar/python@3.14/3.14.2_1/Frameworks/Python.framework/Versions/3.14/lib/python3.14/socket.py", line 983, in getaddrinfo
    for res in _socket.getaddrinfo(host, port, family, type, proto, flags):
               ~~~~~~~~~~~~~~~~~~~^^^^^^^^^^^^^^^^^^^^^^^^^^^^^^^^^^^^^^^^
socket.gaierror: [Errno 8] nodename nor servname provided, or not known

The above exception was the direct cause of the following exception:

Traceback (most recent call last):
  File "/Users/cyrus/Workspace/telegram-bot-bridge/venv/lib/python3.14/site-packages/urllib3/connectionpool.py", line 787, in urlopen
    response = self._make_request(
        conn,
    ...<10 lines>...
        **response_kw,
    )
  File "/Users/cyrus/Workspace/telegram-bot-bridge/venv/lib/python3.14/site-packages/urllib3/connectionpool.py", line 488, in _make_request
    raise new_e
  File "/Users/cyrus/Workspace/telegram-bot-bridge/venv/lib/python3.14/site-packages/urllib3/connectionpool.py", line 464, in _make_request
    self._validate_conn(conn)
    ~~~~~~~~~~~~~~~~~~~^^^^^^
  File "/Users/cyrus/Workspace/telegram-bot-bridge/venv/lib/python3.14/site-packages/urllib3/connectionpool.py", line 1093, in _validate_conn
    conn.connect()
    ~~~~~~~~~~~~^^
  File "/Users/cyrus/Workspace/telegram-bot-bridge/venv/lib/python3.14/site-packages/urllib3/connection.py", line 759, in connect
    self.sock = sock = self._new_conn()
                       ~~~~~~~~~~~~~~^^
  File "/Users/cyrus/Workspace/telegram-bot-bridge/venv/lib/python3.14/site-packages/urllib3/connection.py", line 211, in _new_conn
    raise NameResolutionError(self.host, self, e) from e
urllib3.exceptions.NameResolutionError: HTTPSConnection(host='api.telegram.org', port=443): Failed to resolve 'api.telegram.org' ([Errno 8] nodename nor servname provided, or not known)

The above exception was the direct cause of the following exception:

Traceback (most recent call last):
  File "/Users/cyrus/Workspace/telegram-bot-bridge/venv/lib/python3.14/site-packages/requests/adapters.py", line 644, in send
    resp = conn.urlopen(
        method=request.method,
    ...<9 lines>...
        chunked=chunked,
    )
  File "/Users/cyrus/Workspace/telegram-bot-bridge/venv/lib/python3.14/site-packages/urllib3/connectionpool.py", line 841, in urlopen
    retries = retries.increment(
        method, url, error=new_e, _pool=self, _stacktrace=sys.exc_info()[2]
    )
  File "/Users/cyrus/Workspace/telegram-bot-bridge/venv/lib/python3.14/site-packages/urllib3/util/retry.py", line 535, in increment
    raise MaxRetryError(_pool, url, reason) from reason  # type: ignore[arg-type]
    ^^^^^^^^^^^^^^^^^^^^^^^^^^^^^^^^^^^^^^^^^^^^^^^^^^^
urllib3.exceptions.MaxRetryError: HTTPSConnectionPool(host='api.telegram.org', port=443): Max retries exceeded with url: /bot8306239044:AAF9koVWk04n6HerHTPSh9UTzHRedVbCAqM/getUpdates?offset=409940244&timeout=20 (Caused by NameResolutionError("HTTPSConnection(host='api.telegram.org', port=443): Failed to resolve 'api.telegram.org' ([Errno 8] nodename nor servname provided, or not known)"))

During handling of the above exception, another exception occurred:

Traceback (most recent call last):
  File "/Users/cyrus/Workspace/telegram-bot-bridge/venv/lib/python3.14/site-packages/telebot/__init__.py", line 957, in infinity_polling
    self.polling(non_stop=True, timeout=timeout, long_polling_timeout=long_polling_timeout,
    ~~~~~~~~~~~~^^^^^^^^^^^^^^^^^^^^^^^^^^^^^^^^^^^^^^^^^^^^^^^^^^^^^^^^^^^^^^^^^^^^^^^^^^^
                 logger_level=logger_level, allowed_updates=allowed_updates, restart_on_change=False,
                 ^^^^^^^^^^^^^^^^^^^^^^^^^^^^^^^^^^^^^^^^^^^^^^^^^^^^^^^^^^^^^^^^^^^^^^^^^^^^^^^^^^^^
                 *args, **kwargs)
                 ^^^^^^^^^^^^^^^^
  File "/Users/cyrus/Workspace/telegram-bot-bridge/venv/lib/python3.14/site-packages/telebot/__init__.py", line 1045, in polling
    self.__threaded_polling(non_stop=non_stop, interval=interval, timeout=timeout, long_polling_timeout=long_polling_timeout,
    ~~~~~~~~~~~~~~~~~~~~~~~^^^^^^^^^^^^^^^^^^^^^^^^^^^^^^^^^^^^^^^^^^^^^^^^^^^^^^^^^^^^^^^^^^^^^^^^^^^^^^^^^^^^^^^^^^^^^^^^^^
                            logger_level=logger_level, allowed_updates=allowed_updates)
                            ^^^^^^^^^^^^^^^^^^^^^^^^^^^^^^^^^^^^^^^^^^^^^^^^^^^^^^^^^^^
  File "/Users/cyrus/Workspace/telegram-bot-bridge/venv/lib/python3.14/site-packages/telebot/__init__.py", line 1120, in __threaded_polling
    raise e
  File "/Users/cyrus/Workspace/telegram-bot-bridge/venv/lib/python3.14/site-packages/telebot/__init__.py", line 1081, in __threaded_polling
    polling_thread.raise_exceptions()
    ~~~~~~~~~~~~~~~~~~~~~~~~~~~~~~~^^
  File "/Users/cyrus/Workspace/telegram-bot-bridge/venv/lib/python3.14/site-packages/telebot/util.py", line 108, in raise_exceptions
    raise self.exception_info
  File "/Users/cyrus/Workspace/telegram-bot-bridge/venv/lib/python3.14/site-packages/telebot/util.py", line 90, in run
    task(*args, **kwargs)
    ~~~~^^^^^^^^^^^^^^^^^
  File "/Users/cyrus/Workspace/telegram-bot-bridge/venv/lib/python3.14/site-packages/telebot/__init__.py", line 651, in __retrieve_updates
    updates = self.get_updates(offset=(self.last_update_id + 1),
                               allowed_updates=allowed_updates,
                               timeout=timeout, long_polling_timeout=long_polling_timeout)
  File "/Users/cyrus/Workspace/telegram-bot-bridge/venv/lib/python3.14/site-packages/telebot/__init__.py", line 625, in get_updates
    json_updates = apihelper.get_updates(self.token, offset, limit, timeout, allowed_updates, long_polling_timeout)
  File "/Users/cyrus/Workspace/telegram-bot-bridge/venv/lib/python3.14/site-packages/telebot/apihelper.py", line 323, in get_updates
    return _make_request(token, method_url, params=payload)
  File "/Users/cyrus/Workspace/telegram-bot-bridge/venv/lib/python3.14/site-packages/telebot/apihelper.py", line 158, in _make_request
    result = _get_req_session().request(
        method, request_url, params=params, files=files,
        timeout=(connect_timeout, read_timeout), proxies=proxy)
  File "/Users/cyrus/Workspace/telegram-bot-bridge/venv/lib/python3.14/site-packages/requests/sessions.py", line 589, in request
    resp = self.send(prep, **send_kwargs)
  File "/Users/cyrus/Workspace/telegram-bot-bridge/venv/lib/python3.14/site-packages/requests/sessions.py", line 703, in send
    r = adapter.send(request, **kwargs)
  File "/Users/cyrus/Workspace/telegram-bot-bridge/venv/lib/python3.14/site-packages/requests/adapters.py", line 677, in send
    raise ConnectionError(e, request=request)
requests.exceptions.ConnectionError: HTTPSConnectionPool(host='api.telegram.org', port=443): Max retries exceeded with url: /bot8306239044:AAF9koVWk04n6HerHTPSh9UTzHRedVbCAqM/getUpdates?offset=409940244&timeout=20 (Caused by NameResolutionError("HTTPSConnection(host='api.telegram.org', port=443): Failed to resolve 'api.telegram.org' ([Errno 8] nodename nor servname provided, or not known)"))
"
2026-05-09 02:58:01,531 (__init__.py:962 MainThread) ERROR - TeleBot: "Infinity polling exception: HTTPSConnectionPool(host='api.telegram.org', port=443): Max retries exceeded with url: /bot8306239044:AAF9koVWk04n6HerHTPSh9UTzHRedVbCAqM/getUpdates?offset=409940244&timeout=20 (Caused by NameResolutionError("HTTPSConnection(host='api.telegram.org', port=443): Failed to resolve 'api.telegram.org' ([Errno 8] nodename nor servname provided, or not known)"))"
2026-05-09 02:58:01,535 (__init__.py:964 MainThread) ERROR - TeleBot: "Exception traceback:
Traceback (most recent call last):
  File "/Users/cyrus/Workspace/telegram-bot-bridge/venv/lib/python3.14/site-packages/urllib3/connection.py", line 204, in _new_conn
    sock = connection.create_connection(
        (self._dns_host, self.port),
    ...<2 lines>...
        socket_options=self.socket_options,
    )
  File "/Users/cyrus/Workspace/telegram-bot-bridge/venv/lib/python3.14/site-packages/urllib3/util/connection.py", line 60, in create_connection
    for res in socket.getaddrinfo(host, port, family, socket.SOCK_STREAM):
               ~~~~~~~~~~~~~~~~~~^^^^^^^^^^^^^^^^^^^^^^^^^^^^^^^^^^^^^^^^
  File "/opt/homebrew/Cellar/python@3.14/3.14.2_1/Frameworks/Python.framework/Versions/3.14/lib/python3.14/socket.py", line 983, in getaddrinfo
    for res in _socket.getaddrinfo(host, port, family, type, proto, flags):
               ~~~~~~~~~~~~~~~~~~~^^^^^^^^^^^^^^^^^^^^^^^^^^^^^^^^^^^^^^^^
socket.gaierror: [Errno 8] nodename nor servname provided, or not known

The above exception was the direct cause of the following exception:

Traceback (most recent call last):
  File "/Users/cyrus/Workspace/telegram-bot-bridge/venv/lib/python3.14/site-packages/urllib3/connectionpool.py", line 787, in urlopen
    response = self._make_request(
        conn,
    ...<10 lines>...
        **response_kw,
    )
  File "/Users/cyrus/Workspace/telegram-bot-bridge/venv/lib/python3.14/site-packages/urllib3/connectionpool.py", line 488, in _make_request
    raise new_e
  File "/Users/cyrus/Workspace/telegram-bot-bridge/venv/lib/python3.14/site-packages/urllib3/connectionpool.py", line 464, in _make_request
    self._validate_conn(conn)
    ~~~~~~~~~~~~~~~~~~~^^^^^^
  File "/Users/cyrus/Workspace/telegram-bot-bridge/venv/lib/python3.14/site-packages/urllib3/connectionpool.py", line 1093, in _validate_conn
    conn.connect()
    ~~~~~~~~~~~~^^
  File "/Users/cyrus/Workspace/telegram-bot-bridge/venv/lib/python3.14/site-packages/urllib3/connection.py", line 759, in connect
    self.sock = sock = self._new_conn()
                       ~~~~~~~~~~~~~~^^
  File "/Users/cyrus/Workspace/telegram-bot-bridge/venv/lib/python3.14/site-packages/urllib3/connection.py", line 211, in _new_conn
    raise NameResolutionError(self.host, self, e) from e
urllib3.exceptions.NameResolutionError: HTTPSConnection(host='api.telegram.org', port=443): Failed to resolve 'api.telegram.org' ([Errno 8] nodename nor servname provided, or not known)

The above exception was the direct cause of the following exception:

Traceback (most recent call last):
  File "/Users/cyrus/Workspace/telegram-bot-bridge/venv/lib/python3.14/site-packages/requests/adapters.py", line 644, in send
    resp = conn.urlopen(
        method=request.method,
    ...<9 lines>...
        chunked=chunked,
    )
  File "/Users/cyrus/Workspace/telegram-bot-bridge/venv/lib/python3.14/site-packages/urllib3/connectionpool.py", line 841, in urlopen
    retries = retries.increment(
        method, url, error=new_e, _pool=self, _stacktrace=sys.exc_info()[2]
    )
  File "/Users/cyrus/Workspace/telegram-bot-bridge/venv/lib/python3.14/site-packages/urllib3/util/retry.py", line 535, in increment
    raise MaxRetryError(_pool, url, reason) from reason  # type: ignore[arg-type]
    ^^^^^^^^^^^^^^^^^^^^^^^^^^^^^^^^^^^^^^^^^^^^^^^^^^^
urllib3.exceptions.MaxRetryError: HTTPSConnectionPool(host='api.telegram.org', port=443): Max retries exceeded with url: /bot8306239044:AAF9koVWk04n6HerHTPSh9UTzHRedVbCAqM/getUpdates?offset=409940244&timeout=20 (Caused by NameResolutionError("HTTPSConnection(host='api.telegram.org', port=443): Failed to resolve 'api.telegram.org' ([Errno 8] nodename nor servname provided, or not known)"))

During handling of the above exception, another exception occurred:

Traceback (most recent call last):
  File "/Users/cyrus/Workspace/telegram-bot-bridge/venv/lib/python3.14/site-packages/telebot/__init__.py", line 957, in infinity_polling
    self.polling(non_stop=True, timeout=timeout, long_polling_timeout=long_polling_timeout,
    ~~~~~~~~~~~~^^^^^^^^^^^^^^^^^^^^^^^^^^^^^^^^^^^^^^^^^^^^^^^^^^^^^^^^^^^^^^^^^^^^^^^^^^^
                 logger_level=logger_level, allowed_updates=allowed_updates, restart_on_change=False,
                 ^^^^^^^^^^^^^^^^^^^^^^^^^^^^^^^^^^^^^^^^^^^^^^^^^^^^^^^^^^^^^^^^^^^^^^^^^^^^^^^^^^^^
                 *args, **kwargs)
                 ^^^^^^^^^^^^^^^^
  File "/Users/cyrus/Workspace/telegram-bot-bridge/venv/lib/python3.14/site-packages/telebot/__init__.py", line 1045, in polling
    self.__threaded_polling(non_stop=non_stop, interval=interval, timeout=timeout, long_polling_timeout=long_polling_timeout,
    ~~~~~~~~~~~~~~~~~~~~~~~^^^^^^^^^^^^^^^^^^^^^^^^^^^^^^^^^^^^^^^^^^^^^^^^^^^^^^^^^^^^^^^^^^^^^^^^^^^^^^^^^^^^^^^^^^^^^^^^^^
                            logger_level=logger_level, allowed_updates=allowed_updates)
                            ^^^^^^^^^^^^^^^^^^^^^^^^^^^^^^^^^^^^^^^^^^^^^^^^^^^^^^^^^^^
  File "/Users/cyrus/Workspace/telegram-bot-bridge/venv/lib/python3.14/site-packages/telebot/__init__.py", line 1120, in __threaded_polling
    raise e
  File "/Users/cyrus/Workspace/telegram-bot-bridge/venv/lib/python3.14/site-packages/telebot/__init__.py", line 1081, in __threaded_polling
    polling_thread.raise_exceptions()
    ~~~~~~~~~~~~~~~~~~~~~~~~~~~~~~~^^
  File "/Users/cyrus/Workspace/telegram-bot-bridge/venv/lib/python3.14/site-packages/telebot/util.py", line 108, in raise_exceptions
    raise self.exception_info
  File "/Users/cyrus/Workspace/telegram-bot-bridge/venv/lib/python3.14/site-packages/telebot/util.py", line 90, in run
    task(*args, **kwargs)
    ~~~~^^^^^^^^^^^^^^^^^
  File "/Users/cyrus/Workspace/telegram-bot-bridge/venv/lib/python3.14/site-packages/telebot/__init__.py", line 651, in __retrieve_updates
    updates = self.get_updates(offset=(self.last_update_id + 1),
                               allowed_updates=allowed_updates,
                               timeout=timeout, long_polling_timeout=long_polling_timeout)
  File "/Users/cyrus/Workspace/telegram-bot-bridge/venv/lib/python3.14/site-packages/telebot/__init__.py", line 625, in get_updates
    json_updates = apihelper.get_updates(self.token, offset, limit, timeout, allowed_updates, long_polling_timeout)
  File "/Users/cyrus/Workspace/telegram-bot-bridge/venv/lib/python3.14/site-packages/telebot/apihelper.py", line 323, in get_updates
    return _make_request(token, method_url, params=payload)
  File "/Users/cyrus/Workspace/telegram-bot-bridge/venv/lib/python3.14/site-packages/telebot/apihelper.py", line 158, in _make_request
    result = _get_req_session().request(
        method, request_url, params=params, files=files,
        timeout=(connect_timeout, read_timeout), proxies=proxy)
  File "/Users/cyrus/Workspace/telegram-bot-bridge/venv/lib/python3.14/site-packages/requests/sessions.py", line 589, in request
    resp = self.send(prep, **send_kwargs)
  File "/Users/cyrus/Workspace/telegram-bot-bridge/venv/lib/python3.14/site-packages/requests/sessions.py", line 703, in send
    r = adapter.send(request, **kwargs)
  File "/Users/cyrus/Workspace/telegram-bot-bridge/venv/lib/python3.14/site-packages/requests/adapters.py", line 677, in send
    raise ConnectionError(e, request=request)
requests.exceptions.ConnectionError: HTTPSConnectionPool(host='api.telegram.org', port=443): Max retries exceeded with url: /bot8306239044:AAF9koVWk04n6HerHTPSh9UTzHRedVbCAqM/getUpdates?offset=409940244&timeout=20 (Caused by NameResolutionError("HTTPSConnection(host='api.telegram.org', port=443): Failed to resolve 'api.telegram.org' ([Errno 8] nodename nor servname provided, or not known)"))
"
2026-05-09 02:58:07,547 (__init__.py:962 MainThread) ERROR - TeleBot: "Infinity polling exception: HTTPSConnectionPool(host='api.telegram.org', port=443): Max retries exceeded with url: /bot8306239044:AAF9koVWk04n6HerHTPSh9UTzHRedVbCAqM/getUpdates?offset=409940244&timeout=20 (Caused by NameResolutionError("HTTPSConnection(host='api.telegram.org', port=443): Failed to resolve 'api.telegram.org' ([Errno 8] nodename nor servname provided, or not known)"))"
2026-05-09 02:58:07,551 (__init__.py:964 MainThread) ERROR - TeleBot: "Exception traceback:
Traceback (most recent call last):
  File "/Users/cyrus/Workspace/telegram-bot-bridge/venv/lib/python3.14/site-packages/urllib3/connection.py", line 204, in _new_conn
    sock = connection.create_connection(
        (self._dns_host, self.port),
    ...<2 lines>...
        socket_options=self.socket_options,
    )
  File "/Users/cyrus/Workspace/telegram-bot-bridge/venv/lib/python3.14/site-packages/urllib3/util/connection.py", line 60, in create_connection
    for res in socket.getaddrinfo(host, port, family, socket.SOCK_STREAM):
               ~~~~~~~~~~~~~~~~~~^^^^^^^^^^^^^^^^^^^^^^^^^^^^^^^^^^^^^^^^
  File "/opt/homebrew/Cellar/python@3.14/3.14.2_1/Frameworks/Python.framework/Versions/3.14/lib/python3.14/socket.py", line 983, in getaddrinfo
    for res in _socket.getaddrinfo(host, port, family, type, proto, flags):
               ~~~~~~~~~~~~~~~~~~~^^^^^^^^^^^^^^^^^^^^^^^^^^^^^^^^^^^^^^^^
socket.gaierror: [Errno 8] nodename nor servname provided, or not known

The above exception was the direct cause of the following exception:

Traceback (most recent call last):
  File "/Users/cyrus/Workspace/telegram-bot-bridge/venv/lib/python3.14/site-packages/urllib3/connectionpool.py", line 787, in urlopen
    response = self._make_request(
        conn,
    ...<10 lines>...
        **response_kw,
    )
  File "/Users/cyrus/Workspace/telegram-bot-bridge/venv/lib/python3.14/site-packages/urllib3/connectionpool.py", line 488, in _make_request
    raise new_e
  File "/Users/cyrus/Workspace/telegram-bot-bridge/venv/lib/python3.14/site-packages/urllib3/connectionpool.py", line 464, in _make_request
    self._validate_conn(conn)
    ~~~~~~~~~~~~~~~~~~~^^^^^^
  File "/Users/cyrus/Workspace/telegram-bot-bridge/venv/lib/python3.14/site-packages/urllib3/connectionpool.py", line 1093, in _validate_conn
    conn.connect()
    ~~~~~~~~~~~~^^
  File "/Users/cyrus/Workspace/telegram-bot-bridge/venv/lib/python3.14/site-packages/urllib3/connection.py", line 759, in connect
    self.sock = sock = self._new_conn()
                       ~~~~~~~~~~~~~~^^
  File "/Users/cyrus/Workspace/telegram-bot-bridge/venv/lib/python3.14/site-packages/urllib3/connection.py", line 211, in _new_conn
    raise NameResolutionError(self.host, self, e) from e
urllib3.exceptions.NameResolutionError: HTTPSConnection(host='api.telegram.org', port=443): Failed to resolve 'api.telegram.org' ([Errno 8] nodename nor servname provided, or not known)

The above exception was the direct cause of the following exception:

Traceback (most recent call last):
  File "/Users/cyrus/Workspace/telegram-bot-bridge/venv/lib/python3.14/site-packages/requests/adapters.py", line 644, in send
    resp = conn.urlopen(
        method=request.method,
    ...<9 lines>...
        chunked=chunked,
    )
  File "/Users/cyrus/Workspace/telegram-bot-bridge/venv/lib/python3.14/site-packages/urllib3/connectionpool.py", line 841, in urlopen
    retries = retries.increment(
        method, url, error=new_e, _pool=self, _stacktrace=sys.exc_info()[2]
    )
  File "/Users/cyrus/Workspace/telegram-bot-bridge/venv/lib/python3.14/site-packages/urllib3/util/retry.py", line 535, in increment
    raise MaxRetryError(_pool, url, reason) from reason  # type: ignore[arg-type]
    ^^^^^^^^^^^^^^^^^^^^^^^^^^^^^^^^^^^^^^^^^^^^^^^^^^^
urllib3.exceptions.MaxRetryError: HTTPSConnectionPool(host='api.telegram.org', port=443): Max retries exceeded with url: /bot8306239044:AAF9koVWk04n6HerHTPSh9UTzHRedVbCAqM/getUpdates?offset=409940244&timeout=20 (Caused by NameResolutionError("HTTPSConnection(host='api.telegram.org', port=443): Failed to resolve 'api.telegram.org' ([Errno 8] nodename nor servname provided, or not known)"))

During handling of the above exception, another exception occurred:

Traceback (most recent call last):
  File "/Users/cyrus/Workspace/telegram-bot-bridge/venv/lib/python3.14/site-packages/telebot/__init__.py", line 957, in infinity_polling
    self.polling(non_stop=True, timeout=timeout, long_polling_timeout=long_polling_timeout,
    ~~~~~~~~~~~~^^^^^^^^^^^^^^^^^^^^^^^^^^^^^^^^^^^^^^^^^^^^^^^^^^^^^^^^^^^^^^^^^^^^^^^^^^^
                 logger_level=logger_level, allowed_updates=allowed_updates, restart_on_change=False,
                 ^^^^^^^^^^^^^^^^^^^^^^^^^^^^^^^^^^^^^^^^^^^^^^^^^^^^^^^^^^^^^^^^^^^^^^^^^^^^^^^^^^^^
                 *args, **kwargs)
                 ^^^^^^^^^^^^^^^^
  File "/Users/cyrus/Workspace/telegram-bot-bridge/venv/lib/python3.14/site-packages/telebot/__init__.py", line 1045, in polling
    self.__threaded_polling(non_stop=non_stop, interval=interval, timeout=timeout, long_polling_timeout=long_polling_timeout,
    ~~~~~~~~~~~~~~~~~~~~~~~^^^^^^^^^^^^^^^^^^^^^^^^^^^^^^^^^^^^^^^^^^^^^^^^^^^^^^^^^^^^^^^^^^^^^^^^^^^^^^^^^^^^^^^^^^^^^^^^^^
                            logger_level=logger_level, allowed_updates=allowed_updates)
                            ^^^^^^^^^^^^^^^^^^^^^^^^^^^^^^^^^^^^^^^^^^^^^^^^^^^^^^^^^^^
  File "/Users/cyrus/Workspace/telegram-bot-bridge/venv/lib/python3.14/site-packages/telebot/__init__.py", line 1120, in __threaded_polling
    raise e
  File "/Users/cyrus/Workspace/telegram-bot-bridge/venv/lib/python3.14/site-packages/telebot/__init__.py", line 1081, in __threaded_polling
    polling_thread.raise_exceptions()
    ~~~~~~~~~~~~~~~~~~~~~~~~~~~~~~~^^
  File "/Users/cyrus/Workspace/telegram-bot-bridge/venv/lib/python3.14/site-packages/telebot/util.py", line 108, in raise_exceptions
    raise self.exception_info
  File "/Users/cyrus/Workspace/telegram-bot-bridge/venv/lib/python3.14/site-packages/telebot/util.py", line 90, in run
    task(*args, **kwargs)
    ~~~~^^^^^^^^^^^^^^^^^
  File "/Users/cyrus/Workspace/telegram-bot-bridge/venv/lib/python3.14/site-packages/telebot/__init__.py", line 651, in __retrieve_updates
    updates = self.get_updates(offset=(self.last_update_id + 1),
                               allowed_updates=allowed_updates,
                               timeout=timeout, long_polling_timeout=long_polling_timeout)
  File "/Users/cyrus/Workspace/telegram-bot-bridge/venv/lib/python3.14/site-packages/telebot/__init__.py", line 625, in get_updates
    json_updates = apihelper.get_updates(self.token, offset, limit, timeout, allowed_updates, long_polling_timeout)
  File "/Users/cyrus/Workspace/telegram-bot-bridge/venv/lib/python3.14/site-packages/telebot/apihelper.py", line 323, in get_updates
    return _make_request(token, method_url, params=payload)
  File "/Users/cyrus/Workspace/telegram-bot-bridge/venv/lib/python3.14/site-packages/telebot/apihelper.py", line 158, in _make_request
    result = _get_req_session().request(
        method, request_url, params=params, files=files,
        timeout=(connect_timeout, read_timeout), proxies=proxy)
  File "/Users/cyrus/Workspace/telegram-bot-bridge/venv/lib/python3.14/site-packages/requests/sessions.py", line 589, in request
    resp = self.send(prep, **send_kwargs)
  File "/Users/cyrus/Workspace/telegram-bot-bridge/venv/lib/python3.14/site-packages/requests/sessions.py", line 703, in send
    r = adapter.send(request, **kwargs)
  File "/Users/cyrus/Workspace/telegram-bot-bridge/venv/lib/python3.14/site-packages/requests/adapters.py", line 677, in send
    raise ConnectionError(e, request=request)
requests.exceptions.ConnectionError: HTTPSConnectionPool(host='api.telegram.org', port=443): Max retries exceeded with url: /bot8306239044:AAF9koVWk04n6HerHTPSh9UTzHRedVbCAqM/getUpdates?offset=409940244&timeout=20 (Caused by NameResolutionError("HTTPSConnection(host='api.telegram.org', port=443): Failed to resolve 'api.telegram.org' ([Errno 8] nodename nor servname provided, or not known)"))
"
2026-05-09 02:58:13,565 (__init__.py:962 MainThread) ERROR - TeleBot: "Infinity polling exception: HTTPSConnectionPool(host='api.telegram.org', port=443): Max retries exceeded with url: /bot8306239044:AAF9koVWk04n6HerHTPSh9UTzHRedVbCAqM/getUpdates?offset=409940244&timeout=20 (Caused by NameResolutionError("HTTPSConnection(host='api.telegram.org', port=443): Failed to resolve 'api.telegram.org' ([Errno 8] nodename nor servname provided, or not known)"))"
2026-05-09 02:58:13,569 (__init__.py:964 MainThread) ERROR - TeleBot: "Exception traceback:
Traceback (most recent call last):
  File "/Users/cyrus/Workspace/telegram-bot-bridge/venv/lib/python3.14/site-packages/urllib3/connection.py", line 204, in _new_conn
    sock = connection.create_connection(
        (self._dns_host, self.port),
    ...<2 lines>...
        socket_options=self.socket_options,
    )
  File "/Users/cyrus/Workspace/telegram-bot-bridge/venv/lib/python3.14/site-packages/urllib3/util/connection.py", line 60, in create_connection
    for res in socket.getaddrinfo(host, port, family, socket.SOCK_STREAM):
               ~~~~~~~~~~~~~~~~~~^^^^^^^^^^^^^^^^^^^^^^^^^^^^^^^^^^^^^^^^
  File "/opt/homebrew/Cellar/python@3.14/3.14.2_1/Frameworks/Python.framework/Versions/3.14/lib/python3.14/socket.py", line 983, in getaddrinfo
    for res in _socket.getaddrinfo(host, port, family, type, proto, flags):
               ~~~~~~~~~~~~~~~~~~~^^^^^^^^^^^^^^^^^^^^^^^^^^^^^^^^^^^^^^^^
socket.gaierror: [Errno 8] nodename nor servname provided, or not known

The above exception was the direct cause of the following exception:

Traceback (most recent call last):
  File "/Users/cyrus/Workspace/telegram-bot-bridge/venv/lib/python3.14/site-packages/urllib3/connectionpool.py", line 787, in urlopen
    response = self._make_request(
        conn,
    ...<10 lines>...
        **response_kw,
    )
  File "/Users/cyrus/Workspace/telegram-bot-bridge/venv/lib/python3.14/site-packages/urllib3/connectionpool.py", line 488, in _make_request
    raise new_e
  File "/Users/cyrus/Workspace/telegram-bot-bridge/venv/lib/python3.14/site-packages/urllib3/connectionpool.py", line 464, in _make_request
    self._validate_conn(conn)
    ~~~~~~~~~~~~~~~~~~~^^^^^^
  File "/Users/cyrus/Workspace/telegram-bot-bridge/venv/lib/python3.14/site-packages/urllib3/connectionpool.py", line 1093, in _validate_conn
    conn.connect()
    ~~~~~~~~~~~~^^
  File "/Users/cyrus/Workspace/telegram-bot-bridge/venv/lib/python3.14/site-packages/urllib3/connection.py", line 759, in connect
    self.sock = sock = self._new_conn()
                       ~~~~~~~~~~~~~~^^
  File "/Users/cyrus/Workspace/telegram-bot-bridge/venv/lib/python3.14/site-packages/urllib3/connection.py", line 211, in _new_conn
    raise NameResolutionError(self.host, self, e) from e
urllib3.exceptions.NameResolutionError: HTTPSConnection(host='api.telegram.org', port=443): Failed to resolve 'api.telegram.org' ([Errno 8] nodename nor servname provided, or not known)

The above exception was the direct cause of the following exception:

Traceback (most recent call last):
  File "/Users/cyrus/Workspace/telegram-bot-bridge/venv/lib/python3.14/site-packages/requests/adapters.py", line 644, in send
    resp = conn.urlopen(
        method=request.method,
    ...<9 lines>...
        chunked=chunked,
    )
  File "/Users/cyrus/Workspace/telegram-bot-bridge/venv/lib/python3.14/site-packages/urllib3/connectionpool.py", line 841, in urlopen
    retries = retries.increment(
        method, url, error=new_e, _pool=self, _stacktrace=sys.exc_info()[2]
    )
  File "/Users/cyrus/Workspace/telegram-bot-bridge/venv/lib/python3.14/site-packages/urllib3/util/retry.py", line 535, in increment
    raise MaxRetryError(_pool, url, reason) from reason  # type: ignore[arg-type]
    ^^^^^^^^^^^^^^^^^^^^^^^^^^^^^^^^^^^^^^^^^^^^^^^^^^^
urllib3.exceptions.MaxRetryError: HTTPSConnectionPool(host='api.telegram.org', port=443): Max retries exceeded with url: /bot8306239044:AAF9koVWk04n6HerHTPSh9UTzHRedVbCAqM/getUpdates?offset=409940244&timeout=20 (Caused by NameResolutionError("HTTPSConnection(host='api.telegram.org', port=443): Failed to resolve 'api.telegram.org' ([Errno 8] nodename nor servname provided, or not known)"))

During handling of the above exception, another exception occurred:

Traceback (most recent call last):
  File "/Users/cyrus/Workspace/telegram-bot-bridge/venv/lib/python3.14/site-packages/telebot/__init__.py", line 957, in infinity_polling
    self.polling(non_stop=True, timeout=timeout, long_polling_timeout=long_polling_timeout,
    ~~~~~~~~~~~~^^^^^^^^^^^^^^^^^^^^^^^^^^^^^^^^^^^^^^^^^^^^^^^^^^^^^^^^^^^^^^^^^^^^^^^^^^^
                 logger_level=logger_level, allowed_updates=allowed_updates, restart_on_change=False,
                 ^^^^^^^^^^^^^^^^^^^^^^^^^^^^^^^^^^^^^^^^^^^^^^^^^^^^^^^^^^^^^^^^^^^^^^^^^^^^^^^^^^^^
                 *args, **kwargs)
                 ^^^^^^^^^^^^^^^^
  File "/Users/cyrus/Workspace/telegram-bot-bridge/venv/lib/python3.14/site-packages/telebot/__init__.py", line 1045, in polling
    self.__threaded_polling(non_stop=non_stop, interval=interval, timeout=timeout, long_polling_timeout=long_polling_timeout,
    ~~~~~~~~~~~~~~~~~~~~~~~^^^^^^^^^^^^^^^^^^^^^^^^^^^^^^^^^^^^^^^^^^^^^^^^^^^^^^^^^^^^^^^^^^^^^^^^^^^^^^^^^^^^^^^^^^^^^^^^^^
                            logger_level=logger_level, allowed_updates=allowed_updates)
                            ^^^^^^^^^^^^^^^^^^^^^^^^^^^^^^^^^^^^^^^^^^^^^^^^^^^^^^^^^^^
  File "/Users/cyrus/Workspace/telegram-bot-bridge/venv/lib/python3.14/site-packages/telebot/__init__.py", line 1120, in __threaded_polling
    raise e
  File "/Users/cyrus/Workspace/telegram-bot-bridge/venv/lib/python3.14/site-packages/telebot/__init__.py", line 1081, in __threaded_polling
    polling_thread.raise_exceptions()
    ~~~~~~~~~~~~~~~~~~~~~~~~~~~~~~~^^
  File "/Users/cyrus/Workspace/telegram-bot-bridge/venv/lib/python3.14/site-packages/telebot/util.py", line 108, in raise_exceptions
    raise self.exception_info
  File "/Users/cyrus/Workspace/telegram-bot-bridge/venv/lib/python3.14/site-packages/telebot/util.py", line 90, in run
    task(*args, **kwargs)
    ~~~~^^^^^^^^^^^^^^^^^
  File "/Users/cyrus/Workspace/telegram-bot-bridge/venv/lib/python3.14/site-packages/telebot/__init__.py", line 651, in __retrieve_updates
    updates = self.get_updates(offset=(self.last_update_id + 1),
                               allowed_updates=allowed_updates,
                               timeout=timeout, long_polling_timeout=long_polling_timeout)
  File "/Users/cyrus/Workspace/telegram-bot-bridge/venv/lib/python3.14/site-packages/telebot/__init__.py", line 625, in get_updates
    json_updates = apihelper.get_updates(self.token, offset, limit, timeout, allowed_updates, long_polling_timeout)
  File "/Users/cyrus/Workspace/telegram-bot-bridge/venv/lib/python3.14/site-packages/telebot/apihelper.py", line 323, in get_updates
    return _make_request(token, method_url, params=payload)
  File "/Users/cyrus/Workspace/telegram-bot-bridge/venv/lib/python3.14/site-packages/telebot/apihelper.py", line 158, in _make_request
    result = _get_req_session().request(
        method, request_url, params=params, files=files,
        timeout=(connect_timeout, read_timeout), proxies=proxy)
  File "/Users/cyrus/Workspace/telegram-bot-bridge/venv/lib/python3.14/site-packages/requests/sessions.py", line 589, in request
    resp = self.send(prep, **send_kwargs)
  File "/Users/cyrus/Workspace/telegram-bot-bridge/venv/lib/python3.14/site-packages/requests/sessions.py", line 703, in send
    r = adapter.send(request, **kwargs)
  File "/Users/cyrus/Workspace/telegram-bot-bridge/venv/lib/python3.14/site-packages/requests/adapters.py", line 677, in send
    raise ConnectionError(e, request=request)
requests.exceptions.ConnectionError: HTTPSConnectionPool(host='api.telegram.org', port=443): Max retries exceeded with url: /bot8306239044:AAF9koVWk04n6HerHTPSh9UTzHRedVbCAqM/getUpdates?offset=409940244&timeout=20 (Caused by NameResolutionError("HTTPSConnection(host='api.telegram.org', port=443): Failed to resolve 'api.telegram.org' ([Errno 8] nodename nor servname provided, or not known)"))
"
2026-05-09 02:58:19,582 (__init__.py:962 MainThread) ERROR - TeleBot: "Infinity polling exception: HTTPSConnectionPool(host='api.telegram.org', port=443): Max retries exceeded with url: /bot8306239044:AAF9koVWk04n6HerHTPSh9UTzHRedVbCAqM/getUpdates?offset=409940244&timeout=20 (Caused by NameResolutionError("HTTPSConnection(host='api.telegram.org', port=443): Failed to resolve 'api.telegram.org' ([Errno 8] nodename nor servname provided, or not known)"))"
2026-05-09 02:58:19,585 (__init__.py:964 MainThread) ERROR - TeleBot: "Exception traceback:
Traceback (most recent call last):
  File "/Users/cyrus/Workspace/telegram-bot-bridge/venv/lib/python3.14/site-packages/urllib3/connection.py", line 204, in _new_conn
    sock = connection.create_connection(
        (self._dns_host, self.port),
    ...<2 lines>...
        socket_options=self.socket_options,
    )
  File "/Users/cyrus/Workspace/telegram-bot-bridge/venv/lib/python3.14/site-packages/urllib3/util/connection.py", line 60, in create_connection
    for res in socket.getaddrinfo(host, port, family, socket.SOCK_STREAM):
               ~~~~~~~~~~~~~~~~~~^^^^^^^^^^^^^^^^^^^^^^^^^^^^^^^^^^^^^^^^
  File "/opt/homebrew/Cellar/python@3.14/3.14.2_1/Frameworks/Python.framework/Versions/3.14/lib/python3.14/socket.py", line 983, in getaddrinfo
    for res in _socket.getaddrinfo(host, port, family, type, proto, flags):
               ~~~~~~~~~~~~~~~~~~~^^^^^^^^^^^^^^^^^^^^^^^^^^^^^^^^^^^^^^^^
socket.gaierror: [Errno 8] nodename nor servname provided, or not known

The above exception was the direct cause of the following exception:

Traceback (most recent call last):
  File "/Users/cyrus/Workspace/telegram-bot-bridge/venv/lib/python3.14/site-packages/urllib3/connectionpool.py", line 787, in urlopen
    response = self._make_request(
        conn,
    ...<10 lines>...
        **response_kw,
    )
  File "/Users/cyrus/Workspace/telegram-bot-bridge/venv/lib/python3.14/site-packages/urllib3/connectionpool.py", line 488, in _make_request
    raise new_e
  File "/Users/cyrus/Workspace/telegram-bot-bridge/venv/lib/python3.14/site-packages/urllib3/connectionpool.py", line 464, in _make_request
    self._validate_conn(conn)
    ~~~~~~~~~~~~~~~~~~~^^^^^^
  File "/Users/cyrus/Workspace/telegram-bot-bridge/venv/lib/python3.14/site-packages/urllib3/connectionpool.py", line 1093, in _validate_conn
    conn.connect()
    ~~~~~~~~~~~~^^
  File "/Users/cyrus/Workspace/telegram-bot-bridge/venv/lib/python3.14/site-packages/urllib3/connection.py", line 759, in connect
    self.sock = sock = self._new_conn()
                       ~~~~~~~~~~~~~~^^
  File "/Users/cyrus/Workspace/telegram-bot-bridge/venv/lib/python3.14/site-packages/urllib3/connection.py", line 211, in _new_conn
    raise NameResolutionError(self.host, self, e) from e
urllib3.exceptions.NameResolutionError: HTTPSConnection(host='api.telegram.org', port=443): Failed to resolve 'api.telegram.org' ([Errno 8] nodename nor servname provided, or not known)

The above exception was the direct cause of the following exception:

Traceback (most recent call last):
  File "/Users/cyrus/Workspace/telegram-bot-bridge/venv/lib/python3.14/site-packages/requests/adapters.py", line 644, in send
    resp = conn.urlopen(
        method=request.method,
    ...<9 lines>...
        chunked=chunked,
    )
  File "/Users/cyrus/Workspace/telegram-bot-bridge/venv/lib/python3.14/site-packages/urllib3/connectionpool.py", line 841, in urlopen
    retries = retries.increment(
        method, url, error=new_e, _pool=self, _stacktrace=sys.exc_info()[2]
    )
  File "/Users/cyrus/Workspace/telegram-bot-bridge/venv/lib/python3.14/site-packages/urllib3/util/retry.py", line 535, in increment
    raise MaxRetryError(_pool, url, reason) from reason  # type: ignore[arg-type]
    ^^^^^^^^^^^^^^^^^^^^^^^^^^^^^^^^^^^^^^^^^^^^^^^^^^^
urllib3.exceptions.MaxRetryError: HTTPSConnectionPool(host='api.telegram.org', port=443): Max retries exceeded with url: /bot8306239044:AAF9koVWk04n6HerHTPSh9UTzHRedVbCAqM/getUpdates?offset=409940244&timeout=20 (Caused by NameResolutionError("HTTPSConnection(host='api.telegram.org', port=443): Failed to resolve 'api.telegram.org' ([Errno 8] nodename nor servname provided, or not known)"))

During handling of the above exception, another exception occurred:

Traceback (most recent call last):
  File "/Users/cyrus/Workspace/telegram-bot-bridge/venv/lib/python3.14/site-packages/telebot/__init__.py", line 957, in infinity_polling
    self.polling(non_stop=True, timeout=timeout, long_polling_timeout=long_polling_timeout,
    ~~~~~~~~~~~~^^^^^^^^^^^^^^^^^^^^^^^^^^^^^^^^^^^^^^^^^^^^^^^^^^^^^^^^^^^^^^^^^^^^^^^^^^^
                 logger_level=logger_level, allowed_updates=allowed_updates, restart_on_change=False,
                 ^^^^^^^^^^^^^^^^^^^^^^^^^^^^^^^^^^^^^^^^^^^^^^^^^^^^^^^^^^^^^^^^^^^^^^^^^^^^^^^^^^^^
                 *args, **kwargs)
                 ^^^^^^^^^^^^^^^^
  File "/Users/cyrus/Workspace/telegram-bot-bridge/venv/lib/python3.14/site-packages/telebot/__init__.py", line 1045, in polling
    self.__threaded_polling(non_stop=non_stop, interval=interval, timeout=timeout, long_polling_timeout=long_polling_timeout,
    ~~~~~~~~~~~~~~~~~~~~~~~^^^^^^^^^^^^^^^^^^^^^^^^^^^^^^^^^^^^^^^^^^^^^^^^^^^^^^^^^^^^^^^^^^^^^^^^^^^^^^^^^^^^^^^^^^^^^^^^^^
                            logger_level=logger_level, allowed_updates=allowed_updates)
                            ^^^^^^^^^^^^^^^^^^^^^^^^^^^^^^^^^^^^^^^^^^^^^^^^^^^^^^^^^^^
  File "/Users/cyrus/Workspace/telegram-bot-bridge/venv/lib/python3.14/site-packages/telebot/__init__.py", line 1120, in __threaded_polling
    raise e
  File "/Users/cyrus/Workspace/telegram-bot-bridge/venv/lib/python3.14/site-packages/telebot/__init__.py", line 1081, in __threaded_polling
    polling_thread.raise_exceptions()
    ~~~~~~~~~~~~~~~~~~~~~~~~~~~~~~~^^
  File "/Users/cyrus/Workspace/telegram-bot-bridge/venv/lib/python3.14/site-packages/telebot/util.py", line 108, in raise_exceptions
    raise self.exception_info
  File "/Users/cyrus/Workspace/telegram-bot-bridge/venv/lib/python3.14/site-packages/telebot/util.py", line 90, in run
    task(*args, **kwargs)
    ~~~~^^^^^^^^^^^^^^^^^
  File "/Users/cyrus/Workspace/telegram-bot-bridge/venv/lib/python3.14/site-packages/telebot/__init__.py", line 651, in __retrieve_updates
    updates = self.get_updates(offset=(self.last_update_id + 1),
                               allowed_updates=allowed_updates,
                               timeout=timeout, long_polling_timeout=long_polling_timeout)
  File "/Users/cyrus/Workspace/telegram-bot-bridge/venv/lib/python3.14/site-packages/telebot/__init__.py", line 625, in get_updates
    json_updates = apihelper.get_updates(self.token, offset, limit, timeout, allowed_updates, long_polling_timeout)
  File "/Users/cyrus/Workspace/telegram-bot-bridge/venv/lib/python3.14/site-packages/telebot/apihelper.py", line 323, in get_updates
    return _make_request(token, method_url, params=payload)
  File "/Users/cyrus/Workspace/telegram-bot-bridge/venv/lib/python3.14/site-packages/telebot/apihelper.py", line 158, in _make_request
    result = _get_req_session().request(
        method, request_url, params=params, files=files,
        timeout=(connect_timeout, read_timeout), proxies=proxy)
  File "/Users/cyrus/Workspace/telegram-bot-bridge/venv/lib/python3.14/site-packages/requests/sessions.py", line 589, in request
    resp = self.send(prep, **send_kwargs)
  File "/Users/cyrus/Workspace/telegram-bot-bridge/venv/lib/python3.14/site-packages/requests/sessions.py", line 703, in send
    r = adapter.send(request, **kwargs)
  File "/Users/cyrus/Workspace/telegram-bot-bridge/venv/lib/python3.14/site-packages/requests/adapters.py", line 677, in send
    raise ConnectionError(e, request=request)
requests.exceptions.ConnectionError: HTTPSConnectionPool(host='api.telegram.org', port=443): Max retries exceeded with url: /bot8306239044:AAF9koVWk04n6HerHTPSh9UTzHRedVbCAqM/getUpdates?offset=409940244&timeout=20 (Caused by NameResolutionError("HTTPSConnection(host='api.telegram.org', port=443): Failed to resolve 'api.telegram.org' ([Errno 8] nodename nor servname provided, or not known)"))
"
2026-05-09 02:58:55,907 (__init__.py:962 MainThread) ERROR - TeleBot: "Infinity polling exception: HTTPSConnectionPool(host='api.telegram.org', port=443): Read timed out. (read timeout=30)"
2026-05-09 02:58:55,912 (__init__.py:964 MainThread) ERROR - TeleBot: "Exception traceback:
Traceback (most recent call last):
  File "/Users/cyrus/Workspace/telegram-bot-bridge/venv/lib/python3.14/site-packages/urllib3/connectionpool.py", line 464, in _make_request
    self._validate_conn(conn)
    ~~~~~~~~~~~~~~~~~~~^^^^^^
  File "/Users/cyrus/Workspace/telegram-bot-bridge/venv/lib/python3.14/site-packages/urllib3/connectionpool.py", line 1093, in _validate_conn
    conn.connect()
    ~~~~~~~~~~~~^^
  File "/Users/cyrus/Workspace/telegram-bot-bridge/venv/lib/python3.14/site-packages/urllib3/connection.py", line 796, in connect
    sock_and_verified = _ssl_wrap_socket_and_match_hostname(
        sock=sock,
    ...<14 lines>...
        assert_fingerprint=self.assert_fingerprint,
    )
  File "/Users/cyrus/Workspace/telegram-bot-bridge/venv/lib/python3.14/site-packages/urllib3/connection.py", line 975, in _ssl_wrap_socket_and_match_hostname
    ssl_sock = ssl_wrap_socket(
        sock=sock,
    ...<8 lines>...
        tls_in_tls=tls_in_tls,
    )
  File "/Users/cyrus/Workspace/telegram-bot-bridge/venv/lib/python3.14/site-packages/urllib3/util/ssl_.py", line 483, in ssl_wrap_socket
    ssl_sock = _ssl_wrap_socket_impl(sock, context, tls_in_tls, server_hostname)
  File "/Users/cyrus/Workspace/telegram-bot-bridge/venv/lib/python3.14/site-packages/urllib3/util/ssl_.py", line 527, in _ssl_wrap_socket_impl
    return ssl_context.wrap_socket(sock, server_hostname=server_hostname)
           ~~~~~~~~~~~~~~~~~~~~~~~^^^^^^^^^^^^^^^^^^^^^^^^^^^^^^^^^^^^^^^
  File "/opt/homebrew/Cellar/python@3.14/3.14.2_1/Frameworks/Python.framework/Versions/3.14/lib/python3.14/ssl.py", line 455, in wrap_socket
    return self.sslsocket_class._create(
           ~~~~~~~~~~~~~~~~~~~~~~~~~~~~^
        sock=sock,
        ^^^^^^^^^^
    ...<5 lines>...
        session=session
        ^^^^^^^^^^^^^^^
    )
    ^
  File "/opt/homebrew/Cellar/python@3.14/3.14.2_1/Frameworks/Python.framework/Versions/3.14/lib/python3.14/ssl.py", line 1076, in _create
    self.do_handshake()
    ~~~~~~~~~~~~~~~~~^^
  File "/opt/homebrew/Cellar/python@3.14/3.14.2_1/Frameworks/Python.framework/Versions/3.14/lib/python3.14/ssl.py", line 1372, in do_handshake
    self._sslobj.do_handshake()
    ~~~~~~~~~~~~~~~~~~~~~~~~~^^
TimeoutError: _ssl.c:1063: The handshake operation timed out

The above exception was the direct cause of the following exception:

Traceback (most recent call last):
  File "/Users/cyrus/Workspace/telegram-bot-bridge/venv/lib/python3.14/site-packages/requests/adapters.py", line 644, in send
    resp = conn.urlopen(
        method=request.method,
    ...<9 lines>...
        chunked=chunked,
    )
  File "/Users/cyrus/Workspace/telegram-bot-bridge/venv/lib/python3.14/site-packages/urllib3/connectionpool.py", line 841, in urlopen
    retries = retries.increment(
        method, url, error=new_e, _pool=self, _stacktrace=sys.exc_info()[2]
    )
  File "/Users/cyrus/Workspace/telegram-bot-bridge/venv/lib/python3.14/site-packages/urllib3/util/retry.py", line 490, in increment
    raise reraise(type(error), error, _stacktrace)
          ~~~~~~~^^^^^^^^^^^^^^^^^^^^^^^^^^^^^^^^^
  File "/Users/cyrus/Workspace/telegram-bot-bridge/venv/lib/python3.14/site-packages/urllib3/util/util.py", line 39, in reraise
    raise value
  File "/Users/cyrus/Workspace/telegram-bot-bridge/venv/lib/python3.14/site-packages/urllib3/connectionpool.py", line 787, in urlopen
    response = self._make_request(
        conn,
    ...<10 lines>...
        **response_kw,
    )
  File "/Users/cyrus/Workspace/telegram-bot-bridge/venv/lib/python3.14/site-packages/urllib3/connectionpool.py", line 488, in _make_request
    raise new_e
  File "/Users/cyrus/Workspace/telegram-bot-bridge/venv/lib/python3.14/site-packages/urllib3/connectionpool.py", line 466, in _make_request
    self._raise_timeout(err=e, url=url, timeout_value=conn.timeout)
    ~~~~~~~~~~~~~~~~~~~^^^^^^^^^^^^^^^^^^^^^^^^^^^^^^^^^^^^^^^^^^^^
  File "/Users/cyrus/Workspace/telegram-bot-bridge/venv/lib/python3.14/site-packages/urllib3/connectionpool.py", line 367, in _raise_timeout
    raise ReadTimeoutError(
        self, url, f"Read timed out. (read timeout={timeout_value})"
    ) from err
urllib3.exceptions.ReadTimeoutError: HTTPSConnectionPool(host='api.telegram.org', port=443): Read timed out. (read timeout=30)

During handling of the above exception, another exception occurred:

Traceback (most recent call last):
  File "/Users/cyrus/Workspace/telegram-bot-bridge/venv/lib/python3.14/site-packages/telebot/__init__.py", line 957, in infinity_polling
    self.polling(non_stop=True, timeout=timeout, long_polling_timeout=long_polling_timeout,
    ~~~~~~~~~~~~^^^^^^^^^^^^^^^^^^^^^^^^^^^^^^^^^^^^^^^^^^^^^^^^^^^^^^^^^^^^^^^^^^^^^^^^^^^
                 logger_level=logger_level, allowed_updates=allowed_updates, restart_on_change=False,
                 ^^^^^^^^^^^^^^^^^^^^^^^^^^^^^^^^^^^^^^^^^^^^^^^^^^^^^^^^^^^^^^^^^^^^^^^^^^^^^^^^^^^^
                 *args, **kwargs)
                 ^^^^^^^^^^^^^^^^
  File "/Users/cyrus/Workspace/telegram-bot-bridge/venv/lib/python3.14/site-packages/telebot/__init__.py", line 1045, in polling
    self.__threaded_polling(non_stop=non_stop, interval=interval, timeout=timeout, long_polling_timeout=long_polling_timeout,
    ~~~~~~~~~~~~~~~~~~~~~~~^^^^^^^^^^^^^^^^^^^^^^^^^^^^^^^^^^^^^^^^^^^^^^^^^^^^^^^^^^^^^^^^^^^^^^^^^^^^^^^^^^^^^^^^^^^^^^^^^^
                            logger_level=logger_level, allowed_updates=allowed_updates)
                            ^^^^^^^^^^^^^^^^^^^^^^^^^^^^^^^^^^^^^^^^^^^^^^^^^^^^^^^^^^^
  File "/Users/cyrus/Workspace/telegram-bot-bridge/venv/lib/python3.14/site-packages/telebot/__init__.py", line 1120, in __threaded_polling
    raise e
  File "/Users/cyrus/Workspace/telegram-bot-bridge/venv/lib/python3.14/site-packages/telebot/__init__.py", line 1081, in __threaded_polling
    polling_thread.raise_exceptions()
    ~~~~~~~~~~~~~~~~~~~~~~~~~~~~~~~^^
  File "/Users/cyrus/Workspace/telegram-bot-bridge/venv/lib/python3.14/site-packages/telebot/util.py", line 108, in raise_exceptions
    raise self.exception_info
  File "/Users/cyrus/Workspace/telegram-bot-bridge/venv/lib/python3.14/site-packages/telebot/util.py", line 90, in run
    task(*args, **kwargs)
    ~~~~^^^^^^^^^^^^^^^^^
  File "/Users/cyrus/Workspace/telegram-bot-bridge/venv/lib/python3.14/site-packages/telebot/__init__.py", line 651, in __retrieve_updates
    updates = self.get_updates(offset=(self.last_update_id + 1),
                               allowed_updates=allowed_updates,
                               timeout=timeout, long_polling_timeout=long_polling_timeout)
  File "/Users/cyrus/Workspace/telegram-bot-bridge/venv/lib/python3.14/site-packages/telebot/__init__.py", line 625, in get_updates
    json_updates = apihelper.get_updates(self.token, offset, limit, timeout, allowed_updates, long_polling_timeout)
  File "/Users/cyrus/Workspace/telegram-bot-bridge/venv/lib/python3.14/site-packages/telebot/apihelper.py", line 323, in get_updates
    return _make_request(token, method_url, params=payload)
  File "/Users/cyrus/Workspace/telegram-bot-bridge/venv/lib/python3.14/site-packages/telebot/apihelper.py", line 158, in _make_request
    result = _get_req_session().request(
        method, request_url, params=params, files=files,
        timeout=(connect_timeout, read_timeout), proxies=proxy)
  File "/Users/cyrus/Workspace/telegram-bot-bridge/venv/lib/python3.14/site-packages/requests/sessions.py", line 589, in request
    resp = self.send(prep, **send_kwargs)
  File "/Users/cyrus/Workspace/telegram-bot-bridge/venv/lib/python3.14/site-packages/requests/sessions.py", line 703, in send
    r = adapter.send(request, **kwargs)
  File "/Users/cyrus/Workspace/telegram-bot-bridge/venv/lib/python3.14/site-packages/requests/adapters.py", line 690, in send
    raise ReadTimeout(e, request=request)
requests.exceptions.ReadTimeout: HTTPSConnectionPool(host='api.telegram.org', port=443): Read timed out. (read timeout=30)
"
2026-05-09 03:10:06,455 (__init__.py:962 MainThread) ERROR - TeleBot: "Infinity polling exception: HTTPSConnectionPool(host='api.telegram.org', port=443): Read timed out. (read timeout=30)"
2026-05-09 03:10:06,461 (__init__.py:964 MainThread) ERROR - TeleBot: "Exception traceback:
Traceback (most recent call last):
  File "/Users/cyrus/Workspace/telegram-bot-bridge/venv/lib/python3.14/site-packages/urllib3/connectionpool.py", line 534, in _make_request
    response = conn.getresponse()
  File "/Users/cyrus/Workspace/telegram-bot-bridge/venv/lib/python3.14/site-packages/urllib3/connection.py", line 571, in getresponse
    httplib_response = super().getresponse()
  File "/opt/homebrew/Cellar/python@3.14/3.14.2_1/Frameworks/Python.framework/Versions/3.14/lib/python3.14/http/client.py", line 1450, in getresponse
    response.begin()
    ~~~~~~~~~~~~~~^^
  File "/opt/homebrew/Cellar/python@3.14/3.14.2_1/Frameworks/Python.framework/Versions/3.14/lib/python3.14/http/client.py", line 336, in begin
    version, status, reason = self._read_status()
                              ~~~~~~~~~~~~~~~~~^^
  File "/opt/homebrew/Cellar/python@3.14/3.14.2_1/Frameworks/Python.framework/Versions/3.14/lib/python3.14/http/client.py", line 297, in _read_status
    line = str(self.fp.readline(_MAXLINE + 1), "iso-8859-1")
               ~~~~~~~~~~~~~~~~^^^^^^^^^^^^^^
  File "/opt/homebrew/Cellar/python@3.14/3.14.2_1/Frameworks/Python.framework/Versions/3.14/lib/python3.14/socket.py", line 725, in readinto
    return self._sock.recv_into(b)
           ~~~~~~~~~~~~~~~~~~~~^^^
  File "/opt/homebrew/Cellar/python@3.14/3.14.2_1/Frameworks/Python.framework/Versions/3.14/lib/python3.14/ssl.py", line 1304, in recv_into
    return self.read(nbytes, buffer)
           ~~~~~~~~~^^^^^^^^^^^^^^^^
  File "/opt/homebrew/Cellar/python@3.14/3.14.2_1/Frameworks/Python.framework/Versions/3.14/lib/python3.14/ssl.py", line 1138, in read
    return self._sslobj.read(len, buffer)
           ~~~~~~~~~~~~~~~~~^^^^^^^^^^^^^
TimeoutError: The read operation timed out

The above exception was the direct cause of the following exception:

Traceback (most recent call last):
  File "/Users/cyrus/Workspace/telegram-bot-bridge/venv/lib/python3.14/site-packages/requests/adapters.py", line 644, in send
    resp = conn.urlopen(
        method=request.method,
    ...<9 lines>...
        chunked=chunked,
    )
  File "/Users/cyrus/Workspace/telegram-bot-bridge/venv/lib/python3.14/site-packages/urllib3/connectionpool.py", line 841, in urlopen
    retries = retries.increment(
        method, url, error=new_e, _pool=self, _stacktrace=sys.exc_info()[2]
    )
  File "/Users/cyrus/Workspace/telegram-bot-bridge/venv/lib/python3.14/site-packages/urllib3/util/retry.py", line 490, in increment
    raise reraise(type(error), error, _stacktrace)
          ~~~~~~~^^^^^^^^^^^^^^^^^^^^^^^^^^^^^^^^^
  File "/Users/cyrus/Workspace/telegram-bot-bridge/venv/lib/python3.14/site-packages/urllib3/util/util.py", line 39, in reraise
    raise value
  File "/Users/cyrus/Workspace/telegram-bot-bridge/venv/lib/python3.14/site-packages/urllib3/connectionpool.py", line 787, in urlopen
    response = self._make_request(
        conn,
    ...<10 lines>...
        **response_kw,
    )
  File "/Users/cyrus/Workspace/telegram-bot-bridge/venv/lib/python3.14/site-packages/urllib3/connectionpool.py", line 536, in _make_request
    self._raise_timeout(err=e, url=url, timeout_value=read_timeout)
    ~~~~~~~~~~~~~~~~~~~^^^^^^^^^^^^^^^^^^^^^^^^^^^^^^^^^^^^^^^^^^^^
  File "/Users/cyrus/Workspace/telegram-bot-bridge/venv/lib/python3.14/site-packages/urllib3/connectionpool.py", line 367, in _raise_timeout
    raise ReadTimeoutError(
        self, url, f"Read timed out. (read timeout={timeout_value})"
    ) from err
urllib3.exceptions.ReadTimeoutError: HTTPSConnectionPool(host='api.telegram.org', port=443): Read timed out. (read timeout=30)

During handling of the above exception, another exception occurred:

Traceback (most recent call last):
  File "/Users/cyrus/Workspace/telegram-bot-bridge/venv/lib/python3.14/site-packages/telebot/__init__.py", line 957, in infinity_polling
    self.polling(non_stop=True, timeout=timeout, long_polling_timeout=long_polling_timeout,
    ~~~~~~~~~~~~^^^^^^^^^^^^^^^^^^^^^^^^^^^^^^^^^^^^^^^^^^^^^^^^^^^^^^^^^^^^^^^^^^^^^^^^^^^
                 logger_level=logger_level, allowed_updates=allowed_updates, restart_on_change=False,
                 ^^^^^^^^^^^^^^^^^^^^^^^^^^^^^^^^^^^^^^^^^^^^^^^^^^^^^^^^^^^^^^^^^^^^^^^^^^^^^^^^^^^^
                 *args, **kwargs)
                 ^^^^^^^^^^^^^^^^
  File "/Users/cyrus/Workspace/telegram-bot-bridge/venv/lib/python3.14/site-packages/telebot/__init__.py", line 1045, in polling
    self.__threaded_polling(non_stop=non_stop, interval=interval, timeout=timeout, long_polling_timeout=long_polling_timeout,
    ~~~~~~~~~~~~~~~~~~~~~~~^^^^^^^^^^^^^^^^^^^^^^^^^^^^^^^^^^^^^^^^^^^^^^^^^^^^^^^^^^^^^^^^^^^^^^^^^^^^^^^^^^^^^^^^^^^^^^^^^^
                            logger_level=logger_level, allowed_updates=allowed_updates)
                            ^^^^^^^^^^^^^^^^^^^^^^^^^^^^^^^^^^^^^^^^^^^^^^^^^^^^^^^^^^^
  File "/Users/cyrus/Workspace/telegram-bot-bridge/venv/lib/python3.14/site-packages/telebot/__init__.py", line 1120, in __threaded_polling
    raise e
  File "/Users/cyrus/Workspace/telegram-bot-bridge/venv/lib/python3.14/site-packages/telebot/__init__.py", line 1081, in __threaded_polling
    polling_thread.raise_exceptions()
    ~~~~~~~~~~~~~~~~~~~~~~~~~~~~~~~^^
  File "/Users/cyrus/Workspace/telegram-bot-bridge/venv/lib/python3.14/site-packages/telebot/util.py", line 108, in raise_exceptions
    raise self.exception_info
  File "/Users/cyrus/Workspace/telegram-bot-bridge/venv/lib/python3.14/site-packages/telebot/util.py", line 90, in run
    task(*args, **kwargs)
    ~~~~^^^^^^^^^^^^^^^^^
  File "/Users/cyrus/Workspace/telegram-bot-bridge/venv/lib/python3.14/site-packages/telebot/__init__.py", line 651, in __retrieve_updates
    updates = self.get_updates(offset=(self.last_update_id + 1),
                               allowed_updates=allowed_updates,
                               timeout=timeout, long_polling_timeout=long_polling_timeout)
  File "/Users/cyrus/Workspace/telegram-bot-bridge/venv/lib/python3.14/site-packages/telebot/__init__.py", line 625, in get_updates
    json_updates = apihelper.get_updates(self.token, offset, limit, timeout, allowed_updates, long_polling_timeout)
  File "/Users/cyrus/Workspace/telegram-bot-bridge/venv/lib/python3.14/site-packages/telebot/apihelper.py", line 323, in get_updates
    return _make_request(token, method_url, params=payload)
  File "/Users/cyrus/Workspace/telegram-bot-bridge/venv/lib/python3.14/site-packages/telebot/apihelper.py", line 158, in _make_request
    result = _get_req_session().request(
        method, request_url, params=params, files=files,
        timeout=(connect_timeout, read_timeout), proxies=proxy)
  File "/Users/cyrus/Workspace/telegram-bot-bridge/venv/lib/python3.14/site-packages/requests/sessions.py", line 589, in request
    resp = self.send(prep, **send_kwargs)
  File "/Users/cyrus/Workspace/telegram-bot-bridge/venv/lib/python3.14/site-packages/requests/sessions.py", line 703, in send
    r = adapter.send(request, **kwargs)
  File "/Users/cyrus/Workspace/telegram-bot-bridge/venv/lib/python3.14/site-packages/requests/adapters.py", line 690, in send
    raise ReadTimeout(e, request=request)
requests.exceptions.ReadTimeout: HTTPSConnectionPool(host='api.telegram.org', port=443): Read timed out. (read timeout=30)
"
2026-05-09 03:10:29,219 (__init__.py:962 MainThread) ERROR - TeleBot: "Infinity polling exception: HTTPSConnectionPool(host='api.telegram.org', port=443): Max retries exceeded with url: /bot8306239044:AAF9koVWk04n6HerHTPSh9UTzHRedVbCAqM/getUpdates?offset=409940244&timeout=20 (Caused by NewConnectionError("HTTPSConnection(host='api.telegram.org', port=443): Failed to establish a new connection: [Errno 65] No route to host"))"
2026-05-09 03:10:29,223 (__init__.py:964 MainThread) ERROR - TeleBot: "Exception traceback:
Traceback (most recent call last):
  File "/Users/cyrus/Workspace/telegram-bot-bridge/venv/lib/python3.14/site-packages/urllib3/connection.py", line 204, in _new_conn
    sock = connection.create_connection(
        (self._dns_host, self.port),
    ...<2 lines>...
        socket_options=self.socket_options,
    )
  File "/Users/cyrus/Workspace/telegram-bot-bridge/venv/lib/python3.14/site-packages/urllib3/util/connection.py", line 85, in create_connection
    raise err
  File "/Users/cyrus/Workspace/telegram-bot-bridge/venv/lib/python3.14/site-packages/urllib3/util/connection.py", line 73, in create_connection
    sock.connect(sa)
    ~~~~~~~~~~~~^^^^
OSError: [Errno 65] No route to host

The above exception was the direct cause of the following exception:

Traceback (most recent call last):
  File "/Users/cyrus/Workspace/telegram-bot-bridge/venv/lib/python3.14/site-packages/urllib3/connectionpool.py", line 787, in urlopen
    response = self._make_request(
        conn,
    ...<10 lines>...
        **response_kw,
    )
  File "/Users/cyrus/Workspace/telegram-bot-bridge/venv/lib/python3.14/site-packages/urllib3/connectionpool.py", line 488, in _make_request
    raise new_e
  File "/Users/cyrus/Workspace/telegram-bot-bridge/venv/lib/python3.14/site-packages/urllib3/connectionpool.py", line 464, in _make_request
    self._validate_conn(conn)
    ~~~~~~~~~~~~~~~~~~~^^^^^^
  File "/Users/cyrus/Workspace/telegram-bot-bridge/venv/lib/python3.14/site-packages/urllib3/connectionpool.py", line 1093, in _validate_conn
    conn.connect()
    ~~~~~~~~~~~~^^
  File "/Users/cyrus/Workspace/telegram-bot-bridge/venv/lib/python3.14/site-packages/urllib3/connection.py", line 759, in connect
    self.sock = sock = self._new_conn()
                       ~~~~~~~~~~~~~~^^
  File "/Users/cyrus/Workspace/telegram-bot-bridge/venv/lib/python3.14/site-packages/urllib3/connection.py", line 219, in _new_conn
    raise NewConnectionError(
        self, f"Failed to establish a new connection: {e}"
    ) from e
urllib3.exceptions.NewConnectionError: HTTPSConnection(host='api.telegram.org', port=443): Failed to establish a new connection: [Errno 65] No route to host

The above exception was the direct cause of the following exception:

Traceback (most recent call last):
  File "/Users/cyrus/Workspace/telegram-bot-bridge/venv/lib/python3.14/site-packages/requests/adapters.py", line 644, in send
    resp = conn.urlopen(
        method=request.method,
    ...<9 lines>...
        chunked=chunked,
    )
  File "/Users/cyrus/Workspace/telegram-bot-bridge/venv/lib/python3.14/site-packages/urllib3/connectionpool.py", line 841, in urlopen
    retries = retries.increment(
        method, url, error=new_e, _pool=self, _stacktrace=sys.exc_info()[2]
    )
  File "/Users/cyrus/Workspace/telegram-bot-bridge/venv/lib/python3.14/site-packages/urllib3/util/retry.py", line 535, in increment
    raise MaxRetryError(_pool, url, reason) from reason  # type: ignore[arg-type]
    ^^^^^^^^^^^^^^^^^^^^^^^^^^^^^^^^^^^^^^^^^^^^^^^^^^^
urllib3.exceptions.MaxRetryError: HTTPSConnectionPool(host='api.telegram.org', port=443): Max retries exceeded with url: /bot8306239044:AAF9koVWk04n6HerHTPSh9UTzHRedVbCAqM/getUpdates?offset=409940244&timeout=20 (Caused by NewConnectionError("HTTPSConnection(host='api.telegram.org', port=443): Failed to establish a new connection: [Errno 65] No route to host"))

During handling of the above exception, another exception occurred:

Traceback (most recent call last):
  File "/Users/cyrus/Workspace/telegram-bot-bridge/venv/lib/python3.14/site-packages/telebot/__init__.py", line 957, in infinity_polling
    self.polling(non_stop=True, timeout=timeout, long_polling_timeout=long_polling_timeout,
    ~~~~~~~~~~~~^^^^^^^^^^^^^^^^^^^^^^^^^^^^^^^^^^^^^^^^^^^^^^^^^^^^^^^^^^^^^^^^^^^^^^^^^^^
                 logger_level=logger_level, allowed_updates=allowed_updates, restart_on_change=False,
                 ^^^^^^^^^^^^^^^^^^^^^^^^^^^^^^^^^^^^^^^^^^^^^^^^^^^^^^^^^^^^^^^^^^^^^^^^^^^^^^^^^^^^
                 *args, **kwargs)
                 ^^^^^^^^^^^^^^^^
  File "/Users/cyrus/Workspace/telegram-bot-bridge/venv/lib/python3.14/site-packages/telebot/__init__.py", line 1045, in polling
    self.__threaded_polling(non_stop=non_stop, interval=interval, timeout=timeout, long_polling_timeout=long_polling_timeout,
    ~~~~~~~~~~~~~~~~~~~~~~~^^^^^^^^^^^^^^^^^^^^^^^^^^^^^^^^^^^^^^^^^^^^^^^^^^^^^^^^^^^^^^^^^^^^^^^^^^^^^^^^^^^^^^^^^^^^^^^^^^
                            logger_level=logger_level, allowed_updates=allowed_updates)
                            ^^^^^^^^^^^^^^^^^^^^^^^^^^^^^^^^^^^^^^^^^^^^^^^^^^^^^^^^^^^
  File "/Users/cyrus/Workspace/telegram-bot-bridge/venv/lib/python3.14/site-packages/telebot/__init__.py", line 1120, in __threaded_polling
    raise e
  File "/Users/cyrus/Workspace/telegram-bot-bridge/venv/lib/python3.14/site-packages/telebot/__init__.py", line 1081, in __threaded_polling
    polling_thread.raise_exceptions()
    ~~~~~~~~~~~~~~~~~~~~~~~~~~~~~~~^^
  File "/Users/cyrus/Workspace/telegram-bot-bridge/venv/lib/python3.14/site-packages/telebot/util.py", line 108, in raise_exceptions
    raise self.exception_info
  File "/Users/cyrus/Workspace/telegram-bot-bridge/venv/lib/python3.14/site-packages/telebot/util.py", line 90, in run
    task(*args, **kwargs)
    ~~~~^^^^^^^^^^^^^^^^^
  File "/Users/cyrus/Workspace/telegram-bot-bridge/venv/lib/python3.14/site-packages/telebot/__init__.py", line 651, in __retrieve_updates
    updates = self.get_updates(offset=(self.last_update_id + 1),
                               allowed_updates=allowed_updates,
                               timeout=timeout, long_polling_timeout=long_polling_timeout)
  File "/Users/cyrus/Workspace/telegram-bot-bridge/venv/lib/python3.14/site-packages/telebot/__init__.py", line 625, in get_updates
    json_updates = apihelper.get_updates(self.token, offset, limit, timeout, allowed_updates, long_polling_timeout)
  File "/Users/cyrus/Workspace/telegram-bot-bridge/venv/lib/python3.14/site-packages/telebot/apihelper.py", line 323, in get_updates
    return _make_request(token, method_url, params=payload)
  File "/Users/cyrus/Workspace/telegram-bot-bridge/venv/lib/python3.14/site-packages/telebot/apihelper.py", line 158, in _make_request
    result = _get_req_session().request(
        method, request_url, params=params, files=files,
        timeout=(connect_timeout, read_timeout), proxies=proxy)
  File "/Users/cyrus/Workspace/telegram-bot-bridge/venv/lib/python3.14/site-packages/requests/sessions.py", line 589, in request
    resp = self.send(prep, **send_kwargs)
  File "/Users/cyrus/Workspace/telegram-bot-bridge/venv/lib/python3.14/site-packages/requests/sessions.py", line 703, in send
    r = adapter.send(request, **kwargs)
  File "/Users/cyrus/Workspace/telegram-bot-bridge/venv/lib/python3.14/site-packages/requests/adapters.py", line 677, in send
    raise ConnectionError(e, request=request)
requests.exceptions.ConnectionError: HTTPSConnectionPool(host='api.telegram.org', port=443): Max retries exceeded with url: /bot8306239044:AAF9koVWk04n6HerHTPSh9UTzHRedVbCAqM/getUpdates?offset=409940244&timeout=20 (Caused by NewConnectionError("HTTPSConnection(host='api.telegram.org', port=443): Failed to establish a new connection: [Errno 65] No route to host"))
"
2026-05-09 03:10:35,233 (__init__.py:962 MainThread) ERROR - TeleBot: "Infinity polling exception: HTTPSConnectionPool(host='api.telegram.org', port=443): Max retries exceeded with url: /bot8306239044:AAF9koVWk04n6HerHTPSh9UTzHRedVbCAqM/getUpdates?offset=409940244&timeout=20 (Caused by NameResolutionError("HTTPSConnection(host='api.telegram.org', port=443): Failed to resolve 'api.telegram.org' ([Errno 8] nodename nor servname provided, or not known)"))"
2026-05-09 03:10:35,236 (__init__.py:964 MainThread) ERROR - TeleBot: "Exception traceback:
Traceback (most recent call last):
  File "/Users/cyrus/Workspace/telegram-bot-bridge/venv/lib/python3.14/site-packages/urllib3/connection.py", line 204, in _new_conn
    sock = connection.create_connection(
        (self._dns_host, self.port),
    ...<2 lines>...
        socket_options=self.socket_options,
    )
  File "/Users/cyrus/Workspace/telegram-bot-bridge/venv/lib/python3.14/site-packages/urllib3/util/connection.py", line 60, in create_connection
    for res in socket.getaddrinfo(host, port, family, socket.SOCK_STREAM):
               ~~~~~~~~~~~~~~~~~~^^^^^^^^^^^^^^^^^^^^^^^^^^^^^^^^^^^^^^^^
  File "/opt/homebrew/Cellar/python@3.14/3.14.2_1/Frameworks/Python.framework/Versions/3.14/lib/python3.14/socket.py", line 983, in getaddrinfo
    for res in _socket.getaddrinfo(host, port, family, type, proto, flags):
               ~~~~~~~~~~~~~~~~~~~^^^^^^^^^^^^^^^^^^^^^^^^^^^^^^^^^^^^^^^^
socket.gaierror: [Errno 8] nodename nor servname provided, or not known

The above exception was the direct cause of the following exception:

Traceback (most recent call last):
  File "/Users/cyrus/Workspace/telegram-bot-bridge/venv/lib/python3.14/site-packages/urllib3/connectionpool.py", line 787, in urlopen
    response = self._make_request(
        conn,
    ...<10 lines>...
        **response_kw,
    )
  File "/Users/cyrus/Workspace/telegram-bot-bridge/venv/lib/python3.14/site-packages/urllib3/connectionpool.py", line 488, in _make_request
    raise new_e
  File "/Users/cyrus/Workspace/telegram-bot-bridge/venv/lib/python3.14/site-packages/urllib3/connectionpool.py", line 464, in _make_request
    self._validate_conn(conn)
    ~~~~~~~~~~~~~~~~~~~^^^^^^
  File "/Users/cyrus/Workspace/telegram-bot-bridge/venv/lib/python3.14/site-packages/urllib3/connectionpool.py", line 1093, in _validate_conn
    conn.connect()
    ~~~~~~~~~~~~^^
  File "/Users/cyrus/Workspace/telegram-bot-bridge/venv/lib/python3.14/site-packages/urllib3/connection.py", line 759, in connect
    self.sock = sock = self._new_conn()
                       ~~~~~~~~~~~~~~^^
  File "/Users/cyrus/Workspace/telegram-bot-bridge/venv/lib/python3.14/site-packages/urllib3/connection.py", line 211, in _new_conn
    raise NameResolutionError(self.host, self, e) from e
urllib3.exceptions.NameResolutionError: HTTPSConnection(host='api.telegram.org', port=443): Failed to resolve 'api.telegram.org' ([Errno 8] nodename nor servname provided, or not known)

The above exception was the direct cause of the following exception:

Traceback (most recent call last):
  File "/Users/cyrus/Workspace/telegram-bot-bridge/venv/lib/python3.14/site-packages/requests/adapters.py", line 644, in send
    resp = conn.urlopen(
        method=request.method,
    ...<9 lines>...
        chunked=chunked,
    )
  File "/Users/cyrus/Workspace/telegram-bot-bridge/venv/lib/python3.14/site-packages/urllib3/connectionpool.py", line 841, in urlopen
    retries = retries.increment(
        method, url, error=new_e, _pool=self, _stacktrace=sys.exc_info()[2]
    )
  File "/Users/cyrus/Workspace/telegram-bot-bridge/venv/lib/python3.14/site-packages/urllib3/util/retry.py", line 535, in increment
    raise MaxRetryError(_pool, url, reason) from reason  # type: ignore[arg-type]
    ^^^^^^^^^^^^^^^^^^^^^^^^^^^^^^^^^^^^^^^^^^^^^^^^^^^
urllib3.exceptions.MaxRetryError: HTTPSConnectionPool(host='api.telegram.org', port=443): Max retries exceeded with url: /bot8306239044:AAF9koVWk04n6HerHTPSh9UTzHRedVbCAqM/getUpdates?offset=409940244&timeout=20 (Caused by NameResolutionError("HTTPSConnection(host='api.telegram.org', port=443): Failed to resolve 'api.telegram.org' ([Errno 8] nodename nor servname provided, or not known)"))

During handling of the above exception, another exception occurred:

Traceback (most recent call last):
  File "/Users/cyrus/Workspace/telegram-bot-bridge/venv/lib/python3.14/site-packages/telebot/__init__.py", line 957, in infinity_polling
    self.polling(non_stop=True, timeout=timeout, long_polling_timeout=long_polling_timeout,
    ~~~~~~~~~~~~^^^^^^^^^^^^^^^^^^^^^^^^^^^^^^^^^^^^^^^^^^^^^^^^^^^^^^^^^^^^^^^^^^^^^^^^^^^
                 logger_level=logger_level, allowed_updates=allowed_updates, restart_on_change=False,
                 ^^^^^^^^^^^^^^^^^^^^^^^^^^^^^^^^^^^^^^^^^^^^^^^^^^^^^^^^^^^^^^^^^^^^^^^^^^^^^^^^^^^^
                 *args, **kwargs)
                 ^^^^^^^^^^^^^^^^
  File "/Users/cyrus/Workspace/telegram-bot-bridge/venv/lib/python3.14/site-packages/telebot/__init__.py", line 1045, in polling
    self.__threaded_polling(non_stop=non_stop, interval=interval, timeout=timeout, long_polling_timeout=long_polling_timeout,
    ~~~~~~~~~~~~~~~~~~~~~~~^^^^^^^^^^^^^^^^^^^^^^^^^^^^^^^^^^^^^^^^^^^^^^^^^^^^^^^^^^^^^^^^^^^^^^^^^^^^^^^^^^^^^^^^^^^^^^^^^^
                            logger_level=logger_level, allowed_updates=allowed_updates)
                            ^^^^^^^^^^^^^^^^^^^^^^^^^^^^^^^^^^^^^^^^^^^^^^^^^^^^^^^^^^^
  File "/Users/cyrus/Workspace/telegram-bot-bridge/venv/lib/python3.14/site-packages/telebot/__init__.py", line 1120, in __threaded_polling
    raise e
  File "/Users/cyrus/Workspace/telegram-bot-bridge/venv/lib/python3.14/site-packages/telebot/__init__.py", line 1081, in __threaded_polling
    polling_thread.raise_exceptions()
    ~~~~~~~~~~~~~~~~~~~~~~~~~~~~~~~^^
  File "/Users/cyrus/Workspace/telegram-bot-bridge/venv/lib/python3.14/site-packages/telebot/util.py", line 108, in raise_exceptions
    raise self.exception_info
  File "/Users/cyrus/Workspace/telegram-bot-bridge/venv/lib/python3.14/site-packages/telebot/util.py", line 90, in run
    task(*args, **kwargs)
    ~~~~^^^^^^^^^^^^^^^^^
  File "/Users/cyrus/Workspace/telegram-bot-bridge/venv/lib/python3.14/site-packages/telebot/__init__.py", line 651, in __retrieve_updates
    updates = self.get_updates(offset=(self.last_update_id + 1),
                               allowed_updates=allowed_updates,
                               timeout=timeout, long_polling_timeout=long_polling_timeout)
  File "/Users/cyrus/Workspace/telegram-bot-bridge/venv/lib/python3.14/site-packages/telebot/__init__.py", line 625, in get_updates
    json_updates = apihelper.get_updates(self.token, offset, limit, timeout, allowed_updates, long_polling_timeout)
  File "/Users/cyrus/Workspace/telegram-bot-bridge/venv/lib/python3.14/site-packages/telebot/apihelper.py", line 323, in get_updates
    return _make_request(token, method_url, params=payload)
  File "/Users/cyrus/Workspace/telegram-bot-bridge/venv/lib/python3.14/site-packages/telebot/apihelper.py", line 158, in _make_request
    result = _get_req_session().request(
        method, request_url, params=params, files=files,
        timeout=(connect_timeout, read_timeout), proxies=proxy)
  File "/Users/cyrus/Workspace/telegram-bot-bridge/venv/lib/python3.14/site-packages/requests/sessions.py", line 589, in request
    resp = self.send(prep, **send_kwargs)
  File "/Users/cyrus/Workspace/telegram-bot-bridge/venv/lib/python3.14/site-packages/requests/sessions.py", line 703, in send
    r = adapter.send(request, **kwargs)
  File "/Users/cyrus/Workspace/telegram-bot-bridge/venv/lib/python3.14/site-packages/requests/adapters.py", line 677, in send
    raise ConnectionError(e, request=request)
requests.exceptions.ConnectionError: HTTPSConnectionPool(host='api.telegram.org', port=443): Max retries exceeded with url: /bot8306239044:AAF9koVWk04n6HerHTPSh9UTzHRedVbCAqM/getUpdates?offset=409940244&timeout=20 (Caused by NameResolutionError("HTTPSConnection(host='api.telegram.org', port=443): Failed to resolve 'api.telegram.org' ([Errno 8] nodename nor servname provided, or not known)"))
"
2026-05-09 03:10:41,248 (__init__.py:962 MainThread) ERROR - TeleBot: "Infinity polling exception: HTTPSConnectionPool(host='api.telegram.org', port=443): Max retries exceeded with url: /bot8306239044:AAF9koVWk04n6HerHTPSh9UTzHRedVbCAqM/getUpdates?offset=409940244&timeout=20 (Caused by NameResolutionError("HTTPSConnection(host='api.telegram.org', port=443): Failed to resolve 'api.telegram.org' ([Errno 8] nodename nor servname provided, or not known)"))"
2026-05-09 03:10:41,252 (__init__.py:964 MainThread) ERROR - TeleBot: "Exception traceback:
Traceback (most recent call last):
  File "/Users/cyrus/Workspace/telegram-bot-bridge/venv/lib/python3.14/site-packages/urllib3/connection.py", line 204, in _new_conn
    sock = connection.create_connection(
        (self._dns_host, self.port),
    ...<2 lines>...
        socket_options=self.socket_options,
    )
  File "/Users/cyrus/Workspace/telegram-bot-bridge/venv/lib/python3.14/site-packages/urllib3/util/connection.py", line 60, in create_connection
    for res in socket.getaddrinfo(host, port, family, socket.SOCK_STREAM):
               ~~~~~~~~~~~~~~~~~~^^^^^^^^^^^^^^^^^^^^^^^^^^^^^^^^^^^^^^^^
  File "/opt/homebrew/Cellar/python@3.14/3.14.2_1/Frameworks/Python.framework/Versions/3.14/lib/python3.14/socket.py", line 983, in getaddrinfo
    for res in _socket.getaddrinfo(host, port, family, type, proto, flags):
               ~~~~~~~~~~~~~~~~~~~^^^^^^^^^^^^^^^^^^^^^^^^^^^^^^^^^^^^^^^^
socket.gaierror: [Errno 8] nodename nor servname provided, or not known

The above exception was the direct cause of the following exception:

Traceback (most recent call last):
  File "/Users/cyrus/Workspace/telegram-bot-bridge/venv/lib/python3.14/site-packages/urllib3/connectionpool.py", line 787, in urlopen
    response = self._make_request(
        conn,
    ...<10 lines>...
        **response_kw,
    )
  File "/Users/cyrus/Workspace/telegram-bot-bridge/venv/lib/python3.14/site-packages/urllib3/connectionpool.py", line 488, in _make_request
    raise new_e
  File "/Users/cyrus/Workspace/telegram-bot-bridge/venv/lib/python3.14/site-packages/urllib3/connectionpool.py", line 464, in _make_request
    self._validate_conn(conn)
    ~~~~~~~~~~~~~~~~~~~^^^^^^
  File "/Users/cyrus/Workspace/telegram-bot-bridge/venv/lib/python3.14/site-packages/urllib3/connectionpool.py", line 1093, in _validate_conn
    conn.connect()
    ~~~~~~~~~~~~^^
  File "/Users/cyrus/Workspace/telegram-bot-bridge/venv/lib/python3.14/site-packages/urllib3/connection.py", line 759, in connect
    self.sock = sock = self._new_conn()
                       ~~~~~~~~~~~~~~^^
  File "/Users/cyrus/Workspace/telegram-bot-bridge/venv/lib/python3.14/site-packages/urllib3/connection.py", line 211, in _new_conn
    raise NameResolutionError(self.host, self, e) from e
urllib3.exceptions.NameResolutionError: HTTPSConnection(host='api.telegram.org', port=443): Failed to resolve 'api.telegram.org' ([Errno 8] nodename nor servname provided, or not known)

The above exception was the direct cause of the following exception:

Traceback (most recent call last):
  File "/Users/cyrus/Workspace/telegram-bot-bridge/venv/lib/python3.14/site-packages/requests/adapters.py", line 644, in send
    resp = conn.urlopen(
        method=request.method,
    ...<9 lines>...
        chunked=chunked,
    )
  File "/Users/cyrus/Workspace/telegram-bot-bridge/venv/lib/python3.14/site-packages/urllib3/connectionpool.py", line 841, in urlopen
    retries = retries.increment(
        method, url, error=new_e, _pool=self, _stacktrace=sys.exc_info()[2]
    )
  File "/Users/cyrus/Workspace/telegram-bot-bridge/venv/lib/python3.14/site-packages/urllib3/util/retry.py", line 535, in increment
    raise MaxRetryError(_pool, url, reason) from reason  # type: ignore[arg-type]
    ^^^^^^^^^^^^^^^^^^^^^^^^^^^^^^^^^^^^^^^^^^^^^^^^^^^
urllib3.exceptions.MaxRetryError: HTTPSConnectionPool(host='api.telegram.org', port=443): Max retries exceeded with url: /bot8306239044:AAF9koVWk04n6HerHTPSh9UTzHRedVbCAqM/getUpdates?offset=409940244&timeout=20 (Caused by NameResolutionError("HTTPSConnection(host='api.telegram.org', port=443): Failed to resolve 'api.telegram.org' ([Errno 8] nodename nor servname provided, or not known)"))

During handling of the above exception, another exception occurred:

Traceback (most recent call last):
  File "/Users/cyrus/Workspace/telegram-bot-bridge/venv/lib/python3.14/site-packages/telebot/__init__.py", line 957, in infinity_polling
    self.polling(non_stop=True, timeout=timeout, long_polling_timeout=long_polling_timeout,
    ~~~~~~~~~~~~^^^^^^^^^^^^^^^^^^^^^^^^^^^^^^^^^^^^^^^^^^^^^^^^^^^^^^^^^^^^^^^^^^^^^^^^^^^
                 logger_level=logger_level, allowed_updates=allowed_updates, restart_on_change=False,
                 ^^^^^^^^^^^^^^^^^^^^^^^^^^^^^^^^^^^^^^^^^^^^^^^^^^^^^^^^^^^^^^^^^^^^^^^^^^^^^^^^^^^^
                 *args, **kwargs)
                 ^^^^^^^^^^^^^^^^
  File "/Users/cyrus/Workspace/telegram-bot-bridge/venv/lib/python3.14/site-packages/telebot/__init__.py", line 1045, in polling
    self.__threaded_polling(non_stop=non_stop, interval=interval, timeout=timeout, long_polling_timeout=long_polling_timeout,
    ~~~~~~~~~~~~~~~~~~~~~~~^^^^^^^^^^^^^^^^^^^^^^^^^^^^^^^^^^^^^^^^^^^^^^^^^^^^^^^^^^^^^^^^^^^^^^^^^^^^^^^^^^^^^^^^^^^^^^^^^^
                            logger_level=logger_level, allowed_updates=allowed_updates)
                            ^^^^^^^^^^^^^^^^^^^^^^^^^^^^^^^^^^^^^^^^^^^^^^^^^^^^^^^^^^^
  File "/Users/cyrus/Workspace/telegram-bot-bridge/venv/lib/python3.14/site-packages/telebot/__init__.py", line 1120, in __threaded_polling
    raise e
  File "/Users/cyrus/Workspace/telegram-bot-bridge/venv/lib/python3.14/site-packages/telebot/__init__.py", line 1081, in __threaded_polling
    polling_thread.raise_exceptions()
    ~~~~~~~~~~~~~~~~~~~~~~~~~~~~~~~^^
  File "/Users/cyrus/Workspace/telegram-bot-bridge/venv/lib/python3.14/site-packages/telebot/util.py", line 108, in raise_exceptions
    raise self.exception_info
  File "/Users/cyrus/Workspace/telegram-bot-bridge/venv/lib/python3.14/site-packages/telebot/util.py", line 90, in run
    task(*args, **kwargs)
    ~~~~^^^^^^^^^^^^^^^^^
  File "/Users/cyrus/Workspace/telegram-bot-bridge/venv/lib/python3.14/site-packages/telebot/__init__.py", line 651, in __retrieve_updates
    updates = self.get_updates(offset=(self.last_update_id + 1),
                               allowed_updates=allowed_updates,
                               timeout=timeout, long_polling_timeout=long_polling_timeout)
  File "/Users/cyrus/Workspace/telegram-bot-bridge/venv/lib/python3.14/site-packages/telebot/__init__.py", line 625, in get_updates
    json_updates = apihelper.get_updates(self.token, offset, limit, timeout, allowed_updates, long_polling_timeout)
  File "/Users/cyrus/Workspace/telegram-bot-bridge/venv/lib/python3.14/site-packages/telebot/apihelper.py", line 323, in get_updates
    return _make_request(token, method_url, params=payload)
  File "/Users/cyrus/Workspace/telegram-bot-bridge/venv/lib/python3.14/site-packages/telebot/apihelper.py", line 158, in _make_request
    result = _get_req_session().request(
        method, request_url, params=params, files=files,
        timeout=(connect_timeout, read_timeout), proxies=proxy)
  File "/Users/cyrus/Workspace/telegram-bot-bridge/venv/lib/python3.14/site-packages/requests/sessions.py", line 589, in request
    resp = self.send(prep, **send_kwargs)
  File "/Users/cyrus/Workspace/telegram-bot-bridge/venv/lib/python3.14/site-packages/requests/sessions.py", line 703, in send
    r = adapter.send(request, **kwargs)
  File "/Users/cyrus/Workspace/telegram-bot-bridge/venv/lib/python3.14/site-packages/requests/adapters.py", line 677, in send
    raise ConnectionError(e, request=request)
requests.exceptions.ConnectionError: HTTPSConnectionPool(host='api.telegram.org', port=443): Max retries exceeded with url: /bot8306239044:AAF9koVWk04n6HerHTPSh9UTzHRedVbCAqM/getUpdates?offset=409940244&timeout=20 (Caused by NameResolutionError("HTTPSConnection(host='api.telegram.org', port=443): Failed to resolve 'api.telegram.org' ([Errno 8] nodename nor servname provided, or not known)"))
"
2026-05-09 03:10:47,261 (__init__.py:962 MainThread) ERROR - TeleBot: "Infinity polling exception: HTTPSConnectionPool(host='api.telegram.org', port=443): Max retries exceeded with url: /bot8306239044:AAF9koVWk04n6HerHTPSh9UTzHRedVbCAqM/getUpdates?offset=409940244&timeout=20 (Caused by NameResolutionError("HTTPSConnection(host='api.telegram.org', port=443): Failed to resolve 'api.telegram.org' ([Errno 8] nodename nor servname provided, or not known)"))"
2026-05-09 03:10:47,265 (__init__.py:964 MainThread) ERROR - TeleBot: "Exception traceback:
Traceback (most recent call last):
  File "/Users/cyrus/Workspace/telegram-bot-bridge/venv/lib/python3.14/site-packages/urllib3/connection.py", line 204, in _new_conn
    sock = connection.create_connection(
        (self._dns_host, self.port),
    ...<2 lines>...
        socket_options=self.socket_options,
    )
  File "/Users/cyrus/Workspace/telegram-bot-bridge/venv/lib/python3.14/site-packages/urllib3/util/connection.py", line 60, in create_connection
    for res in socket.getaddrinfo(host, port, family, socket.SOCK_STREAM):
               ~~~~~~~~~~~~~~~~~~^^^^^^^^^^^^^^^^^^^^^^^^^^^^^^^^^^^^^^^^
  File "/opt/homebrew/Cellar/python@3.14/3.14.2_1/Frameworks/Python.framework/Versions/3.14/lib/python3.14/socket.py", line 983, in getaddrinfo
    for res in _socket.getaddrinfo(host, port, family, type, proto, flags):
               ~~~~~~~~~~~~~~~~~~~^^^^^^^^^^^^^^^^^^^^^^^^^^^^^^^^^^^^^^^^
socket.gaierror: [Errno 8] nodename nor servname provided, or not known

The above exception was the direct cause of the following exception:

Traceback (most recent call last):
  File "/Users/cyrus/Workspace/telegram-bot-bridge/venv/lib/python3.14/site-packages/urllib3/connectionpool.py", line 787, in urlopen
    response = self._make_request(
        conn,
    ...<10 lines>...
        **response_kw,
    )
  File "/Users/cyrus/Workspace/telegram-bot-bridge/venv/lib/python3.14/site-packages/urllib3/connectionpool.py", line 488, in _make_request
    raise new_e
  File "/Users/cyrus/Workspace/telegram-bot-bridge/venv/lib/python3.14/site-packages/urllib3/connectionpool.py", line 464, in _make_request
    self._validate_conn(conn)
    ~~~~~~~~~~~~~~~~~~~^^^^^^
  File "/Users/cyrus/Workspace/telegram-bot-bridge/venv/lib/python3.14/site-packages/urllib3/connectionpool.py", line 1093, in _validate_conn
    conn.connect()
    ~~~~~~~~~~~~^^
  File "/Users/cyrus/Workspace/telegram-bot-bridge/venv/lib/python3.14/site-packages/urllib3/connection.py", line 759, in connect
    self.sock = sock = self._new_conn()
                       ~~~~~~~~~~~~~~^^
  File "/Users/cyrus/Workspace/telegram-bot-bridge/venv/lib/python3.14/site-packages/urllib3/connection.py", line 211, in _new_conn
    raise NameResolutionError(self.host, self, e) from e
urllib3.exceptions.NameResolutionError: HTTPSConnection(host='api.telegram.org', port=443): Failed to resolve 'api.telegram.org' ([Errno 8] nodename nor servname provided, or not known)

The above exception was the direct cause of the following exception:

Traceback (most recent call last):
  File "/Users/cyrus/Workspace/telegram-bot-bridge/venv/lib/python3.14/site-packages/requests/adapters.py", line 644, in send
    resp = conn.urlopen(
        method=request.method,
    ...<9 lines>...
        chunked=chunked,
    )
  File "/Users/cyrus/Workspace/telegram-bot-bridge/venv/lib/python3.14/site-packages/urllib3/connectionpool.py", line 841, in urlopen
    retries = retries.increment(
        method, url, error=new_e, _pool=self, _stacktrace=sys.exc_info()[2]
    )
  File "/Users/cyrus/Workspace/telegram-bot-bridge/venv/lib/python3.14/site-packages/urllib3/util/retry.py", line 535, in increment
    raise MaxRetryError(_pool, url, reason) from reason  # type: ignore[arg-type]
    ^^^^^^^^^^^^^^^^^^^^^^^^^^^^^^^^^^^^^^^^^^^^^^^^^^^
urllib3.exceptions.MaxRetryError: HTTPSConnectionPool(host='api.telegram.org', port=443): Max retries exceeded with url: /bot8306239044:AAF9koVWk04n6HerHTPSh9UTzHRedVbCAqM/getUpdates?offset=409940244&timeout=20 (Caused by NameResolutionError("HTTPSConnection(host='api.telegram.org', port=443): Failed to resolve 'api.telegram.org' ([Errno 8] nodename nor servname provided, or not known)"))

During handling of the above exception, another exception occurred:

Traceback (most recent call last):
  File "/Users/cyrus/Workspace/telegram-bot-bridge/venv/lib/python3.14/site-packages/telebot/__init__.py", line 957, in infinity_polling
    self.polling(non_stop=True, timeout=timeout, long_polling_timeout=long_polling_timeout,
    ~~~~~~~~~~~~^^^^^^^^^^^^^^^^^^^^^^^^^^^^^^^^^^^^^^^^^^^^^^^^^^^^^^^^^^^^^^^^^^^^^^^^^^^
                 logger_level=logger_level, allowed_updates=allowed_updates, restart_on_change=False,
                 ^^^^^^^^^^^^^^^^^^^^^^^^^^^^^^^^^^^^^^^^^^^^^^^^^^^^^^^^^^^^^^^^^^^^^^^^^^^^^^^^^^^^
                 *args, **kwargs)
                 ^^^^^^^^^^^^^^^^
  File "/Users/cyrus/Workspace/telegram-bot-bridge/venv/lib/python3.14/site-packages/telebot/__init__.py", line 1045, in polling
    self.__threaded_polling(non_stop=non_stop, interval=interval, timeout=timeout, long_polling_timeout=long_polling_timeout,
    ~~~~~~~~~~~~~~~~~~~~~~~^^^^^^^^^^^^^^^^^^^^^^^^^^^^^^^^^^^^^^^^^^^^^^^^^^^^^^^^^^^^^^^^^^^^^^^^^^^^^^^^^^^^^^^^^^^^^^^^^^
                            logger_level=logger_level, allowed_updates=allowed_updates)
                            ^^^^^^^^^^^^^^^^^^^^^^^^^^^^^^^^^^^^^^^^^^^^^^^^^^^^^^^^^^^
  File "/Users/cyrus/Workspace/telegram-bot-bridge/venv/lib/python3.14/site-packages/telebot/__init__.py", line 1120, in __threaded_polling
    raise e
  File "/Users/cyrus/Workspace/telegram-bot-bridge/venv/lib/python3.14/site-packages/telebot/__init__.py", line 1081, in __threaded_polling
    polling_thread.raise_exceptions()
    ~~~~~~~~~~~~~~~~~~~~~~~~~~~~~~~^^
  File "/Users/cyrus/Workspace/telegram-bot-bridge/venv/lib/python3.14/site-packages/telebot/util.py", line 108, in raise_exceptions
    raise self.exception_info
  File "/Users/cyrus/Workspace/telegram-bot-bridge/venv/lib/python3.14/site-packages/telebot/util.py", line 90, in run
    task(*args, **kwargs)
    ~~~~^^^^^^^^^^^^^^^^^
  File "/Users/cyrus/Workspace/telegram-bot-bridge/venv/lib/python3.14/site-packages/telebot/__init__.py", line 651, in __retrieve_updates
    updates = self.get_updates(offset=(self.last_update_id + 1),
                               allowed_updates=allowed_updates,
                               timeout=timeout, long_polling_timeout=long_polling_timeout)
  File "/Users/cyrus/Workspace/telegram-bot-bridge/venv/lib/python3.14/site-packages/telebot/__init__.py", line 625, in get_updates
    json_updates = apihelper.get_updates(self.token, offset, limit, timeout, allowed_updates, long_polling_timeout)
  File "/Users/cyrus/Workspace/telegram-bot-bridge/venv/lib/python3.14/site-packages/telebot/apihelper.py", line 323, in get_updates
    return _make_request(token, method_url, params=payload)
  File "/Users/cyrus/Workspace/telegram-bot-bridge/venv/lib/python3.14/site-packages/telebot/apihelper.py", line 158, in _make_request
    result = _get_req_session().request(
        method, request_url, params=params, files=files,
        timeout=(connect_timeout, read_timeout), proxies=proxy)
  File "/Users/cyrus/Workspace/telegram-bot-bridge/venv/lib/python3.14/site-packages/requests/sessions.py", line 589, in request
    resp = self.send(prep, **send_kwargs)
  File "/Users/cyrus/Workspace/telegram-bot-bridge/venv/lib/python3.14/site-packages/requests/sessions.py", line 703, in send
    r = adapter.send(request, **kwargs)
  File "/Users/cyrus/Workspace/telegram-bot-bridge/venv/lib/python3.14/site-packages/requests/adapters.py", line 677, in send
    raise ConnectionError(e, request=request)
requests.exceptions.ConnectionError: HTTPSConnectionPool(host='api.telegram.org', port=443): Max retries exceeded with url: /bot8306239044:AAF9koVWk04n6HerHTPSh9UTzHRedVbCAqM/getUpdates?offset=409940244&timeout=20 (Caused by NameResolutionError("HTTPSConnection(host='api.telegram.org', port=443): Failed to resolve 'api.telegram.org' ([Errno 8] nodename nor servname provided, or not known)"))
"
2026-05-09 03:10:53,275 (__init__.py:962 MainThread) ERROR - TeleBot: "Infinity polling exception: HTTPSConnectionPool(host='api.telegram.org', port=443): Max retries exceeded with url: /bot8306239044:AAF9koVWk04n6HerHTPSh9UTzHRedVbCAqM/getUpdates?offset=409940244&timeout=20 (Caused by NameResolutionError("HTTPSConnection(host='api.telegram.org', port=443): Failed to resolve 'api.telegram.org' ([Errno 8] nodename nor servname provided, or not known)"))"
2026-05-09 03:10:53,278 (__init__.py:964 MainThread) ERROR - TeleBot: "Exception traceback:
Traceback (most recent call last):
  File "/Users/cyrus/Workspace/telegram-bot-bridge/venv/lib/python3.14/site-packages/urllib3/connection.py", line 204, in _new_conn
    sock = connection.create_connection(
        (self._dns_host, self.port),
    ...<2 lines>...
        socket_options=self.socket_options,
    )
  File "/Users/cyrus/Workspace/telegram-bot-bridge/venv/lib/python3.14/site-packages/urllib3/util/connection.py", line 60, in create_connection
    for res in socket.getaddrinfo(host, port, family, socket.SOCK_STREAM):
               ~~~~~~~~~~~~~~~~~~^^^^^^^^^^^^^^^^^^^^^^^^^^^^^^^^^^^^^^^^
  File "/opt/homebrew/Cellar/python@3.14/3.14.2_1/Frameworks/Python.framework/Versions/3.14/lib/python3.14/socket.py", line 983, in getaddrinfo
    for res in _socket.getaddrinfo(host, port, family, type, proto, flags):
               ~~~~~~~~~~~~~~~~~~~^^^^^^^^^^^^^^^^^^^^^^^^^^^^^^^^^^^^^^^^
socket.gaierror: [Errno 8] nodename nor servname provided, or not known

The above exception was the direct cause of the following exception:

Traceback (most recent call last):
  File "/Users/cyrus/Workspace/telegram-bot-bridge/venv/lib/python3.14/site-packages/urllib3/connectionpool.py", line 787, in urlopen
    response = self._make_request(
        conn,
    ...<10 lines>...
        **response_kw,
    )
  File "/Users/cyrus/Workspace/telegram-bot-bridge/venv/lib/python3.14/site-packages/urllib3/connectionpool.py", line 488, in _make_request
    raise new_e
  File "/Users/cyrus/Workspace/telegram-bot-bridge/venv/lib/python3.14/site-packages/urllib3/connectionpool.py", line 464, in _make_request
    self._validate_conn(conn)
    ~~~~~~~~~~~~~~~~~~~^^^^^^
  File "/Users/cyrus/Workspace/telegram-bot-bridge/venv/lib/python3.14/site-packages/urllib3/connectionpool.py", line 1093, in _validate_conn
    conn.connect()
    ~~~~~~~~~~~~^^
  File "/Users/cyrus/Workspace/telegram-bot-bridge/venv/lib/python3.14/site-packages/urllib3/connection.py", line 759, in connect
    self.sock = sock = self._new_conn()
                       ~~~~~~~~~~~~~~^^
  File "/Users/cyrus/Workspace/telegram-bot-bridge/venv/lib/python3.14/site-packages/urllib3/connection.py", line 211, in _new_conn
    raise NameResolutionError(self.host, self, e) from e
urllib3.exceptions.NameResolutionError: HTTPSConnection(host='api.telegram.org', port=443): Failed to resolve 'api.telegram.org' ([Errno 8] nodename nor servname provided, or not known)

The above exception was the direct cause of the following exception:

Traceback (most recent call last):
  File "/Users/cyrus/Workspace/telegram-bot-bridge/venv/lib/python3.14/site-packages/requests/adapters.py", line 644, in send
    resp = conn.urlopen(
        method=request.method,
    ...<9 lines>...
        chunked=chunked,
    )
  File "/Users/cyrus/Workspace/telegram-bot-bridge/venv/lib/python3.14/site-packages/urllib3/connectionpool.py", line 841, in urlopen
    retries = retries.increment(
        method, url, error=new_e, _pool=self, _stacktrace=sys.exc_info()[2]
    )
  File "/Users/cyrus/Workspace/telegram-bot-bridge/venv/lib/python3.14/site-packages/urllib3/util/retry.py", line 535, in increment
    raise MaxRetryError(_pool, url, reason) from reason  # type: ignore[arg-type]
    ^^^^^^^^^^^^^^^^^^^^^^^^^^^^^^^^^^^^^^^^^^^^^^^^^^^
urllib3.exceptions.MaxRetryError: HTTPSConnectionPool(host='api.telegram.org', port=443): Max retries exceeded with url: /bot8306239044:AAF9koVWk04n6HerHTPSh9UTzHRedVbCAqM/getUpdates?offset=409940244&timeout=20 (Caused by NameResolutionError("HTTPSConnection(host='api.telegram.org', port=443): Failed to resolve 'api.telegram.org' ([Errno 8] nodename nor servname provided, or not known)"))

During handling of the above exception, another exception occurred:

Traceback (most recent call last):
  File "/Users/cyrus/Workspace/telegram-bot-bridge/venv/lib/python3.14/site-packages/telebot/__init__.py", line 957, in infinity_polling
    self.polling(non_stop=True, timeout=timeout, long_polling_timeout=long_polling_timeout,
    ~~~~~~~~~~~~^^^^^^^^^^^^^^^^^^^^^^^^^^^^^^^^^^^^^^^^^^^^^^^^^^^^^^^^^^^^^^^^^^^^^^^^^^^
                 logger_level=logger_level, allowed_updates=allowed_updates, restart_on_change=False,
                 ^^^^^^^^^^^^^^^^^^^^^^^^^^^^^^^^^^^^^^^^^^^^^^^^^^^^^^^^^^^^^^^^^^^^^^^^^^^^^^^^^^^^
                 *args, **kwargs)
                 ^^^^^^^^^^^^^^^^
  File "/Users/cyrus/Workspace/telegram-bot-bridge/venv/lib/python3.14/site-packages/telebot/__init__.py", line 1045, in polling
    self.__threaded_polling(non_stop=non_stop, interval=interval, timeout=timeout, long_polling_timeout=long_polling_timeout,
    ~~~~~~~~~~~~~~~~~~~~~~~^^^^^^^^^^^^^^^^^^^^^^^^^^^^^^^^^^^^^^^^^^^^^^^^^^^^^^^^^^^^^^^^^^^^^^^^^^^^^^^^^^^^^^^^^^^^^^^^^^
                            logger_level=logger_level, allowed_updates=allowed_updates)
                            ^^^^^^^^^^^^^^^^^^^^^^^^^^^^^^^^^^^^^^^^^^^^^^^^^^^^^^^^^^^
  File "/Users/cyrus/Workspace/telegram-bot-bridge/venv/lib/python3.14/site-packages/telebot/__init__.py", line 1120, in __threaded_polling
    raise e
  File "/Users/cyrus/Workspace/telegram-bot-bridge/venv/lib/python3.14/site-packages/telebot/__init__.py", line 1081, in __threaded_polling
    polling_thread.raise_exceptions()
    ~~~~~~~~~~~~~~~~~~~~~~~~~~~~~~~^^
  File "/Users/cyrus/Workspace/telegram-bot-bridge/venv/lib/python3.14/site-packages/telebot/util.py", line 108, in raise_exceptions
    raise self.exception_info
  File "/Users/cyrus/Workspace/telegram-bot-bridge/venv/lib/python3.14/site-packages/telebot/util.py", line 90, in run
    task(*args, **kwargs)
    ~~~~^^^^^^^^^^^^^^^^^
  File "/Users/cyrus/Workspace/telegram-bot-bridge/venv/lib/python3.14/site-packages/telebot/__init__.py", line 651, in __retrieve_updates
    updates = self.get_updates(offset=(self.last_update_id + 1),
                               allowed_updates=allowed_updates,
                               timeout=timeout, long_polling_timeout=long_polling_timeout)
  File "/Users/cyrus/Workspace/telegram-bot-bridge/venv/lib/python3.14/site-packages/telebot/__init__.py", line 625, in get_updates
    json_updates = apihelper.get_updates(self.token, offset, limit, timeout, allowed_updates, long_polling_timeout)
  File "/Users/cyrus/Workspace/telegram-bot-bridge/venv/lib/python3.14/site-packages/telebot/apihelper.py", line 323, in get_updates
    return _make_request(token, method_url, params=payload)
  File "/Users/cyrus/Workspace/telegram-bot-bridge/venv/lib/python3.14/site-packages/telebot/apihelper.py", line 158, in _make_request
    result = _get_req_session().request(
        method, request_url, params=params, files=files,
        timeout=(connect_timeout, read_timeout), proxies=proxy)
  File "/Users/cyrus/Workspace/telegram-bot-bridge/venv/lib/python3.14/site-packages/requests/sessions.py", line 589, in request
    resp = self.send(prep, **send_kwargs)
  File "/Users/cyrus/Workspace/telegram-bot-bridge/venv/lib/python3.14/site-packages/requests/sessions.py", line 703, in send
    r = adapter.send(request, **kwargs)
  File "/Users/cyrus/Workspace/telegram-bot-bridge/venv/lib/python3.14/site-packages/requests/adapters.py", line 677, in send
    raise ConnectionError(e, request=request)
requests.exceptions.ConnectionError: HTTPSConnectionPool(host='api.telegram.org', port=443): Max retries exceeded with url: /bot8306239044:AAF9koVWk04n6HerHTPSh9UTzHRedVbCAqM/getUpdates?offset=409940244&timeout=20 (Caused by NameResolutionError("HTTPSConnection(host='api.telegram.org', port=443): Failed to resolve 'api.telegram.org' ([Errno 8] nodename nor servname provided, or not known)"))
"
2026-05-09 03:10:59,287 (__init__.py:962 MainThread) ERROR - TeleBot: "Infinity polling exception: HTTPSConnectionPool(host='api.telegram.org', port=443): Max retries exceeded with url: /bot8306239044:AAF9koVWk04n6HerHTPSh9UTzHRedVbCAqM/getUpdates?offset=409940244&timeout=20 (Caused by NameResolutionError("HTTPSConnection(host='api.telegram.org', port=443): Failed to resolve 'api.telegram.org' ([Errno 8] nodename nor servname provided, or not known)"))"
2026-05-09 03:10:59,291 (__init__.py:964 MainThread) ERROR - TeleBot: "Exception traceback:
Traceback (most recent call last):
  File "/Users/cyrus/Workspace/telegram-bot-bridge/venv/lib/python3.14/site-packages/urllib3/connection.py", line 204, in _new_conn
    sock = connection.create_connection(
        (self._dns_host, self.port),
    ...<2 lines>...
        socket_options=self.socket_options,
    )
  File "/Users/cyrus/Workspace/telegram-bot-bridge/venv/lib/python3.14/site-packages/urllib3/util/connection.py", line 60, in create_connection
    for res in socket.getaddrinfo(host, port, family, socket.SOCK_STREAM):
               ~~~~~~~~~~~~~~~~~~^^^^^^^^^^^^^^^^^^^^^^^^^^^^^^^^^^^^^^^^
  File "/opt/homebrew/Cellar/python@3.14/3.14.2_1/Frameworks/Python.framework/Versions/3.14/lib/python3.14/socket.py", line 983, in getaddrinfo
    for res in _socket.getaddrinfo(host, port, family, type, proto, flags):
               ~~~~~~~~~~~~~~~~~~~^^^^^^^^^^^^^^^^^^^^^^^^^^^^^^^^^^^^^^^^
socket.gaierror: [Errno 8] nodename nor servname provided, or not known

The above exception was the direct cause of the following exception:

Traceback (most recent call last):
  File "/Users/cyrus/Workspace/telegram-bot-bridge/venv/lib/python3.14/site-packages/urllib3/connectionpool.py", line 787, in urlopen
    response = self._make_request(
        conn,
    ...<10 lines>...
        **response_kw,
    )
  File "/Users/cyrus/Workspace/telegram-bot-bridge/venv/lib/python3.14/site-packages/urllib3/connectionpool.py", line 488, in _make_request
    raise new_e
  File "/Users/cyrus/Workspace/telegram-bot-bridge/venv/lib/python3.14/site-packages/urllib3/connectionpool.py", line 464, in _make_request
    self._validate_conn(conn)
    ~~~~~~~~~~~~~~~~~~~^^^^^^
  File "/Users/cyrus/Workspace/telegram-bot-bridge/venv/lib/python3.14/site-packages/urllib3/connectionpool.py", line 1093, in _validate_conn
    conn.connect()
    ~~~~~~~~~~~~^^
  File "/Users/cyrus/Workspace/telegram-bot-bridge/venv/lib/python3.14/site-packages/urllib3/connection.py", line 759, in connect
    self.sock = sock = self._new_conn()
                       ~~~~~~~~~~~~~~^^
  File "/Users/cyrus/Workspace/telegram-bot-bridge/venv/lib/python3.14/site-packages/urllib3/connection.py", line 211, in _new_conn
    raise NameResolutionError(self.host, self, e) from e
urllib3.exceptions.NameResolutionError: HTTPSConnection(host='api.telegram.org', port=443): Failed to resolve 'api.telegram.org' ([Errno 8] nodename nor servname provided, or not known)

The above exception was the direct cause of the following exception:

Traceback (most recent call last):
  File "/Users/cyrus/Workspace/telegram-bot-bridge/venv/lib/python3.14/site-packages/requests/adapters.py", line 644, in send
    resp = conn.urlopen(
        method=request.method,
    ...<9 lines>...
        chunked=chunked,
    )
  File "/Users/cyrus/Workspace/telegram-bot-bridge/venv/lib/python3.14/site-packages/urllib3/connectionpool.py", line 841, in urlopen
    retries = retries.increment(
        method, url, error=new_e, _pool=self, _stacktrace=sys.exc_info()[2]
    )
  File "/Users/cyrus/Workspace/telegram-bot-bridge/venv/lib/python3.14/site-packages/urllib3/util/retry.py", line 535, in increment
    raise MaxRetryError(_pool, url, reason) from reason  # type: ignore[arg-type]
    ^^^^^^^^^^^^^^^^^^^^^^^^^^^^^^^^^^^^^^^^^^^^^^^^^^^
urllib3.exceptions.MaxRetryError: HTTPSConnectionPool(host='api.telegram.org', port=443): Max retries exceeded with url: /bot8306239044:AAF9koVWk04n6HerHTPSh9UTzHRedVbCAqM/getUpdates?offset=409940244&timeout=20 (Caused by NameResolutionError("HTTPSConnection(host='api.telegram.org', port=443): Failed to resolve 'api.telegram.org' ([Errno 8] nodename nor servname provided, or not known)"))

During handling of the above exception, another exception occurred:

Traceback (most recent call last):
  File "/Users/cyrus/Workspace/telegram-bot-bridge/venv/lib/python3.14/site-packages/telebot/__init__.py", line 957, in infinity_polling
    self.polling(non_stop=True, timeout=timeout, long_polling_timeout=long_polling_timeout,
    ~~~~~~~~~~~~^^^^^^^^^^^^^^^^^^^^^^^^^^^^^^^^^^^^^^^^^^^^^^^^^^^^^^^^^^^^^^^^^^^^^^^^^^^
                 logger_level=logger_level, allowed_updates=allowed_updates, restart_on_change=False,
                 ^^^^^^^^^^^^^^^^^^^^^^^^^^^^^^^^^^^^^^^^^^^^^^^^^^^^^^^^^^^^^^^^^^^^^^^^^^^^^^^^^^^^
                 *args, **kwargs)
                 ^^^^^^^^^^^^^^^^
  File "/Users/cyrus/Workspace/telegram-bot-bridge/venv/lib/python3.14/site-packages/telebot/__init__.py", line 1045, in polling
    self.__threaded_polling(non_stop=non_stop, interval=interval, timeout=timeout, long_polling_timeout=long_polling_timeout,
    ~~~~~~~~~~~~~~~~~~~~~~~^^^^^^^^^^^^^^^^^^^^^^^^^^^^^^^^^^^^^^^^^^^^^^^^^^^^^^^^^^^^^^^^^^^^^^^^^^^^^^^^^^^^^^^^^^^^^^^^^^
                            logger_level=logger_level, allowed_updates=allowed_updates)
                            ^^^^^^^^^^^^^^^^^^^^^^^^^^^^^^^^^^^^^^^^^^^^^^^^^^^^^^^^^^^
  File "/Users/cyrus/Workspace/telegram-bot-bridge/venv/lib/python3.14/site-packages/telebot/__init__.py", line 1120, in __threaded_polling
    raise e
  File "/Users/cyrus/Workspace/telegram-bot-bridge/venv/lib/python3.14/site-packages/telebot/__init__.py", line 1081, in __threaded_polling
    polling_thread.raise_exceptions()
    ~~~~~~~~~~~~~~~~~~~~~~~~~~~~~~~^^
  File "/Users/cyrus/Workspace/telegram-bot-bridge/venv/lib/python3.14/site-packages/telebot/util.py", line 108, in raise_exceptions
    raise self.exception_info
  File "/Users/cyrus/Workspace/telegram-bot-bridge/venv/lib/python3.14/site-packages/telebot/util.py", line 90, in run
    task(*args, **kwargs)
    ~~~~^^^^^^^^^^^^^^^^^
  File "/Users/cyrus/Workspace/telegram-bot-bridge/venv/lib/python3.14/site-packages/telebot/__init__.py", line 651, in __retrieve_updates
    updates = self.get_updates(offset=(self.last_update_id + 1),
                               allowed_updates=allowed_updates,
                               timeout=timeout, long_polling_timeout=long_polling_timeout)
  File "/Users/cyrus/Workspace/telegram-bot-bridge/venv/lib/python3.14/site-packages/telebot/__init__.py", line 625, in get_updates
    json_updates = apihelper.get_updates(self.token, offset, limit, timeout, allowed_updates, long_polling_timeout)
  File "/Users/cyrus/Workspace/telegram-bot-bridge/venv/lib/python3.14/site-packages/telebot/apihelper.py", line 323, in get_updates
    return _make_request(token, method_url, params=payload)
  File "/Users/cyrus/Workspace/telegram-bot-bridge/venv/lib/python3.14/site-packages/telebot/apihelper.py", line 158, in _make_request
    result = _get_req_session().request(
        method, request_url, params=params, files=files,
        timeout=(connect_timeout, read_timeout), proxies=proxy)
  File "/Users/cyrus/Workspace/telegram-bot-bridge/venv/lib/python3.14/site-packages/requests/sessions.py", line 589, in request
    resp = self.send(prep, **send_kwargs)
  File "/Users/cyrus/Workspace/telegram-bot-bridge/venv/lib/python3.14/site-packages/requests/sessions.py", line 703, in send
    r = adapter.send(request, **kwargs)
  File "/Users/cyrus/Workspace/telegram-bot-bridge/venv/lib/python3.14/site-packages/requests/adapters.py", line 677, in send
    raise ConnectionError(e, request=request)
requests.exceptions.ConnectionError: HTTPSConnectionPool(host='api.telegram.org', port=443): Max retries exceeded with url: /bot8306239044:AAF9koVWk04n6HerHTPSh9UTzHRedVbCAqM/getUpdates?offset=409940244&timeout=20 (Caused by NameResolutionError("HTTPSConnection(host='api.telegram.org', port=443): Failed to resolve 'api.telegram.org' ([Errno 8] nodename nor servname provided, or not known)"))
"
2026-05-09 03:11:05,304 (__init__.py:962 MainThread) ERROR - TeleBot: "Infinity polling exception: HTTPSConnectionPool(host='api.telegram.org', port=443): Max retries exceeded with url: /bot8306239044:AAF9koVWk04n6HerHTPSh9UTzHRedVbCAqM/getUpdates?offset=409940244&timeout=20 (Caused by NameResolutionError("HTTPSConnection(host='api.telegram.org', port=443): Failed to resolve 'api.telegram.org' ([Errno 8] nodename nor servname provided, or not known)"))"
2026-05-09 03:11:05,308 (__init__.py:964 MainThread) ERROR - TeleBot: "Exception traceback:
Traceback (most recent call last):
  File "/Users/cyrus/Workspace/telegram-bot-bridge/venv/lib/python3.14/site-packages/urllib3/connection.py", line 204, in _new_conn
    sock = connection.create_connection(
        (self._dns_host, self.port),
    ...<2 lines>...
        socket_options=self.socket_options,
    )
  File "/Users/cyrus/Workspace/telegram-bot-bridge/venv/lib/python3.14/site-packages/urllib3/util/connection.py", line 60, in create_connection
    for res in socket.getaddrinfo(host, port, family, socket.SOCK_STREAM):
               ~~~~~~~~~~~~~~~~~~^^^^^^^^^^^^^^^^^^^^^^^^^^^^^^^^^^^^^^^^
  File "/opt/homebrew/Cellar/python@3.14/3.14.2_1/Frameworks/Python.framework/Versions/3.14/lib/python3.14/socket.py", line 983, in getaddrinfo
    for res in _socket.getaddrinfo(host, port, family, type, proto, flags):
               ~~~~~~~~~~~~~~~~~~~^^^^^^^^^^^^^^^^^^^^^^^^^^^^^^^^^^^^^^^^
socket.gaierror: [Errno 8] nodename nor servname provided, or not known

The above exception was the direct cause of the following exception:

Traceback (most recent call last):
  File "/Users/cyrus/Workspace/telegram-bot-bridge/venv/lib/python3.14/site-packages/urllib3/connectionpool.py", line 787, in urlopen
    response = self._make_request(
        conn,
    ...<10 lines>...
        **response_kw,
    )
  File "/Users/cyrus/Workspace/telegram-bot-bridge/venv/lib/python3.14/site-packages/urllib3/connectionpool.py", line 488, in _make_request
    raise new_e
  File "/Users/cyrus/Workspace/telegram-bot-bridge/venv/lib/python3.14/site-packages/urllib3/connectionpool.py", line 464, in _make_request
    self._validate_conn(conn)
    ~~~~~~~~~~~~~~~~~~~^^^^^^
  File "/Users/cyrus/Workspace/telegram-bot-bridge/venv/lib/python3.14/site-packages/urllib3/connectionpool.py", line 1093, in _validate_conn
    conn.connect()
    ~~~~~~~~~~~~^^
  File "/Users/cyrus/Workspace/telegram-bot-bridge/venv/lib/python3.14/site-packages/urllib3/connection.py", line 759, in connect
    self.sock = sock = self._new_conn()
                       ~~~~~~~~~~~~~~^^
  File "/Users/cyrus/Workspace/telegram-bot-bridge/venv/lib/python3.14/site-packages/urllib3/connection.py", line 211, in _new_conn
    raise NameResolutionError(self.host, self, e) from e
urllib3.exceptions.NameResolutionError: HTTPSConnection(host='api.telegram.org', port=443): Failed to resolve 'api.telegram.org' ([Errno 8] nodename nor servname provided, or not known)

The above exception was the direct cause of the following exception:

Traceback (most recent call last):
  File "/Users/cyrus/Workspace/telegram-bot-bridge/venv/lib/python3.14/site-packages/requests/adapters.py", line 644, in send
    resp = conn.urlopen(
        method=request.method,
    ...<9 lines>...
        chunked=chunked,
    )
  File "/Users/cyrus/Workspace/telegram-bot-bridge/venv/lib/python3.14/site-packages/urllib3/connectionpool.py", line 841, in urlopen
    retries = retries.increment(
        method, url, error=new_e, _pool=self, _stacktrace=sys.exc_info()[2]
    )
  File "/Users/cyrus/Workspace/telegram-bot-bridge/venv/lib/python3.14/site-packages/urllib3/util/retry.py", line 535, in increment
    raise MaxRetryError(_pool, url, reason) from reason  # type: ignore[arg-type]
    ^^^^^^^^^^^^^^^^^^^^^^^^^^^^^^^^^^^^^^^^^^^^^^^^^^^
urllib3.exceptions.MaxRetryError: HTTPSConnectionPool(host='api.telegram.org', port=443): Max retries exceeded with url: /bot8306239044:AAF9koVWk04n6HerHTPSh9UTzHRedVbCAqM/getUpdates?offset=409940244&timeout=20 (Caused by NameResolutionError("HTTPSConnection(host='api.telegram.org', port=443): Failed to resolve 'api.telegram.org' ([Errno 8] nodename nor servname provided, or not known)"))

During handling of the above exception, another exception occurred:

Traceback (most recent call last):
  File "/Users/cyrus/Workspace/telegram-bot-bridge/venv/lib/python3.14/site-packages/telebot/__init__.py", line 957, in infinity_polling
    self.polling(non_stop=True, timeout=timeout, long_polling_timeout=long_polling_timeout,
    ~~~~~~~~~~~~^^^^^^^^^^^^^^^^^^^^^^^^^^^^^^^^^^^^^^^^^^^^^^^^^^^^^^^^^^^^^^^^^^^^^^^^^^^
                 logger_level=logger_level, allowed_updates=allowed_updates, restart_on_change=False,
                 ^^^^^^^^^^^^^^^^^^^^^^^^^^^^^^^^^^^^^^^^^^^^^^^^^^^^^^^^^^^^^^^^^^^^^^^^^^^^^^^^^^^^
                 *args, **kwargs)
                 ^^^^^^^^^^^^^^^^
  File "/Users/cyrus/Workspace/telegram-bot-bridge/venv/lib/python3.14/site-packages/telebot/__init__.py", line 1045, in polling
    self.__threaded_polling(non_stop=non_stop, interval=interval, timeout=timeout, long_polling_timeout=long_polling_timeout,
    ~~~~~~~~~~~~~~~~~~~~~~~^^^^^^^^^^^^^^^^^^^^^^^^^^^^^^^^^^^^^^^^^^^^^^^^^^^^^^^^^^^^^^^^^^^^^^^^^^^^^^^^^^^^^^^^^^^^^^^^^^
                            logger_level=logger_level, allowed_updates=allowed_updates)
                            ^^^^^^^^^^^^^^^^^^^^^^^^^^^^^^^^^^^^^^^^^^^^^^^^^^^^^^^^^^^
  File "/Users/cyrus/Workspace/telegram-bot-bridge/venv/lib/python3.14/site-packages/telebot/__init__.py", line 1120, in __threaded_polling
    raise e
  File "/Users/cyrus/Workspace/telegram-bot-bridge/venv/lib/python3.14/site-packages/telebot/__init__.py", line 1081, in __threaded_polling
    polling_thread.raise_exceptions()
    ~~~~~~~~~~~~~~~~~~~~~~~~~~~~~~~^^
  File "/Users/cyrus/Workspace/telegram-bot-bridge/venv/lib/python3.14/site-packages/telebot/util.py", line 108, in raise_exceptions
    raise self.exception_info
  File "/Users/cyrus/Workspace/telegram-bot-bridge/venv/lib/python3.14/site-packages/telebot/util.py", line 90, in run
    task(*args, **kwargs)
    ~~~~^^^^^^^^^^^^^^^^^
  File "/Users/cyrus/Workspace/telegram-bot-bridge/venv/lib/python3.14/site-packages/telebot/__init__.py", line 651, in __retrieve_updates
    updates = self.get_updates(offset=(self.last_update_id + 1),
                               allowed_updates=allowed_updates,
                               timeout=timeout, long_polling_timeout=long_polling_timeout)
  File "/Users/cyrus/Workspace/telegram-bot-bridge/venv/lib/python3.14/site-packages/telebot/__init__.py", line 625, in get_updates
    json_updates = apihelper.get_updates(self.token, offset, limit, timeout, allowed_updates, long_polling_timeout)
  File "/Users/cyrus/Workspace/telegram-bot-bridge/venv/lib/python3.14/site-packages/telebot/apihelper.py", line 323, in get_updates
    return _make_request(token, method_url, params=payload)
  File "/Users/cyrus/Workspace/telegram-bot-bridge/venv/lib/python3.14/site-packages/telebot/apihelper.py", line 158, in _make_request
    result = _get_req_session().request(
        method, request_url, params=params, files=files,
        timeout=(connect_timeout, read_timeout), proxies=proxy)
  File "/Users/cyrus/Workspace/telegram-bot-bridge/venv/lib/python3.14/site-packages/requests/sessions.py", line 589, in request
    resp = self.send(prep, **send_kwargs)
  File "/Users/cyrus/Workspace/telegram-bot-bridge/venv/lib/python3.14/site-packages/requests/sessions.py", line 703, in send
    r = adapter.send(request, **kwargs)
  File "/Users/cyrus/Workspace/telegram-bot-bridge/venv/lib/python3.14/site-packages/requests/adapters.py", line 677, in send
    raise ConnectionError(e, request=request)
requests.exceptions.ConnectionError: HTTPSConnectionPool(host='api.telegram.org', port=443): Max retries exceeded with url: /bot8306239044:AAF9koVWk04n6HerHTPSh9UTzHRedVbCAqM/getUpdates?offset=409940244&timeout=20 (Caused by NameResolutionError("HTTPSConnection(host='api.telegram.org', port=443): Failed to resolve 'api.telegram.org' ([Errno 8] nodename nor servname provided, or not known)"))
"
2026-05-09 03:11:11,320 (__init__.py:962 MainThread) ERROR - TeleBot: "Infinity polling exception: HTTPSConnectionPool(host='api.telegram.org', port=443): Max retries exceeded with url: /bot8306239044:AAF9koVWk04n6HerHTPSh9UTzHRedVbCAqM/getUpdates?offset=409940244&timeout=20 (Caused by NameResolutionError("HTTPSConnection(host='api.telegram.org', port=443): Failed to resolve 'api.telegram.org' ([Errno 8] nodename nor servname provided, or not known)"))"
2026-05-09 03:11:11,324 (__init__.py:964 MainThread) ERROR - TeleBot: "Exception traceback:
Traceback (most recent call last):
  File "/Users/cyrus/Workspace/telegram-bot-bridge/venv/lib/python3.14/site-packages/urllib3/connection.py", line 204, in _new_conn
    sock = connection.create_connection(
        (self._dns_host, self.port),
    ...<2 lines>...
        socket_options=self.socket_options,
    )
  File "/Users/cyrus/Workspace/telegram-bot-bridge/venv/lib/python3.14/site-packages/urllib3/util/connection.py", line 60, in create_connection
    for res in socket.getaddrinfo(host, port, family, socket.SOCK_STREAM):
               ~~~~~~~~~~~~~~~~~~^^^^^^^^^^^^^^^^^^^^^^^^^^^^^^^^^^^^^^^^
  File "/opt/homebrew/Cellar/python@3.14/3.14.2_1/Frameworks/Python.framework/Versions/3.14/lib/python3.14/socket.py", line 983, in getaddrinfo
    for res in _socket.getaddrinfo(host, port, family, type, proto, flags):
               ~~~~~~~~~~~~~~~~~~~^^^^^^^^^^^^^^^^^^^^^^^^^^^^^^^^^^^^^^^^
socket.gaierror: [Errno 8] nodename nor servname provided, or not known

The above exception was the direct cause of the following exception:

Traceback (most recent call last):
  File "/Users/cyrus/Workspace/telegram-bot-bridge/venv/lib/python3.14/site-packages/urllib3/connectionpool.py", line 787, in urlopen
    response = self._make_request(
        conn,
    ...<10 lines>...
        **response_kw,
    )
  File "/Users/cyrus/Workspace/telegram-bot-bridge/venv/lib/python3.14/site-packages/urllib3/connectionpool.py", line 488, in _make_request
    raise new_e
  File "/Users/cyrus/Workspace/telegram-bot-bridge/venv/lib/python3.14/site-packages/urllib3/connectionpool.py", line 464, in _make_request
    self._validate_conn(conn)
    ~~~~~~~~~~~~~~~~~~~^^^^^^
  File "/Users/cyrus/Workspace/telegram-bot-bridge/venv/lib/python3.14/site-packages/urllib3/connectionpool.py", line 1093, in _validate_conn
    conn.connect()
    ~~~~~~~~~~~~^^
  File "/Users/cyrus/Workspace/telegram-bot-bridge/venv/lib/python3.14/site-packages/urllib3/connection.py", line 759, in connect
    self.sock = sock = self._new_conn()
                       ~~~~~~~~~~~~~~^^
  File "/Users/cyrus/Workspace/telegram-bot-bridge/venv/lib/python3.14/site-packages/urllib3/connection.py", line 211, in _new_conn
    raise NameResolutionError(self.host, self, e) from e
urllib3.exceptions.NameResolutionError: HTTPSConnection(host='api.telegram.org', port=443): Failed to resolve 'api.telegram.org' ([Errno 8] nodename nor servname provided, or not known)

The above exception was the direct cause of the following exception:

Traceback (most recent call last):
  File "/Users/cyrus/Workspace/telegram-bot-bridge/venv/lib/python3.14/site-packages/requests/adapters.py", line 644, in send
    resp = conn.urlopen(
        method=request.method,
    ...<9 lines>...
        chunked=chunked,
    )
  File "/Users/cyrus/Workspace/telegram-bot-bridge/venv/lib/python3.14/site-packages/urllib3/connectionpool.py", line 841, in urlopen
    retries = retries.increment(
        method, url, error=new_e, _pool=self, _stacktrace=sys.exc_info()[2]
    )
  File "/Users/cyrus/Workspace/telegram-bot-bridge/venv/lib/python3.14/site-packages/urllib3/util/retry.py", line 535, in increment
    raise MaxRetryError(_pool, url, reason) from reason  # type: ignore[arg-type]
    ^^^^^^^^^^^^^^^^^^^^^^^^^^^^^^^^^^^^^^^^^^^^^^^^^^^
urllib3.exceptions.MaxRetryError: HTTPSConnectionPool(host='api.telegram.org', port=443): Max retries exceeded with url: /bot8306239044:AAF9koVWk04n6HerHTPSh9UTzHRedVbCAqM/getUpdates?offset=409940244&timeout=20 (Caused by NameResolutionError("HTTPSConnection(host='api.telegram.org', port=443): Failed to resolve 'api.telegram.org' ([Errno 8] nodename nor servname provided, or not known)"))

During handling of the above exception, another exception occurred:

Traceback (most recent call last):
  File "/Users/cyrus/Workspace/telegram-bot-bridge/venv/lib/python3.14/site-packages/telebot/__init__.py", line 957, in infinity_polling
    self.polling(non_stop=True, timeout=timeout, long_polling_timeout=long_polling_timeout,
    ~~~~~~~~~~~~^^^^^^^^^^^^^^^^^^^^^^^^^^^^^^^^^^^^^^^^^^^^^^^^^^^^^^^^^^^^^^^^^^^^^^^^^^^
                 logger_level=logger_level, allowed_updates=allowed_updates, restart_on_change=False,
                 ^^^^^^^^^^^^^^^^^^^^^^^^^^^^^^^^^^^^^^^^^^^^^^^^^^^^^^^^^^^^^^^^^^^^^^^^^^^^^^^^^^^^
                 *args, **kwargs)
                 ^^^^^^^^^^^^^^^^
  File "/Users/cyrus/Workspace/telegram-bot-bridge/venv/lib/python3.14/site-packages/telebot/__init__.py", line 1045, in polling
    self.__threaded_polling(non_stop=non_stop, interval=interval, timeout=timeout, long_polling_timeout=long_polling_timeout,
    ~~~~~~~~~~~~~~~~~~~~~~~^^^^^^^^^^^^^^^^^^^^^^^^^^^^^^^^^^^^^^^^^^^^^^^^^^^^^^^^^^^^^^^^^^^^^^^^^^^^^^^^^^^^^^^^^^^^^^^^^^
                            logger_level=logger_level, allowed_updates=allowed_updates)
                            ^^^^^^^^^^^^^^^^^^^^^^^^^^^^^^^^^^^^^^^^^^^^^^^^^^^^^^^^^^^
  File "/Users/cyrus/Workspace/telegram-bot-bridge/venv/lib/python3.14/site-packages/telebot/__init__.py", line 1120, in __threaded_polling
    raise e
  File "/Users/cyrus/Workspace/telegram-bot-bridge/venv/lib/python3.14/site-packages/telebot/__init__.py", line 1081, in __threaded_polling
    polling_thread.raise_exceptions()
    ~~~~~~~~~~~~~~~~~~~~~~~~~~~~~~~^^
  File "/Users/cyrus/Workspace/telegram-bot-bridge/venv/lib/python3.14/site-packages/telebot/util.py", line 108, in raise_exceptions
    raise self.exception_info
  File "/Users/cyrus/Workspace/telegram-bot-bridge/venv/lib/python3.14/site-packages/telebot/util.py", line 90, in run
    task(*args, **kwargs)
    ~~~~^^^^^^^^^^^^^^^^^
  File "/Users/cyrus/Workspace/telegram-bot-bridge/venv/lib/python3.14/site-packages/telebot/__init__.py", line 651, in __retrieve_updates
    updates = self.get_updates(offset=(self.last_update_id + 1),
                               allowed_updates=allowed_updates,
                               timeout=timeout, long_polling_timeout=long_polling_timeout)
  File "/Users/cyrus/Workspace/telegram-bot-bridge/venv/lib/python3.14/site-packages/telebot/__init__.py", line 625, in get_updates
    json_updates = apihelper.get_updates(self.token, offset, limit, timeout, allowed_updates, long_polling_timeout)
  File "/Users/cyrus/Workspace/telegram-bot-bridge/venv/lib/python3.14/site-packages/telebot/apihelper.py", line 323, in get_updates
    return _make_request(token, method_url, params=payload)
  File "/Users/cyrus/Workspace/telegram-bot-bridge/venv/lib/python3.14/site-packages/telebot/apihelper.py", line 158, in _make_request
    result = _get_req_session().request(
        method, request_url, params=params, files=files,
        timeout=(connect_timeout, read_timeout), proxies=proxy)
  File "/Users/cyrus/Workspace/telegram-bot-bridge/venv/lib/python3.14/site-packages/requests/sessions.py", line 589, in request
    resp = self.send(prep, **send_kwargs)
  File "/Users/cyrus/Workspace/telegram-bot-bridge/venv/lib/python3.14/site-packages/requests/sessions.py", line 703, in send
    r = adapter.send(request, **kwargs)
  File "/Users/cyrus/Workspace/telegram-bot-bridge/venv/lib/python3.14/site-packages/requests/adapters.py", line 677, in send
    raise ConnectionError(e, request=request)
requests.exceptions.ConnectionError: HTTPSConnectionPool(host='api.telegram.org', port=443): Max retries exceeded with url: /bot8306239044:AAF9koVWk04n6HerHTPSh9UTzHRedVbCAqM/getUpdates?offset=409940244&timeout=20 (Caused by NameResolutionError("HTTPSConnection(host='api.telegram.org', port=443): Failed to resolve 'api.telegram.org' ([Errno 8] nodename nor servname provided, or not known)"))
"
2026-05-09 03:11:17,336 (__init__.py:962 MainThread) ERROR - TeleBot: "Infinity polling exception: HTTPSConnectionPool(host='api.telegram.org', port=443): Max retries exceeded with url: /bot8306239044:AAF9koVWk04n6HerHTPSh9UTzHRedVbCAqM/getUpdates?offset=409940244&timeout=20 (Caused by NameResolutionError("HTTPSConnection(host='api.telegram.org', port=443): Failed to resolve 'api.telegram.org' ([Errno 8] nodename nor servname provided, or not known)"))"
2026-05-09 03:11:17,340 (__init__.py:964 MainThread) ERROR - TeleBot: "Exception traceback:
Traceback (most recent call last):
  File "/Users/cyrus/Workspace/telegram-bot-bridge/venv/lib/python3.14/site-packages/urllib3/connection.py", line 204, in _new_conn
    sock = connection.create_connection(
        (self._dns_host, self.port),
    ...<2 lines>...
        socket_options=self.socket_options,
    )
  File "/Users/cyrus/Workspace/telegram-bot-bridge/venv/lib/python3.14/site-packages/urllib3/util/connection.py", line 60, in create_connection
    for res in socket.getaddrinfo(host, port, family, socket.SOCK_STREAM):
               ~~~~~~~~~~~~~~~~~~^^^^^^^^^^^^^^^^^^^^^^^^^^^^^^^^^^^^^^^^
  File "/opt/homebrew/Cellar/python@3.14/3.14.2_1/Frameworks/Python.framework/Versions/3.14/lib/python3.14/socket.py", line 983, in getaddrinfo
    for res in _socket.getaddrinfo(host, port, family, type, proto, flags):
               ~~~~~~~~~~~~~~~~~~~^^^^^^^^^^^^^^^^^^^^^^^^^^^^^^^^^^^^^^^^
socket.gaierror: [Errno 8] nodename nor servname provided, or not known

The above exception was the direct cause of the following exception:

Traceback (most recent call last):
  File "/Users/cyrus/Workspace/telegram-bot-bridge/venv/lib/python3.14/site-packages/urllib3/connectionpool.py", line 787, in urlopen
    response = self._make_request(
        conn,
    ...<10 lines>...
        **response_kw,
    )
  File "/Users/cyrus/Workspace/telegram-bot-bridge/venv/lib/python3.14/site-packages/urllib3/connectionpool.py", line 488, in _make_request
    raise new_e
  File "/Users/cyrus/Workspace/telegram-bot-bridge/venv/lib/python3.14/site-packages/urllib3/connectionpool.py", line 464, in _make_request
    self._validate_conn(conn)
    ~~~~~~~~~~~~~~~~~~~^^^^^^
  File "/Users/cyrus/Workspace/telegram-bot-bridge/venv/lib/python3.14/site-packages/urllib3/connectionpool.py", line 1093, in _validate_conn
    conn.connect()
    ~~~~~~~~~~~~^^
  File "/Users/cyrus/Workspace/telegram-bot-bridge/venv/lib/python3.14/site-packages/urllib3/connection.py", line 759, in connect
    self.sock = sock = self._new_conn()
                       ~~~~~~~~~~~~~~^^
  File "/Users/cyrus/Workspace/telegram-bot-bridge/venv/lib/python3.14/site-packages/urllib3/connection.py", line 211, in _new_conn
    raise NameResolutionError(self.host, self, e) from e
urllib3.exceptions.NameResolutionError: HTTPSConnection(host='api.telegram.org', port=443): Failed to resolve 'api.telegram.org' ([Errno 8] nodename nor servname provided, or not known)

The above exception was the direct cause of the following exception:

Traceback (most recent call last):
  File "/Users/cyrus/Workspace/telegram-bot-bridge/venv/lib/python3.14/site-packages/requests/adapters.py", line 644, in send
    resp = conn.urlopen(
        method=request.method,
    ...<9 lines>...
        chunked=chunked,
    )
  File "/Users/cyrus/Workspace/telegram-bot-bridge/venv/lib/python3.14/site-packages/urllib3/connectionpool.py", line 841, in urlopen
    retries = retries.increment(
        method, url, error=new_e, _pool=self, _stacktrace=sys.exc_info()[2]
    )
  File "/Users/cyrus/Workspace/telegram-bot-bridge/venv/lib/python3.14/site-packages/urllib3/util/retry.py", line 535, in increment
    raise MaxRetryError(_pool, url, reason) from reason  # type: ignore[arg-type]
    ^^^^^^^^^^^^^^^^^^^^^^^^^^^^^^^^^^^^^^^^^^^^^^^^^^^
urllib3.exceptions.MaxRetryError: HTTPSConnectionPool(host='api.telegram.org', port=443): Max retries exceeded with url: /bot8306239044:AAF9koVWk04n6HerHTPSh9UTzHRedVbCAqM/getUpdates?offset=409940244&timeout=20 (Caused by NameResolutionError("HTTPSConnection(host='api.telegram.org', port=443): Failed to resolve 'api.telegram.org' ([Errno 8] nodename nor servname provided, or not known)"))

During handling of the above exception, another exception occurred:

Traceback (most recent call last):
  File "/Users/cyrus/Workspace/telegram-bot-bridge/venv/lib/python3.14/site-packages/telebot/__init__.py", line 957, in infinity_polling
    self.polling(non_stop=True, timeout=timeout, long_polling_timeout=long_polling_timeout,
    ~~~~~~~~~~~~^^^^^^^^^^^^^^^^^^^^^^^^^^^^^^^^^^^^^^^^^^^^^^^^^^^^^^^^^^^^^^^^^^^^^^^^^^^
                 logger_level=logger_level, allowed_updates=allowed_updates, restart_on_change=False,
                 ^^^^^^^^^^^^^^^^^^^^^^^^^^^^^^^^^^^^^^^^^^^^^^^^^^^^^^^^^^^^^^^^^^^^^^^^^^^^^^^^^^^^
                 *args, **kwargs)
                 ^^^^^^^^^^^^^^^^
  File "/Users/cyrus/Workspace/telegram-bot-bridge/venv/lib/python3.14/site-packages/telebot/__init__.py", line 1045, in polling
    self.__threaded_polling(non_stop=non_stop, interval=interval, timeout=timeout, long_polling_timeout=long_polling_timeout,
    ~~~~~~~~~~~~~~~~~~~~~~~^^^^^^^^^^^^^^^^^^^^^^^^^^^^^^^^^^^^^^^^^^^^^^^^^^^^^^^^^^^^^^^^^^^^^^^^^^^^^^^^^^^^^^^^^^^^^^^^^^
                            logger_level=logger_level, allowed_updates=allowed_updates)
                            ^^^^^^^^^^^^^^^^^^^^^^^^^^^^^^^^^^^^^^^^^^^^^^^^^^^^^^^^^^^
  File "/Users/cyrus/Workspace/telegram-bot-bridge/venv/lib/python3.14/site-packages/telebot/__init__.py", line 1120, in __threaded_polling
    raise e
  File "/Users/cyrus/Workspace/telegram-bot-bridge/venv/lib/python3.14/site-packages/telebot/__init__.py", line 1081, in __threaded_polling
    polling_thread.raise_exceptions()
    ~~~~~~~~~~~~~~~~~~~~~~~~~~~~~~~^^
  File "/Users/cyrus/Workspace/telegram-bot-bridge/venv/lib/python3.14/site-packages/telebot/util.py", line 108, in raise_exceptions
    raise self.exception_info
  File "/Users/cyrus/Workspace/telegram-bot-bridge/venv/lib/python3.14/site-packages/telebot/util.py", line 90, in run
    task(*args, **kwargs)
    ~~~~^^^^^^^^^^^^^^^^^
  File "/Users/cyrus/Workspace/telegram-bot-bridge/venv/lib/python3.14/site-packages/telebot/__init__.py", line 651, in __retrieve_updates
    updates = self.get_updates(offset=(self.last_update_id + 1),
                               allowed_updates=allowed_updates,
                               timeout=timeout, long_polling_timeout=long_polling_timeout)
  File "/Users/cyrus/Workspace/telegram-bot-bridge/venv/lib/python3.14/site-packages/telebot/__init__.py", line 625, in get_updates
    json_updates = apihelper.get_updates(self.token, offset, limit, timeout, allowed_updates, long_polling_timeout)
  File "/Users/cyrus/Workspace/telegram-bot-bridge/venv/lib/python3.14/site-packages/telebot/apihelper.py", line 323, in get_updates
    return _make_request(token, method_url, params=payload)
  File "/Users/cyrus/Workspace/telegram-bot-bridge/venv/lib/python3.14/site-packages/telebot/apihelper.py", line 158, in _make_request
    result = _get_req_session().request(
        method, request_url, params=params, files=files,
        timeout=(connect_timeout, read_timeout), proxies=proxy)
  File "/Users/cyrus/Workspace/telegram-bot-bridge/venv/lib/python3.14/site-packages/requests/sessions.py", line 589, in request
    resp = self.send(prep, **send_kwargs)
  File "/Users/cyrus/Workspace/telegram-bot-bridge/venv/lib/python3.14/site-packages/requests/sessions.py", line 703, in send
    r = adapter.send(request, **kwargs)
  File "/Users/cyrus/Workspace/telegram-bot-bridge/venv/lib/python3.14/site-packages/requests/adapters.py", line 677, in send
    raise ConnectionError(e, request=request)
requests.exceptions.ConnectionError: HTTPSConnectionPool(host='api.telegram.org', port=443): Max retries exceeded with url: /bot8306239044:AAF9koVWk04n6HerHTPSh9UTzHRedVbCAqM/getUpdates?offset=409940244&timeout=20 (Caused by NameResolutionError("HTTPSConnection(host='api.telegram.org', port=443): Failed to resolve 'api.telegram.org' ([Errno 8] nodename nor servname provided, or not known)"))
"
2026-05-09 03:11:23,354 (__init__.py:962 MainThread) ERROR - TeleBot: "Infinity polling exception: HTTPSConnectionPool(host='api.telegram.org', port=443): Max retries exceeded with url: /bot8306239044:AAF9koVWk04n6HerHTPSh9UTzHRedVbCAqM/getUpdates?offset=409940244&timeout=20 (Caused by NameResolutionError("HTTPSConnection(host='api.telegram.org', port=443): Failed to resolve 'api.telegram.org' ([Errno 8] nodename nor servname provided, or not known)"))"
2026-05-09 03:11:23,358 (__init__.py:964 MainThread) ERROR - TeleBot: "Exception traceback:
Traceback (most recent call last):
  File "/Users/cyrus/Workspace/telegram-bot-bridge/venv/lib/python3.14/site-packages/urllib3/connection.py", line 204, in _new_conn
    sock = connection.create_connection(
        (self._dns_host, self.port),
    ...<2 lines>...
        socket_options=self.socket_options,
    )
  File "/Users/cyrus/Workspace/telegram-bot-bridge/venv/lib/python3.14/site-packages/urllib3/util/connection.py", line 60, in create_connection
    for res in socket.getaddrinfo(host, port, family, socket.SOCK_STREAM):
               ~~~~~~~~~~~~~~~~~~^^^^^^^^^^^^^^^^^^^^^^^^^^^^^^^^^^^^^^^^
  File "/opt/homebrew/Cellar/python@3.14/3.14.2_1/Frameworks/Python.framework/Versions/3.14/lib/python3.14/socket.py", line 983, in getaddrinfo
    for res in _socket.getaddrinfo(host, port, family, type, proto, flags):
               ~~~~~~~~~~~~~~~~~~~^^^^^^^^^^^^^^^^^^^^^^^^^^^^^^^^^^^^^^^^
socket.gaierror: [Errno 8] nodename nor servname provided, or not known

The above exception was the direct cause of the following exception:

Traceback (most recent call last):
  File "/Users/cyrus/Workspace/telegram-bot-bridge/venv/lib/python3.14/site-packages/urllib3/connectionpool.py", line 787, in urlopen
    response = self._make_request(
        conn,
    ...<10 lines>...
        **response_kw,
    )
  File "/Users/cyrus/Workspace/telegram-bot-bridge/venv/lib/python3.14/site-packages/urllib3/connectionpool.py", line 488, in _make_request
    raise new_e
  File "/Users/cyrus/Workspace/telegram-bot-bridge/venv/lib/python3.14/site-packages/urllib3/connectionpool.py", line 464, in _make_request
    self._validate_conn(conn)
    ~~~~~~~~~~~~~~~~~~~^^^^^^
  File "/Users/cyrus/Workspace/telegram-bot-bridge/venv/lib/python3.14/site-packages/urllib3/connectionpool.py", line 1093, in _validate_conn
    conn.connect()
    ~~~~~~~~~~~~^^
  File "/Users/cyrus/Workspace/telegram-bot-bridge/venv/lib/python3.14/site-packages/urllib3/connection.py", line 759, in connect
    self.sock = sock = self._new_conn()
                       ~~~~~~~~~~~~~~^^
  File "/Users/cyrus/Workspace/telegram-bot-bridge/venv/lib/python3.14/site-packages/urllib3/connection.py", line 211, in _new_conn
    raise NameResolutionError(self.host, self, e) from e
urllib3.exceptions.NameResolutionError: HTTPSConnection(host='api.telegram.org', port=443): Failed to resolve 'api.telegram.org' ([Errno 8] nodename nor servname provided, or not known)

The above exception was the direct cause of the following exception:

Traceback (most recent call last):
  File "/Users/cyrus/Workspace/telegram-bot-bridge/venv/lib/python3.14/site-packages/requests/adapters.py", line 644, in send
    resp = conn.urlopen(
        method=request.method,
    ...<9 lines>...
        chunked=chunked,
    )
  File "/Users/cyrus/Workspace/telegram-bot-bridge/venv/lib/python3.14/site-packages/urllib3/connectionpool.py", line 841, in urlopen
    retries = retries.increment(
        method, url, error=new_e, _pool=self, _stacktrace=sys.exc_info()[2]
    )
  File "/Users/cyrus/Workspace/telegram-bot-bridge/venv/lib/python3.14/site-packages/urllib3/util/retry.py", line 535, in increment
    raise MaxRetryError(_pool, url, reason) from reason  # type: ignore[arg-type]
    ^^^^^^^^^^^^^^^^^^^^^^^^^^^^^^^^^^^^^^^^^^^^^^^^^^^
urllib3.exceptions.MaxRetryError: HTTPSConnectionPool(host='api.telegram.org', port=443): Max retries exceeded with url: /bot8306239044:AAF9koVWk04n6HerHTPSh9UTzHRedVbCAqM/getUpdates?offset=409940244&timeout=20 (Caused by NameResolutionError("HTTPSConnection(host='api.telegram.org', port=443): Failed to resolve 'api.telegram.org' ([Errno 8] nodename nor servname provided, or not known)"))

During handling of the above exception, another exception occurred:

Traceback (most recent call last):
  File "/Users/cyrus/Workspace/telegram-bot-bridge/venv/lib/python3.14/site-packages/telebot/__init__.py", line 957, in infinity_polling
    self.polling(non_stop=True, timeout=timeout, long_polling_timeout=long_polling_timeout,
    ~~~~~~~~~~~~^^^^^^^^^^^^^^^^^^^^^^^^^^^^^^^^^^^^^^^^^^^^^^^^^^^^^^^^^^^^^^^^^^^^^^^^^^^
                 logger_level=logger_level, allowed_updates=allowed_updates, restart_on_change=False,
                 ^^^^^^^^^^^^^^^^^^^^^^^^^^^^^^^^^^^^^^^^^^^^^^^^^^^^^^^^^^^^^^^^^^^^^^^^^^^^^^^^^^^^
                 *args, **kwargs)
                 ^^^^^^^^^^^^^^^^
  File "/Users/cyrus/Workspace/telegram-bot-bridge/venv/lib/python3.14/site-packages/telebot/__init__.py", line 1045, in polling
    self.__threaded_polling(non_stop=non_stop, interval=interval, timeout=timeout, long_polling_timeout=long_polling_timeout,
    ~~~~~~~~~~~~~~~~~~~~~~~^^^^^^^^^^^^^^^^^^^^^^^^^^^^^^^^^^^^^^^^^^^^^^^^^^^^^^^^^^^^^^^^^^^^^^^^^^^^^^^^^^^^^^^^^^^^^^^^^^
                            logger_level=logger_level, allowed_updates=allowed_updates)
                            ^^^^^^^^^^^^^^^^^^^^^^^^^^^^^^^^^^^^^^^^^^^^^^^^^^^^^^^^^^^
  File "/Users/cyrus/Workspace/telegram-bot-bridge/venv/lib/python3.14/site-packages/telebot/__init__.py", line 1120, in __threaded_polling
    raise e
  File "/Users/cyrus/Workspace/telegram-bot-bridge/venv/lib/python3.14/site-packages/telebot/__init__.py", line 1081, in __threaded_polling
    polling_thread.raise_exceptions()
    ~~~~~~~~~~~~~~~~~~~~~~~~~~~~~~~^^
  File "/Users/cyrus/Workspace/telegram-bot-bridge/venv/lib/python3.14/site-packages/telebot/util.py", line 108, in raise_exceptions
    raise self.exception_info
  File "/Users/cyrus/Workspace/telegram-bot-bridge/venv/lib/python3.14/site-packages/telebot/util.py", line 90, in run
    task(*args, **kwargs)
    ~~~~^^^^^^^^^^^^^^^^^
  File "/Users/cyrus/Workspace/telegram-bot-bridge/venv/lib/python3.14/site-packages/telebot/__init__.py", line 651, in __retrieve_updates
    updates = self.get_updates(offset=(self.last_update_id + 1),
                               allowed_updates=allowed_updates,
                               timeout=timeout, long_polling_timeout=long_polling_timeout)
  File "/Users/cyrus/Workspace/telegram-bot-bridge/venv/lib/python3.14/site-packages/telebot/__init__.py", line 625, in get_updates
    json_updates = apihelper.get_updates(self.token, offset, limit, timeout, allowed_updates, long_polling_timeout)
  File "/Users/cyrus/Workspace/telegram-bot-bridge/venv/lib/python3.14/site-packages/telebot/apihelper.py", line 323, in get_updates
    return _make_request(token, method_url, params=payload)
  File "/Users/cyrus/Workspace/telegram-bot-bridge/venv/lib/python3.14/site-packages/telebot/apihelper.py", line 158, in _make_request
    result = _get_req_session().request(
        method, request_url, params=params, files=files,
        timeout=(connect_timeout, read_timeout), proxies=proxy)
  File "/Users/cyrus/Workspace/telegram-bot-bridge/venv/lib/python3.14/site-packages/requests/sessions.py", line 589, in request
    resp = self.send(prep, **send_kwargs)
  File "/Users/cyrus/Workspace/telegram-bot-bridge/venv/lib/python3.14/site-packages/requests/sessions.py", line 703, in send
    r = adapter.send(request, **kwargs)
  File "/Users/cyrus/Workspace/telegram-bot-bridge/venv/lib/python3.14/site-packages/requests/adapters.py", line 677, in send
    raise ConnectionError(e, request=request)
requests.exceptions.ConnectionError: HTTPSConnectionPool(host='api.telegram.org', port=443): Max retries exceeded with url: /bot8306239044:AAF9koVWk04n6HerHTPSh9UTzHRedVbCAqM/getUpdates?offset=409940244&timeout=20 (Caused by NameResolutionError("HTTPSConnection(host='api.telegram.org', port=443): Failed to resolve 'api.telegram.org' ([Errno 8] nodename nor servname provided, or not known)"))
"
2026-05-09 03:11:29,371 (__init__.py:962 MainThread) ERROR - TeleBot: "Infinity polling exception: HTTPSConnectionPool(host='api.telegram.org', port=443): Max retries exceeded with url: /bot8306239044:AAF9koVWk04n6HerHTPSh9UTzHRedVbCAqM/getUpdates?offset=409940244&timeout=20 (Caused by NameResolutionError("HTTPSConnection(host='api.telegram.org', port=443): Failed to resolve 'api.telegram.org' ([Errno 8] nodename nor servname provided, or not known)"))"
2026-05-09 03:11:29,375 (__init__.py:964 MainThread) ERROR - TeleBot: "Exception traceback:
Traceback (most recent call last):
  File "/Users/cyrus/Workspace/telegram-bot-bridge/venv/lib/python3.14/site-packages/urllib3/connection.py", line 204, in _new_conn
    sock = connection.create_connection(
        (self._dns_host, self.port),
    ...<2 lines>...
        socket_options=self.socket_options,
    )
  File "/Users/cyrus/Workspace/telegram-bot-bridge/venv/lib/python3.14/site-packages/urllib3/util/connection.py", line 60, in create_connection
    for res in socket.getaddrinfo(host, port, family, socket.SOCK_STREAM):
               ~~~~~~~~~~~~~~~~~~^^^^^^^^^^^^^^^^^^^^^^^^^^^^^^^^^^^^^^^^
  File "/opt/homebrew/Cellar/python@3.14/3.14.2_1/Frameworks/Python.framework/Versions/3.14/lib/python3.14/socket.py", line 983, in getaddrinfo
    for res in _socket.getaddrinfo(host, port, family, type, proto, flags):
               ~~~~~~~~~~~~~~~~~~~^^^^^^^^^^^^^^^^^^^^^^^^^^^^^^^^^^^^^^^^
socket.gaierror: [Errno 8] nodename nor servname provided, or not known

The above exception was the direct cause of the following exception:

Traceback (most recent call last):
  File "/Users/cyrus/Workspace/telegram-bot-bridge/venv/lib/python3.14/site-packages/urllib3/connectionpool.py", line 787, in urlopen
    response = self._make_request(
        conn,
    ...<10 lines>...
        **response_kw,
    )
  File "/Users/cyrus/Workspace/telegram-bot-bridge/venv/lib/python3.14/site-packages/urllib3/connectionpool.py", line 488, in _make_request
    raise new_e
  File "/Users/cyrus/Workspace/telegram-bot-bridge/venv/lib/python3.14/site-packages/urllib3/connectionpool.py", line 464, in _make_request
    self._validate_conn(conn)
    ~~~~~~~~~~~~~~~~~~~^^^^^^
  File "/Users/cyrus/Workspace/telegram-bot-bridge/venv/lib/python3.14/site-packages/urllib3/connectionpool.py", line 1093, in _validate_conn
    conn.connect()
    ~~~~~~~~~~~~^^
  File "/Users/cyrus/Workspace/telegram-bot-bridge/venv/lib/python3.14/site-packages/urllib3/connection.py", line 759, in connect
    self.sock = sock = self._new_conn()
                       ~~~~~~~~~~~~~~^^
  File "/Users/cyrus/Workspace/telegram-bot-bridge/venv/lib/python3.14/site-packages/urllib3/connection.py", line 211, in _new_conn
    raise NameResolutionError(self.host, self, e) from e
urllib3.exceptions.NameResolutionError: HTTPSConnection(host='api.telegram.org', port=443): Failed to resolve 'api.telegram.org' ([Errno 8] nodename nor servname provided, or not known)

The above exception was the direct cause of the following exception:

Traceback (most recent call last):
  File "/Users/cyrus/Workspace/telegram-bot-bridge/venv/lib/python3.14/site-packages/requests/adapters.py", line 644, in send
    resp = conn.urlopen(
        method=request.method,
    ...<9 lines>...
        chunked=chunked,
    )
  File "/Users/cyrus/Workspace/telegram-bot-bridge/venv/lib/python3.14/site-packages/urllib3/connectionpool.py", line 841, in urlopen
    retries = retries.increment(
        method, url, error=new_e, _pool=self, _stacktrace=sys.exc_info()[2]
    )
  File "/Users/cyrus/Workspace/telegram-bot-bridge/venv/lib/python3.14/site-packages/urllib3/util/retry.py", line 535, in increment
    raise MaxRetryError(_pool, url, reason) from reason  # type: ignore[arg-type]
    ^^^^^^^^^^^^^^^^^^^^^^^^^^^^^^^^^^^^^^^^^^^^^^^^^^^
urllib3.exceptions.MaxRetryError: HTTPSConnectionPool(host='api.telegram.org', port=443): Max retries exceeded with url: /bot8306239044:AAF9koVWk04n6HerHTPSh9UTzHRedVbCAqM/getUpdates?offset=409940244&timeout=20 (Caused by NameResolutionError("HTTPSConnection(host='api.telegram.org', port=443): Failed to resolve 'api.telegram.org' ([Errno 8] nodename nor servname provided, or not known)"))

During handling of the above exception, another exception occurred:

Traceback (most recent call last):
  File "/Users/cyrus/Workspace/telegram-bot-bridge/venv/lib/python3.14/site-packages/telebot/__init__.py", line 957, in infinity_polling
    self.polling(non_stop=True, timeout=timeout, long_polling_timeout=long_polling_timeout,
    ~~~~~~~~~~~~^^^^^^^^^^^^^^^^^^^^^^^^^^^^^^^^^^^^^^^^^^^^^^^^^^^^^^^^^^^^^^^^^^^^^^^^^^^
                 logger_level=logger_level, allowed_updates=allowed_updates, restart_on_change=False,
                 ^^^^^^^^^^^^^^^^^^^^^^^^^^^^^^^^^^^^^^^^^^^^^^^^^^^^^^^^^^^^^^^^^^^^^^^^^^^^^^^^^^^^
                 *args, **kwargs)
                 ^^^^^^^^^^^^^^^^
  File "/Users/cyrus/Workspace/telegram-bot-bridge/venv/lib/python3.14/site-packages/telebot/__init__.py", line 1045, in polling
    self.__threaded_polling(non_stop=non_stop, interval=interval, timeout=timeout, long_polling_timeout=long_polling_timeout,
    ~~~~~~~~~~~~~~~~~~~~~~~^^^^^^^^^^^^^^^^^^^^^^^^^^^^^^^^^^^^^^^^^^^^^^^^^^^^^^^^^^^^^^^^^^^^^^^^^^^^^^^^^^^^^^^^^^^^^^^^^^
                            logger_level=logger_level, allowed_updates=allowed_updates)
                            ^^^^^^^^^^^^^^^^^^^^^^^^^^^^^^^^^^^^^^^^^^^^^^^^^^^^^^^^^^^
  File "/Users/cyrus/Workspace/telegram-bot-bridge/venv/lib/python3.14/site-packages/telebot/__init__.py", line 1120, in __threaded_polling
    raise e
  File "/Users/cyrus/Workspace/telegram-bot-bridge/venv/lib/python3.14/site-packages/telebot/__init__.py", line 1081, in __threaded_polling
    polling_thread.raise_exceptions()
    ~~~~~~~~~~~~~~~~~~~~~~~~~~~~~~~^^
  File "/Users/cyrus/Workspace/telegram-bot-bridge/venv/lib/python3.14/site-packages/telebot/util.py", line 108, in raise_exceptions
    raise self.exception_info
  File "/Users/cyrus/Workspace/telegram-bot-bridge/venv/lib/python3.14/site-packages/telebot/util.py", line 90, in run
    task(*args, **kwargs)
    ~~~~^^^^^^^^^^^^^^^^^
  File "/Users/cyrus/Workspace/telegram-bot-bridge/venv/lib/python3.14/site-packages/telebot/__init__.py", line 651, in __retrieve_updates
    updates = self.get_updates(offset=(self.last_update_id + 1),
                               allowed_updates=allowed_updates,
                               timeout=timeout, long_polling_timeout=long_polling_timeout)
  File "/Users/cyrus/Workspace/telegram-bot-bridge/venv/lib/python3.14/site-packages/telebot/__init__.py", line 625, in get_updates
    json_updates = apihelper.get_updates(self.token, offset, limit, timeout, allowed_updates, long_polling_timeout)
  File "/Users/cyrus/Workspace/telegram-bot-bridge/venv/lib/python3.14/site-packages/telebot/apihelper.py", line 323, in get_updates
    return _make_request(token, method_url, params=payload)
  File "/Users/cyrus/Workspace/telegram-bot-bridge/venv/lib/python3.14/site-packages/telebot/apihelper.py", line 158, in _make_request
    result = _get_req_session().request(
        method, request_url, params=params, files=files,
        timeout=(connect_timeout, read_timeout), proxies=proxy)
  File "/Users/cyrus/Workspace/telegram-bot-bridge/venv/lib/python3.14/site-packages/requests/sessions.py", line 589, in request
    resp = self.send(prep, **send_kwargs)
  File "/Users/cyrus/Workspace/telegram-bot-bridge/venv/lib/python3.14/site-packages/requests/sessions.py", line 703, in send
    r = adapter.send(request, **kwargs)
  File "/Users/cyrus/Workspace/telegram-bot-bridge/venv/lib/python3.14/site-packages/requests/adapters.py", line 677, in send
    raise ConnectionError(e, request=request)
requests.exceptions.ConnectionError: HTTPSConnectionPool(host='api.telegram.org', port=443): Max retries exceeded with url: /bot8306239044:AAF9koVWk04n6HerHTPSh9UTzHRedVbCAqM/getUpdates?offset=409940244&timeout=20 (Caused by NameResolutionError("HTTPSConnection(host='api.telegram.org', port=443): Failed to resolve 'api.telegram.org' ([Errno 8] nodename nor servname provided, or not known)"))
"
2026-05-09 03:11:35,389 (__init__.py:962 MainThread) ERROR - TeleBot: "Infinity polling exception: HTTPSConnectionPool(host='api.telegram.org', port=443): Max retries exceeded with url: /bot8306239044:AAF9koVWk04n6HerHTPSh9UTzHRedVbCAqM/getUpdates?offset=409940244&timeout=20 (Caused by NameResolutionError("HTTPSConnection(host='api.telegram.org', port=443): Failed to resolve 'api.telegram.org' ([Errno 8] nodename nor servname provided, or not known)"))"
2026-05-09 03:11:35,393 (__init__.py:964 MainThread) ERROR - TeleBot: "Exception traceback:
Traceback (most recent call last):
  File "/Users/cyrus/Workspace/telegram-bot-bridge/venv/lib/python3.14/site-packages/urllib3/connection.py", line 204, in _new_conn
    sock = connection.create_connection(
        (self._dns_host, self.port),
    ...<2 lines>...
        socket_options=self.socket_options,
    )
  File "/Users/cyrus/Workspace/telegram-bot-bridge/venv/lib/python3.14/site-packages/urllib3/util/connection.py", line 60, in create_connection
    for res in socket.getaddrinfo(host, port, family, socket.SOCK_STREAM):
               ~~~~~~~~~~~~~~~~~~^^^^^^^^^^^^^^^^^^^^^^^^^^^^^^^^^^^^^^^^
  File "/opt/homebrew/Cellar/python@3.14/3.14.2_1/Frameworks/Python.framework/Versions/3.14/lib/python3.14/socket.py", line 983, in getaddrinfo
    for res in _socket.getaddrinfo(host, port, family, type, proto, flags):
               ~~~~~~~~~~~~~~~~~~~^^^^^^^^^^^^^^^^^^^^^^^^^^^^^^^^^^^^^^^^
socket.gaierror: [Errno 8] nodename nor servname provided, or not known

The above exception was the direct cause of the following exception:

Traceback (most recent call last):
  File "/Users/cyrus/Workspace/telegram-bot-bridge/venv/lib/python3.14/site-packages/urllib3/connectionpool.py", line 787, in urlopen
    response = self._make_request(
        conn,
    ...<10 lines>...
        **response_kw,
    )
  File "/Users/cyrus/Workspace/telegram-bot-bridge/venv/lib/python3.14/site-packages/urllib3/connectionpool.py", line 488, in _make_request
    raise new_e
  File "/Users/cyrus/Workspace/telegram-bot-bridge/venv/lib/python3.14/site-packages/urllib3/connectionpool.py", line 464, in _make_request
    self._validate_conn(conn)
    ~~~~~~~~~~~~~~~~~~~^^^^^^
  File "/Users/cyrus/Workspace/telegram-bot-bridge/venv/lib/python3.14/site-packages/urllib3/connectionpool.py", line 1093, in _validate_conn
    conn.connect()
    ~~~~~~~~~~~~^^
  File "/Users/cyrus/Workspace/telegram-bot-bridge/venv/lib/python3.14/site-packages/urllib3/connection.py", line 759, in connect
    self.sock = sock = self._new_conn()
                       ~~~~~~~~~~~~~~^^
  File "/Users/cyrus/Workspace/telegram-bot-bridge/venv/lib/python3.14/site-packages/urllib3/connection.py", line 211, in _new_conn
    raise NameResolutionError(self.host, self, e) from e
urllib3.exceptions.NameResolutionError: HTTPSConnection(host='api.telegram.org', port=443): Failed to resolve 'api.telegram.org' ([Errno 8] nodename nor servname provided, or not known)

The above exception was the direct cause of the following exception:

Traceback (most recent call last):
  File "/Users/cyrus/Workspace/telegram-bot-bridge/venv/lib/python3.14/site-packages/requests/adapters.py", line 644, in send
    resp = conn.urlopen(
        method=request.method,
    ...<9 lines>...
        chunked=chunked,
    )
  File "/Users/cyrus/Workspace/telegram-bot-bridge/venv/lib/python3.14/site-packages/urllib3/connectionpool.py", line 841, in urlopen
    retries = retries.increment(
        method, url, error=new_e, _pool=self, _stacktrace=sys.exc_info()[2]
    )
  File "/Users/cyrus/Workspace/telegram-bot-bridge/venv/lib/python3.14/site-packages/urllib3/util/retry.py", line 535, in increment
    raise MaxRetryError(_pool, url, reason) from reason  # type: ignore[arg-type]
    ^^^^^^^^^^^^^^^^^^^^^^^^^^^^^^^^^^^^^^^^^^^^^^^^^^^
urllib3.exceptions.MaxRetryError: HTTPSConnectionPool(host='api.telegram.org', port=443): Max retries exceeded with url: /bot8306239044:AAF9koVWk04n6HerHTPSh9UTzHRedVbCAqM/getUpdates?offset=409940244&timeout=20 (Caused by NameResolutionError("HTTPSConnection(host='api.telegram.org', port=443): Failed to resolve 'api.telegram.org' ([Errno 8] nodename nor servname provided, or not known)"))

During handling of the above exception, another exception occurred:

Traceback (most recent call last):
  File "/Users/cyrus/Workspace/telegram-bot-bridge/venv/lib/python3.14/site-packages/telebot/__init__.py", line 957, in infinity_polling
    self.polling(non_stop=True, timeout=timeout, long_polling_timeout=long_polling_timeout,
    ~~~~~~~~~~~~^^^^^^^^^^^^^^^^^^^^^^^^^^^^^^^^^^^^^^^^^^^^^^^^^^^^^^^^^^^^^^^^^^^^^^^^^^^
                 logger_level=logger_level, allowed_updates=allowed_updates, restart_on_change=False,
                 ^^^^^^^^^^^^^^^^^^^^^^^^^^^^^^^^^^^^^^^^^^^^^^^^^^^^^^^^^^^^^^^^^^^^^^^^^^^^^^^^^^^^
                 *args, **kwargs)
                 ^^^^^^^^^^^^^^^^
  File "/Users/cyrus/Workspace/telegram-bot-bridge/venv/lib/python3.14/site-packages/telebot/__init__.py", line 1045, in polling
    self.__threaded_polling(non_stop=non_stop, interval=interval, timeout=timeout, long_polling_timeout=long_polling_timeout,
    ~~~~~~~~~~~~~~~~~~~~~~~^^^^^^^^^^^^^^^^^^^^^^^^^^^^^^^^^^^^^^^^^^^^^^^^^^^^^^^^^^^^^^^^^^^^^^^^^^^^^^^^^^^^^^^^^^^^^^^^^^
                            logger_level=logger_level, allowed_updates=allowed_updates)
                            ^^^^^^^^^^^^^^^^^^^^^^^^^^^^^^^^^^^^^^^^^^^^^^^^^^^^^^^^^^^
  File "/Users/cyrus/Workspace/telegram-bot-bridge/venv/lib/python3.14/site-packages/telebot/__init__.py", line 1120, in __threaded_polling
    raise e
  File "/Users/cyrus/Workspace/telegram-bot-bridge/venv/lib/python3.14/site-packages/telebot/__init__.py", line 1081, in __threaded_polling
    polling_thread.raise_exceptions()
    ~~~~~~~~~~~~~~~~~~~~~~~~~~~~~~~^^
  File "/Users/cyrus/Workspace/telegram-bot-bridge/venv/lib/python3.14/site-packages/telebot/util.py", line 108, in raise_exceptions
    raise self.exception_info
  File "/Users/cyrus/Workspace/telegram-bot-bridge/venv/lib/python3.14/site-packages/telebot/util.py", line 90, in run
    task(*args, **kwargs)
    ~~~~^^^^^^^^^^^^^^^^^
  File "/Users/cyrus/Workspace/telegram-bot-bridge/venv/lib/python3.14/site-packages/telebot/__init__.py", line 651, in __retrieve_updates
    updates = self.get_updates(offset=(self.last_update_id + 1),
                               allowed_updates=allowed_updates,
                               timeout=timeout, long_polling_timeout=long_polling_timeout)
  File "/Users/cyrus/Workspace/telegram-bot-bridge/venv/lib/python3.14/site-packages/telebot/__init__.py", line 625, in get_updates
    json_updates = apihelper.get_updates(self.token, offset, limit, timeout, allowed_updates, long_polling_timeout)
  File "/Users/cyrus/Workspace/telegram-bot-bridge/venv/lib/python3.14/site-packages/telebot/apihelper.py", line 323, in get_updates
    return _make_request(token, method_url, params=payload)
  File "/Users/cyrus/Workspace/telegram-bot-bridge/venv/lib/python3.14/site-packages/telebot/apihelper.py", line 158, in _make_request
    result = _get_req_session().request(
        method, request_url, params=params, files=files,
        timeout=(connect_timeout, read_timeout), proxies=proxy)
  File "/Users/cyrus/Workspace/telegram-bot-bridge/venv/lib/python3.14/site-packages/requests/sessions.py", line 589, in request
    resp = self.send(prep, **send_kwargs)
  File "/Users/cyrus/Workspace/telegram-bot-bridge/venv/lib/python3.14/site-packages/requests/sessions.py", line 703, in send
    r = adapter.send(request, **kwargs)
  File "/Users/cyrus/Workspace/telegram-bot-bridge/venv/lib/python3.14/site-packages/requests/adapters.py", line 677, in send
    raise ConnectionError(e, request=request)
requests.exceptions.ConnectionError: HTTPSConnectionPool(host='api.telegram.org', port=443): Max retries exceeded with url: /bot8306239044:AAF9koVWk04n6HerHTPSh9UTzHRedVbCAqM/getUpdates?offset=409940244&timeout=20 (Caused by NameResolutionError("HTTPSConnection(host='api.telegram.org', port=443): Failed to resolve 'api.telegram.org' ([Errno 8] nodename nor servname provided, or not known)"))
"
2026-05-09 03:11:41,406 (__init__.py:962 MainThread) ERROR - TeleBot: "Infinity polling exception: HTTPSConnectionPool(host='api.telegram.org', port=443): Max retries exceeded with url: /bot8306239044:AAF9koVWk04n6HerHTPSh9UTzHRedVbCAqM/getUpdates?offset=409940244&timeout=20 (Caused by NameResolutionError("HTTPSConnection(host='api.telegram.org', port=443): Failed to resolve 'api.telegram.org' ([Errno 8] nodename nor servname provided, or not known)"))"
2026-05-09 03:11:41,410 (__init__.py:964 MainThread) ERROR - TeleBot: "Exception traceback:
Traceback (most recent call last):
  File "/Users/cyrus/Workspace/telegram-bot-bridge/venv/lib/python3.14/site-packages/urllib3/connection.py", line 204, in _new_conn
    sock = connection.create_connection(
        (self._dns_host, self.port),
    ...<2 lines>...
        socket_options=self.socket_options,
    )
  File "/Users/cyrus/Workspace/telegram-bot-bridge/venv/lib/python3.14/site-packages/urllib3/util/connection.py", line 60, in create_connection
    for res in socket.getaddrinfo(host, port, family, socket.SOCK_STREAM):
               ~~~~~~~~~~~~~~~~~~^^^^^^^^^^^^^^^^^^^^^^^^^^^^^^^^^^^^^^^^
  File "/opt/homebrew/Cellar/python@3.14/3.14.2_1/Frameworks/Python.framework/Versions/3.14/lib/python3.14/socket.py", line 983, in getaddrinfo
    for res in _socket.getaddrinfo(host, port, family, type, proto, flags):
               ~~~~~~~~~~~~~~~~~~~^^^^^^^^^^^^^^^^^^^^^^^^^^^^^^^^^^^^^^^^
socket.gaierror: [Errno 8] nodename nor servname provided, or not known

The above exception was the direct cause of the following exception:

Traceback (most recent call last):
  File "/Users/cyrus/Workspace/telegram-bot-bridge/venv/lib/python3.14/site-packages/urllib3/connectionpool.py", line 787, in urlopen
    response = self._make_request(
        conn,
    ...<10 lines>...
        **response_kw,
    )
  File "/Users/cyrus/Workspace/telegram-bot-bridge/venv/lib/python3.14/site-packages/urllib3/connectionpool.py", line 488, in _make_request
    raise new_e
  File "/Users/cyrus/Workspace/telegram-bot-bridge/venv/lib/python3.14/site-packages/urllib3/connectionpool.py", line 464, in _make_request
    self._validate_conn(conn)
    ~~~~~~~~~~~~~~~~~~~^^^^^^
  File "/Users/cyrus/Workspace/telegram-bot-bridge/venv/lib/python3.14/site-packages/urllib3/connectionpool.py", line 1093, in _validate_conn
    conn.connect()
    ~~~~~~~~~~~~^^
  File "/Users/cyrus/Workspace/telegram-bot-bridge/venv/lib/python3.14/site-packages/urllib3/connection.py", line 759, in connect
    self.sock = sock = self._new_conn()
                       ~~~~~~~~~~~~~~^^
  File "/Users/cyrus/Workspace/telegram-bot-bridge/venv/lib/python3.14/site-packages/urllib3/connection.py", line 211, in _new_conn
    raise NameResolutionError(self.host, self, e) from e
urllib3.exceptions.NameResolutionError: HTTPSConnection(host='api.telegram.org', port=443): Failed to resolve 'api.telegram.org' ([Errno 8] nodename nor servname provided, or not known)

The above exception was the direct cause of the following exception:

Traceback (most recent call last):
  File "/Users/cyrus/Workspace/telegram-bot-bridge/venv/lib/python3.14/site-packages/requests/adapters.py", line 644, in send
    resp = conn.urlopen(
        method=request.method,
    ...<9 lines>...
        chunked=chunked,
    )
  File "/Users/cyrus/Workspace/telegram-bot-bridge/venv/lib/python3.14/site-packages/urllib3/connectionpool.py", line 841, in urlopen
    retries = retries.increment(
        method, url, error=new_e, _pool=self, _stacktrace=sys.exc_info()[2]
    )
  File "/Users/cyrus/Workspace/telegram-bot-bridge/venv/lib/python3.14/site-packages/urllib3/util/retry.py", line 535, in increment
    raise MaxRetryError(_pool, url, reason) from reason  # type: ignore[arg-type]
    ^^^^^^^^^^^^^^^^^^^^^^^^^^^^^^^^^^^^^^^^^^^^^^^^^^^
urllib3.exceptions.MaxRetryError: HTTPSConnectionPool(host='api.telegram.org', port=443): Max retries exceeded with url: /bot8306239044:AAF9koVWk04n6HerHTPSh9UTzHRedVbCAqM/getUpdates?offset=409940244&timeout=20 (Caused by NameResolutionError("HTTPSConnection(host='api.telegram.org', port=443): Failed to resolve 'api.telegram.org' ([Errno 8] nodename nor servname provided, or not known)"))

During handling of the above exception, another exception occurred:

Traceback (most recent call last):
  File "/Users/cyrus/Workspace/telegram-bot-bridge/venv/lib/python3.14/site-packages/telebot/__init__.py", line 957, in infinity_polling
    self.polling(non_stop=True, timeout=timeout, long_polling_timeout=long_polling_timeout,
    ~~~~~~~~~~~~^^^^^^^^^^^^^^^^^^^^^^^^^^^^^^^^^^^^^^^^^^^^^^^^^^^^^^^^^^^^^^^^^^^^^^^^^^^
                 logger_level=logger_level, allowed_updates=allowed_updates, restart_on_change=False,
                 ^^^^^^^^^^^^^^^^^^^^^^^^^^^^^^^^^^^^^^^^^^^^^^^^^^^^^^^^^^^^^^^^^^^^^^^^^^^^^^^^^^^^
                 *args, **kwargs)
                 ^^^^^^^^^^^^^^^^
  File "/Users/cyrus/Workspace/telegram-bot-bridge/venv/lib/python3.14/site-packages/telebot/__init__.py", line 1045, in polling
    self.__threaded_polling(non_stop=non_stop, interval=interval, timeout=timeout, long_polling_timeout=long_polling_timeout,
    ~~~~~~~~~~~~~~~~~~~~~~~^^^^^^^^^^^^^^^^^^^^^^^^^^^^^^^^^^^^^^^^^^^^^^^^^^^^^^^^^^^^^^^^^^^^^^^^^^^^^^^^^^^^^^^^^^^^^^^^^^
                            logger_level=logger_level, allowed_updates=allowed_updates)
                            ^^^^^^^^^^^^^^^^^^^^^^^^^^^^^^^^^^^^^^^^^^^^^^^^^^^^^^^^^^^
  File "/Users/cyrus/Workspace/telegram-bot-bridge/venv/lib/python3.14/site-packages/telebot/__init__.py", line 1120, in __threaded_polling
    raise e
  File "/Users/cyrus/Workspace/telegram-bot-bridge/venv/lib/python3.14/site-packages/telebot/__init__.py", line 1081, in __threaded_polling
    polling_thread.raise_exceptions()
    ~~~~~~~~~~~~~~~~~~~~~~~~~~~~~~~^^
  File "/Users/cyrus/Workspace/telegram-bot-bridge/venv/lib/python3.14/site-packages/telebot/util.py", line 108, in raise_exceptions
    raise self.exception_info
  File "/Users/cyrus/Workspace/telegram-bot-bridge/venv/lib/python3.14/site-packages/telebot/util.py", line 90, in run
    task(*args, **kwargs)
    ~~~~^^^^^^^^^^^^^^^^^
  File "/Users/cyrus/Workspace/telegram-bot-bridge/venv/lib/python3.14/site-packages/telebot/__init__.py", line 651, in __retrieve_updates
    updates = self.get_updates(offset=(self.last_update_id + 1),
                               allowed_updates=allowed_updates,
                               timeout=timeout, long_polling_timeout=long_polling_timeout)
  File "/Users/cyrus/Workspace/telegram-bot-bridge/venv/lib/python3.14/site-packages/telebot/__init__.py", line 625, in get_updates
    json_updates = apihelper.get_updates(self.token, offset, limit, timeout, allowed_updates, long_polling_timeout)
  File "/Users/cyrus/Workspace/telegram-bot-bridge/venv/lib/python3.14/site-packages/telebot/apihelper.py", line 323, in get_updates
    return _make_request(token, method_url, params=payload)
  File "/Users/cyrus/Workspace/telegram-bot-bridge/venv/lib/python3.14/site-packages/telebot/apihelper.py", line 158, in _make_request
    result = _get_req_session().request(
        method, request_url, params=params, files=files,
        timeout=(connect_timeout, read_timeout), proxies=proxy)
  File "/Users/cyrus/Workspace/telegram-bot-bridge/venv/lib/python3.14/site-packages/requests/sessions.py", line 589, in request
    resp = self.send(prep, **send_kwargs)
  File "/Users/cyrus/Workspace/telegram-bot-bridge/venv/lib/python3.14/site-packages/requests/sessions.py", line 703, in send
    r = adapter.send(request, **kwargs)
  File "/Users/cyrus/Workspace/telegram-bot-bridge/venv/lib/python3.14/site-packages/requests/adapters.py", line 677, in send
    raise ConnectionError(e, request=request)
requests.exceptions.ConnectionError: HTTPSConnectionPool(host='api.telegram.org', port=443): Max retries exceeded with url: /bot8306239044:AAF9koVWk04n6HerHTPSh9UTzHRedVbCAqM/getUpdates?offset=409940244&timeout=20 (Caused by NameResolutionError("HTTPSConnection(host='api.telegram.org', port=443): Failed to resolve 'api.telegram.org' ([Errno 8] nodename nor servname provided, or not known)"))
"
2026-05-09 03:11:47,427 (__init__.py:962 MainThread) ERROR - TeleBot: "Infinity polling exception: HTTPSConnectionPool(host='api.telegram.org', port=443): Max retries exceeded with url: /bot8306239044:AAF9koVWk04n6HerHTPSh9UTzHRedVbCAqM/getUpdates?offset=409940244&timeout=20 (Caused by NameResolutionError("HTTPSConnection(host='api.telegram.org', port=443): Failed to resolve 'api.telegram.org' ([Errno 8] nodename nor servname provided, or not known)"))"
2026-05-09 03:11:47,431 (__init__.py:964 MainThread) ERROR - TeleBot: "Exception traceback:
Traceback (most recent call last):
  File "/Users/cyrus/Workspace/telegram-bot-bridge/venv/lib/python3.14/site-packages/urllib3/connection.py", line 204, in _new_conn
    sock = connection.create_connection(
        (self._dns_host, self.port),
    ...<2 lines>...
        socket_options=self.socket_options,
    )
  File "/Users/cyrus/Workspace/telegram-bot-bridge/venv/lib/python3.14/site-packages/urllib3/util/connection.py", line 60, in create_connection
    for res in socket.getaddrinfo(host, port, family, socket.SOCK_STREAM):
               ~~~~~~~~~~~~~~~~~~^^^^^^^^^^^^^^^^^^^^^^^^^^^^^^^^^^^^^^^^
  File "/opt/homebrew/Cellar/python@3.14/3.14.2_1/Frameworks/Python.framework/Versions/3.14/lib/python3.14/socket.py", line 983, in getaddrinfo
    for res in _socket.getaddrinfo(host, port, family, type, proto, flags):
               ~~~~~~~~~~~~~~~~~~~^^^^^^^^^^^^^^^^^^^^^^^^^^^^^^^^^^^^^^^^
socket.gaierror: [Errno 8] nodename nor servname provided, or not known

The above exception was the direct cause of the following exception:

Traceback (most recent call last):
  File "/Users/cyrus/Workspace/telegram-bot-bridge/venv/lib/python3.14/site-packages/urllib3/connectionpool.py", line 787, in urlopen
    response = self._make_request(
        conn,
    ...<10 lines>...
        **response_kw,
    )
  File "/Users/cyrus/Workspace/telegram-bot-bridge/venv/lib/python3.14/site-packages/urllib3/connectionpool.py", line 488, in _make_request
    raise new_e
  File "/Users/cyrus/Workspace/telegram-bot-bridge/venv/lib/python3.14/site-packages/urllib3/connectionpool.py", line 464, in _make_request
    self._validate_conn(conn)
    ~~~~~~~~~~~~~~~~~~~^^^^^^
  File "/Users/cyrus/Workspace/telegram-bot-bridge/venv/lib/python3.14/site-packages/urllib3/connectionpool.py", line 1093, in _validate_conn
    conn.connect()
    ~~~~~~~~~~~~^^
  File "/Users/cyrus/Workspace/telegram-bot-bridge/venv/lib/python3.14/site-packages/urllib3/connection.py", line 759, in connect
    self.sock = sock = self._new_conn()
                       ~~~~~~~~~~~~~~^^
  File "/Users/cyrus/Workspace/telegram-bot-bridge/venv/lib/python3.14/site-packages/urllib3/connection.py", line 211, in _new_conn
    raise NameResolutionError(self.host, self, e) from e
urllib3.exceptions.NameResolutionError: HTTPSConnection(host='api.telegram.org', port=443): Failed to resolve 'api.telegram.org' ([Errno 8] nodename nor servname provided, or not known)

The above exception was the direct cause of the following exception:

Traceback (most recent call last):
  File "/Users/cyrus/Workspace/telegram-bot-bridge/venv/lib/python3.14/site-packages/requests/adapters.py", line 644, in send
    resp = conn.urlopen(
        method=request.method,
    ...<9 lines>...
        chunked=chunked,
    )
  File "/Users/cyrus/Workspace/telegram-bot-bridge/venv/lib/python3.14/site-packages/urllib3/connectionpool.py", line 841, in urlopen
    retries = retries.increment(
        method, url, error=new_e, _pool=self, _stacktrace=sys.exc_info()[2]
    )
  File "/Users/cyrus/Workspace/telegram-bot-bridge/venv/lib/python3.14/site-packages/urllib3/util/retry.py", line 535, in increment
    raise MaxRetryError(_pool, url, reason) from reason  # type: ignore[arg-type]
    ^^^^^^^^^^^^^^^^^^^^^^^^^^^^^^^^^^^^^^^^^^^^^^^^^^^
urllib3.exceptions.MaxRetryError: HTTPSConnectionPool(host='api.telegram.org', port=443): Max retries exceeded with url: /bot8306239044:AAF9koVWk04n6HerHTPSh9UTzHRedVbCAqM/getUpdates?offset=409940244&timeout=20 (Caused by NameResolutionError("HTTPSConnection(host='api.telegram.org', port=443): Failed to resolve 'api.telegram.org' ([Errno 8] nodename nor servname provided, or not known)"))

During handling of the above exception, another exception occurred:

Traceback (most recent call last):
  File "/Users/cyrus/Workspace/telegram-bot-bridge/venv/lib/python3.14/site-packages/telebot/__init__.py", line 957, in infinity_polling
    self.polling(non_stop=True, timeout=timeout, long_polling_timeout=long_polling_timeout,
    ~~~~~~~~~~~~^^^^^^^^^^^^^^^^^^^^^^^^^^^^^^^^^^^^^^^^^^^^^^^^^^^^^^^^^^^^^^^^^^^^^^^^^^^
                 logger_level=logger_level, allowed_updates=allowed_updates, restart_on_change=False,
                 ^^^^^^^^^^^^^^^^^^^^^^^^^^^^^^^^^^^^^^^^^^^^^^^^^^^^^^^^^^^^^^^^^^^^^^^^^^^^^^^^^^^^
                 *args, **kwargs)
                 ^^^^^^^^^^^^^^^^
  File "/Users/cyrus/Workspace/telegram-bot-bridge/venv/lib/python3.14/site-packages/telebot/__init__.py", line 1045, in polling
    self.__threaded_polling(non_stop=non_stop, interval=interval, timeout=timeout, long_polling_timeout=long_polling_timeout,
    ~~~~~~~~~~~~~~~~~~~~~~~^^^^^^^^^^^^^^^^^^^^^^^^^^^^^^^^^^^^^^^^^^^^^^^^^^^^^^^^^^^^^^^^^^^^^^^^^^^^^^^^^^^^^^^^^^^^^^^^^^
                            logger_level=logger_level, allowed_updates=allowed_updates)
                            ^^^^^^^^^^^^^^^^^^^^^^^^^^^^^^^^^^^^^^^^^^^^^^^^^^^^^^^^^^^
  File "/Users/cyrus/Workspace/telegram-bot-bridge/venv/lib/python3.14/site-packages/telebot/__init__.py", line 1120, in __threaded_polling
    raise e
  File "/Users/cyrus/Workspace/telegram-bot-bridge/venv/lib/python3.14/site-packages/telebot/__init__.py", line 1081, in __threaded_polling
    polling_thread.raise_exceptions()
    ~~~~~~~~~~~~~~~~~~~~~~~~~~~~~~~^^
  File "/Users/cyrus/Workspace/telegram-bot-bridge/venv/lib/python3.14/site-packages/telebot/util.py", line 108, in raise_exceptions
    raise self.exception_info
  File "/Users/cyrus/Workspace/telegram-bot-bridge/venv/lib/python3.14/site-packages/telebot/util.py", line 90, in run
    task(*args, **kwargs)
    ~~~~^^^^^^^^^^^^^^^^^
  File "/Users/cyrus/Workspace/telegram-bot-bridge/venv/lib/python3.14/site-packages/telebot/__init__.py", line 651, in __retrieve_updates
    updates = self.get_updates(offset=(self.last_update_id + 1),
                               allowed_updates=allowed_updates,
                               timeout=timeout, long_polling_timeout=long_polling_timeout)
  File "/Users/cyrus/Workspace/telegram-bot-bridge/venv/lib/python3.14/site-packages/telebot/__init__.py", line 625, in get_updates
    json_updates = apihelper.get_updates(self.token, offset, limit, timeout, allowed_updates, long_polling_timeout)
  File "/Users/cyrus/Workspace/telegram-bot-bridge/venv/lib/python3.14/site-packages/telebot/apihelper.py", line 323, in get_updates
    return _make_request(token, method_url, params=payload)
  File "/Users/cyrus/Workspace/telegram-bot-bridge/venv/lib/python3.14/site-packages/telebot/apihelper.py", line 158, in _make_request
    result = _get_req_session().request(
        method, request_url, params=params, files=files,
        timeout=(connect_timeout, read_timeout), proxies=proxy)
  File "/Users/cyrus/Workspace/telegram-bot-bridge/venv/lib/python3.14/site-packages/requests/sessions.py", line 589, in request
    resp = self.send(prep, **send_kwargs)
  File "/Users/cyrus/Workspace/telegram-bot-bridge/venv/lib/python3.14/site-packages/requests/sessions.py", line 703, in send
    r = adapter.send(request, **kwargs)
  File "/Users/cyrus/Workspace/telegram-bot-bridge/venv/lib/python3.14/site-packages/requests/adapters.py", line 677, in send
    raise ConnectionError(e, request=request)
requests.exceptions.ConnectionError: HTTPSConnectionPool(host='api.telegram.org', port=443): Max retries exceeded with url: /bot8306239044:AAF9koVWk04n6HerHTPSh9UTzHRedVbCAqM/getUpdates?offset=409940244&timeout=20 (Caused by NameResolutionError("HTTPSConnection(host='api.telegram.org', port=443): Failed to resolve 'api.telegram.org' ([Errno 8] nodename nor servname provided, or not known)"))
"
2026-05-09 03:11:53,443 (__init__.py:962 MainThread) ERROR - TeleBot: "Infinity polling exception: HTTPSConnectionPool(host='api.telegram.org', port=443): Max retries exceeded with url: /bot8306239044:AAF9koVWk04n6HerHTPSh9UTzHRedVbCAqM/getUpdates?offset=409940244&timeout=20 (Caused by NameResolutionError("HTTPSConnection(host='api.telegram.org', port=443): Failed to resolve 'api.telegram.org' ([Errno 8] nodename nor servname provided, or not known)"))"
2026-05-09 03:11:53,447 (__init__.py:964 MainThread) ERROR - TeleBot: "Exception traceback:
Traceback (most recent call last):
  File "/Users/cyrus/Workspace/telegram-bot-bridge/venv/lib/python3.14/site-packages/urllib3/connection.py", line 204, in _new_conn
    sock = connection.create_connection(
        (self._dns_host, self.port),
    ...<2 lines>...
        socket_options=self.socket_options,
    )
  File "/Users/cyrus/Workspace/telegram-bot-bridge/venv/lib/python3.14/site-packages/urllib3/util/connection.py", line 60, in create_connection
    for res in socket.getaddrinfo(host, port, family, socket.SOCK_STREAM):
               ~~~~~~~~~~~~~~~~~~^^^^^^^^^^^^^^^^^^^^^^^^^^^^^^^^^^^^^^^^
  File "/opt/homebrew/Cellar/python@3.14/3.14.2_1/Frameworks/Python.framework/Versions/3.14/lib/python3.14/socket.py", line 983, in getaddrinfo
    for res in _socket.getaddrinfo(host, port, family, type, proto, flags):
               ~~~~~~~~~~~~~~~~~~~^^^^^^^^^^^^^^^^^^^^^^^^^^^^^^^^^^^^^^^^
socket.gaierror: [Errno 8] nodename nor servname provided, or not known

The above exception was the direct cause of the following exception:

Traceback (most recent call last):
  File "/Users/cyrus/Workspace/telegram-bot-bridge/venv/lib/python3.14/site-packages/urllib3/connectionpool.py", line 787, in urlopen
    response = self._make_request(
        conn,
    ...<10 lines>...
        **response_kw,
    )
  File "/Users/cyrus/Workspace/telegram-bot-bridge/venv/lib/python3.14/site-packages/urllib3/connectionpool.py", line 488, in _make_request
    raise new_e
  File "/Users/cyrus/Workspace/telegram-bot-bridge/venv/lib/python3.14/site-packages/urllib3/connectionpool.py", line 464, in _make_request
    self._validate_conn(conn)
    ~~~~~~~~~~~~~~~~~~~^^^^^^
  File "/Users/cyrus/Workspace/telegram-bot-bridge/venv/lib/python3.14/site-packages/urllib3/connectionpool.py", line 1093, in _validate_conn
    conn.connect()
    ~~~~~~~~~~~~^^
  File "/Users/cyrus/Workspace/telegram-bot-bridge/venv/lib/python3.14/site-packages/urllib3/connection.py", line 759, in connect
    self.sock = sock = self._new_conn()
                       ~~~~~~~~~~~~~~^^
  File "/Users/cyrus/Workspace/telegram-bot-bridge/venv/lib/python3.14/site-packages/urllib3/connection.py", line 211, in _new_conn
    raise NameResolutionError(self.host, self, e) from e
urllib3.exceptions.NameResolutionError: HTTPSConnection(host='api.telegram.org', port=443): Failed to resolve 'api.telegram.org' ([Errno 8] nodename nor servname provided, or not known)

The above exception was the direct cause of the following exception:

Traceback (most recent call last):
  File "/Users/cyrus/Workspace/telegram-bot-bridge/venv/lib/python3.14/site-packages/requests/adapters.py", line 644, in send
    resp = conn.urlopen(
        method=request.method,
    ...<9 lines>...
        chunked=chunked,
    )
  File "/Users/cyrus/Workspace/telegram-bot-bridge/venv/lib/python3.14/site-packages/urllib3/connectionpool.py", line 841, in urlopen
    retries = retries.increment(
        method, url, error=new_e, _pool=self, _stacktrace=sys.exc_info()[2]
    )
  File "/Users/cyrus/Workspace/telegram-bot-bridge/venv/lib/python3.14/site-packages/urllib3/util/retry.py", line 535, in increment
    raise MaxRetryError(_pool, url, reason) from reason  # type: ignore[arg-type]
    ^^^^^^^^^^^^^^^^^^^^^^^^^^^^^^^^^^^^^^^^^^^^^^^^^^^
urllib3.exceptions.MaxRetryError: HTTPSConnectionPool(host='api.telegram.org', port=443): Max retries exceeded with url: /bot8306239044:AAF9koVWk04n6HerHTPSh9UTzHRedVbCAqM/getUpdates?offset=409940244&timeout=20 (Caused by NameResolutionError("HTTPSConnection(host='api.telegram.org', port=443): Failed to resolve 'api.telegram.org' ([Errno 8] nodename nor servname provided, or not known)"))

During handling of the above exception, another exception occurred:

Traceback (most recent call last):
  File "/Users/cyrus/Workspace/telegram-bot-bridge/venv/lib/python3.14/site-packages/telebot/__init__.py", line 957, in infinity_polling
    self.polling(non_stop=True, timeout=timeout, long_polling_timeout=long_polling_timeout,
    ~~~~~~~~~~~~^^^^^^^^^^^^^^^^^^^^^^^^^^^^^^^^^^^^^^^^^^^^^^^^^^^^^^^^^^^^^^^^^^^^^^^^^^^
                 logger_level=logger_level, allowed_updates=allowed_updates, restart_on_change=False,
                 ^^^^^^^^^^^^^^^^^^^^^^^^^^^^^^^^^^^^^^^^^^^^^^^^^^^^^^^^^^^^^^^^^^^^^^^^^^^^^^^^^^^^
                 *args, **kwargs)
                 ^^^^^^^^^^^^^^^^
  File "/Users/cyrus/Workspace/telegram-bot-bridge/venv/lib/python3.14/site-packages/telebot/__init__.py", line 1045, in polling
    self.__threaded_polling(non_stop=non_stop, interval=interval, timeout=timeout, long_polling_timeout=long_polling_timeout,
    ~~~~~~~~~~~~~~~~~~~~~~~^^^^^^^^^^^^^^^^^^^^^^^^^^^^^^^^^^^^^^^^^^^^^^^^^^^^^^^^^^^^^^^^^^^^^^^^^^^^^^^^^^^^^^^^^^^^^^^^^^
                            logger_level=logger_level, allowed_updates=allowed_updates)
                            ^^^^^^^^^^^^^^^^^^^^^^^^^^^^^^^^^^^^^^^^^^^^^^^^^^^^^^^^^^^
  File "/Users/cyrus/Workspace/telegram-bot-bridge/venv/lib/python3.14/site-packages/telebot/__init__.py", line 1120, in __threaded_polling
    raise e
  File "/Users/cyrus/Workspace/telegram-bot-bridge/venv/lib/python3.14/site-packages/telebot/__init__.py", line 1081, in __threaded_polling
    polling_thread.raise_exceptions()
    ~~~~~~~~~~~~~~~~~~~~~~~~~~~~~~~^^
  File "/Users/cyrus/Workspace/telegram-bot-bridge/venv/lib/python3.14/site-packages/telebot/util.py", line 108, in raise_exceptions
    raise self.exception_info
  File "/Users/cyrus/Workspace/telegram-bot-bridge/venv/lib/python3.14/site-packages/telebot/util.py", line 90, in run
    task(*args, **kwargs)
    ~~~~^^^^^^^^^^^^^^^^^
  File "/Users/cyrus/Workspace/telegram-bot-bridge/venv/lib/python3.14/site-packages/telebot/__init__.py", line 651, in __retrieve_updates
    updates = self.get_updates(offset=(self.last_update_id + 1),
                               allowed_updates=allowed_updates,
                               timeout=timeout, long_polling_timeout=long_polling_timeout)
  File "/Users/cyrus/Workspace/telegram-bot-bridge/venv/lib/python3.14/site-packages/telebot/__init__.py", line 625, in get_updates
    json_updates = apihelper.get_updates(self.token, offset, limit, timeout, allowed_updates, long_polling_timeout)
  File "/Users/cyrus/Workspace/telegram-bot-bridge/venv/lib/python3.14/site-packages/telebot/apihelper.py", line 323, in get_updates
    return _make_request(token, method_url, params=payload)
  File "/Users/cyrus/Workspace/telegram-bot-bridge/venv/lib/python3.14/site-packages/telebot/apihelper.py", line 158, in _make_request
    result = _get_req_session().request(
        method, request_url, params=params, files=files,
        timeout=(connect_timeout, read_timeout), proxies=proxy)
  File "/Users/cyrus/Workspace/telegram-bot-bridge/venv/lib/python3.14/site-packages/requests/sessions.py", line 589, in request
    resp = self.send(prep, **send_kwargs)
  File "/Users/cyrus/Workspace/telegram-bot-bridge/venv/lib/python3.14/site-packages/requests/sessions.py", line 703, in send
    r = adapter.send(request, **kwargs)
  File "/Users/cyrus/Workspace/telegram-bot-bridge/venv/lib/python3.14/site-packages/requests/adapters.py", line 677, in send
    raise ConnectionError(e, request=request)
requests.exceptions.ConnectionError: HTTPSConnectionPool(host='api.telegram.org', port=443): Max retries exceeded with url: /bot8306239044:AAF9koVWk04n6HerHTPSh9UTzHRedVbCAqM/getUpdates?offset=409940244&timeout=20 (Caused by NameResolutionError("HTTPSConnection(host='api.telegram.org', port=443): Failed to resolve 'api.telegram.org' ([Errno 8] nodename nor servname provided, or not known)"))
"
2026-05-09 03:11:59,460 (__init__.py:962 MainThread) ERROR - TeleBot: "Infinity polling exception: HTTPSConnectionPool(host='api.telegram.org', port=443): Max retries exceeded with url: /bot8306239044:AAF9koVWk04n6HerHTPSh9UTzHRedVbCAqM/getUpdates?offset=409940244&timeout=20 (Caused by NameResolutionError("HTTPSConnection(host='api.telegram.org', port=443): Failed to resolve 'api.telegram.org' ([Errno 8] nodename nor servname provided, or not known)"))"
2026-05-09 03:11:59,464 (__init__.py:964 MainThread) ERROR - TeleBot: "Exception traceback:
Traceback (most recent call last):
  File "/Users/cyrus/Workspace/telegram-bot-bridge/venv/lib/python3.14/site-packages/urllib3/connection.py", line 204, in _new_conn
    sock = connection.create_connection(
        (self._dns_host, self.port),
    ...<2 lines>...
        socket_options=self.socket_options,
    )
  File "/Users/cyrus/Workspace/telegram-bot-bridge/venv/lib/python3.14/site-packages/urllib3/util/connection.py", line 60, in create_connection
    for res in socket.getaddrinfo(host, port, family, socket.SOCK_STREAM):
               ~~~~~~~~~~~~~~~~~~^^^^^^^^^^^^^^^^^^^^^^^^^^^^^^^^^^^^^^^^
  File "/opt/homebrew/Cellar/python@3.14/3.14.2_1/Frameworks/Python.framework/Versions/3.14/lib/python3.14/socket.py", line 983, in getaddrinfo
    for res in _socket.getaddrinfo(host, port, family, type, proto, flags):
               ~~~~~~~~~~~~~~~~~~~^^^^^^^^^^^^^^^^^^^^^^^^^^^^^^^^^^^^^^^^
socket.gaierror: [Errno 8] nodename nor servname provided, or not known

The above exception was the direct cause of the following exception:

Traceback (most recent call last):
  File "/Users/cyrus/Workspace/telegram-bot-bridge/venv/lib/python3.14/site-packages/urllib3/connectionpool.py", line 787, in urlopen
    response = self._make_request(
        conn,
    ...<10 lines>...
        **response_kw,
    )
  File "/Users/cyrus/Workspace/telegram-bot-bridge/venv/lib/python3.14/site-packages/urllib3/connectionpool.py", line 488, in _make_request
    raise new_e
  File "/Users/cyrus/Workspace/telegram-bot-bridge/venv/lib/python3.14/site-packages/urllib3/connectionpool.py", line 464, in _make_request
    self._validate_conn(conn)
    ~~~~~~~~~~~~~~~~~~~^^^^^^
  File "/Users/cyrus/Workspace/telegram-bot-bridge/venv/lib/python3.14/site-packages/urllib3/connectionpool.py", line 1093, in _validate_conn
    conn.connect()
    ~~~~~~~~~~~~^^
  File "/Users/cyrus/Workspace/telegram-bot-bridge/venv/lib/python3.14/site-packages/urllib3/connection.py", line 759, in connect
    self.sock = sock = self._new_conn()
                       ~~~~~~~~~~~~~~^^
  File "/Users/cyrus/Workspace/telegram-bot-bridge/venv/lib/python3.14/site-packages/urllib3/connection.py", line 211, in _new_conn
    raise NameResolutionError(self.host, self, e) from e
urllib3.exceptions.NameResolutionError: HTTPSConnection(host='api.telegram.org', port=443): Failed to resolve 'api.telegram.org' ([Errno 8] nodename nor servname provided, or not known)

The above exception was the direct cause of the following exception:

Traceback (most recent call last):
  File "/Users/cyrus/Workspace/telegram-bot-bridge/venv/lib/python3.14/site-packages/requests/adapters.py", line 644, in send
    resp = conn.urlopen(
        method=request.method,
    ...<9 lines>...
        chunked=chunked,
    )
  File "/Users/cyrus/Workspace/telegram-bot-bridge/venv/lib/python3.14/site-packages/urllib3/connectionpool.py", line 841, in urlopen
    retries = retries.increment(
        method, url, error=new_e, _pool=self, _stacktrace=sys.exc_info()[2]
    )
  File "/Users/cyrus/Workspace/telegram-bot-bridge/venv/lib/python3.14/site-packages/urllib3/util/retry.py", line 535, in increment
    raise MaxRetryError(_pool, url, reason) from reason  # type: ignore[arg-type]
    ^^^^^^^^^^^^^^^^^^^^^^^^^^^^^^^^^^^^^^^^^^^^^^^^^^^
urllib3.exceptions.MaxRetryError: HTTPSConnectionPool(host='api.telegram.org', port=443): Max retries exceeded with url: /bot8306239044:AAF9koVWk04n6HerHTPSh9UTzHRedVbCAqM/getUpdates?offset=409940244&timeout=20 (Caused by NameResolutionError("HTTPSConnection(host='api.telegram.org', port=443): Failed to resolve 'api.telegram.org' ([Errno 8] nodename nor servname provided, or not known)"))

During handling of the above exception, another exception occurred:

Traceback (most recent call last):
  File "/Users/cyrus/Workspace/telegram-bot-bridge/venv/lib/python3.14/site-packages/telebot/__init__.py", line 957, in infinity_polling
    self.polling(non_stop=True, timeout=timeout, long_polling_timeout=long_polling_timeout,
    ~~~~~~~~~~~~^^^^^^^^^^^^^^^^^^^^^^^^^^^^^^^^^^^^^^^^^^^^^^^^^^^^^^^^^^^^^^^^^^^^^^^^^^^
                 logger_level=logger_level, allowed_updates=allowed_updates, restart_on_change=False,
                 ^^^^^^^^^^^^^^^^^^^^^^^^^^^^^^^^^^^^^^^^^^^^^^^^^^^^^^^^^^^^^^^^^^^^^^^^^^^^^^^^^^^^
                 *args, **kwargs)
                 ^^^^^^^^^^^^^^^^
  File "/Users/cyrus/Workspace/telegram-bot-bridge/venv/lib/python3.14/site-packages/telebot/__init__.py", line 1045, in polling
    self.__threaded_polling(non_stop=non_stop, interval=interval, timeout=timeout, long_polling_timeout=long_polling_timeout,
    ~~~~~~~~~~~~~~~~~~~~~~~^^^^^^^^^^^^^^^^^^^^^^^^^^^^^^^^^^^^^^^^^^^^^^^^^^^^^^^^^^^^^^^^^^^^^^^^^^^^^^^^^^^^^^^^^^^^^^^^^^
                            logger_level=logger_level, allowed_updates=allowed_updates)
                            ^^^^^^^^^^^^^^^^^^^^^^^^^^^^^^^^^^^^^^^^^^^^^^^^^^^^^^^^^^^
  File "/Users/cyrus/Workspace/telegram-bot-bridge/venv/lib/python3.14/site-packages/telebot/__init__.py", line 1120, in __threaded_polling
    raise e
  File "/Users/cyrus/Workspace/telegram-bot-bridge/venv/lib/python3.14/site-packages/telebot/__init__.py", line 1081, in __threaded_polling
    polling_thread.raise_exceptions()
    ~~~~~~~~~~~~~~~~~~~~~~~~~~~~~~~^^
  File "/Users/cyrus/Workspace/telegram-bot-bridge/venv/lib/python3.14/site-packages/telebot/util.py", line 108, in raise_exceptions
    raise self.exception_info
  File "/Users/cyrus/Workspace/telegram-bot-bridge/venv/lib/python3.14/site-packages/telebot/util.py", line 90, in run
    task(*args, **kwargs)
    ~~~~^^^^^^^^^^^^^^^^^
  File "/Users/cyrus/Workspace/telegram-bot-bridge/venv/lib/python3.14/site-packages/telebot/__init__.py", line 651, in __retrieve_updates
    updates = self.get_updates(offset=(self.last_update_id + 1),
                               allowed_updates=allowed_updates,
                               timeout=timeout, long_polling_timeout=long_polling_timeout)
  File "/Users/cyrus/Workspace/telegram-bot-bridge/venv/lib/python3.14/site-packages/telebot/__init__.py", line 625, in get_updates
    json_updates = apihelper.get_updates(self.token, offset, limit, timeout, allowed_updates, long_polling_timeout)
  File "/Users/cyrus/Workspace/telegram-bot-bridge/venv/lib/python3.14/site-packages/telebot/apihelper.py", line 323, in get_updates
    return _make_request(token, method_url, params=payload)
  File "/Users/cyrus/Workspace/telegram-bot-bridge/venv/lib/python3.14/site-packages/telebot/apihelper.py", line 158, in _make_request
    result = _get_req_session().request(
        method, request_url, params=params, files=files,
        timeout=(connect_timeout, read_timeout), proxies=proxy)
  File "/Users/cyrus/Workspace/telegram-bot-bridge/venv/lib/python3.14/site-packages/requests/sessions.py", line 589, in request
    resp = self.send(prep, **send_kwargs)
  File "/Users/cyrus/Workspace/telegram-bot-bridge/venv/lib/python3.14/site-packages/requests/sessions.py", line 703, in send
    r = adapter.send(request, **kwargs)
  File "/Users/cyrus/Workspace/telegram-bot-bridge/venv/lib/python3.14/site-packages/requests/adapters.py", line 677, in send
    raise ConnectionError(e, request=request)
requests.exceptions.ConnectionError: HTTPSConnectionPool(host='api.telegram.org', port=443): Max retries exceeded with url: /bot8306239044:AAF9koVWk04n6HerHTPSh9UTzHRedVbCAqM/getUpdates?offset=409940244&timeout=20 (Caused by NameResolutionError("HTTPSConnection(host='api.telegram.org', port=443): Failed to resolve 'api.telegram.org' ([Errno 8] nodename nor servname provided, or not known)"))
"
2026-05-09 03:12:05,474 (__init__.py:962 MainThread) ERROR - TeleBot: "Infinity polling exception: HTTPSConnectionPool(host='api.telegram.org', port=443): Max retries exceeded with url: /bot8306239044:AAF9koVWk04n6HerHTPSh9UTzHRedVbCAqM/getUpdates?offset=409940244&timeout=20 (Caused by NameResolutionError("HTTPSConnection(host='api.telegram.org', port=443): Failed to resolve 'api.telegram.org' ([Errno 8] nodename nor servname provided, or not known)"))"
2026-05-09 03:12:05,477 (__init__.py:964 MainThread) ERROR - TeleBot: "Exception traceback:
Traceback (most recent call last):
  File "/Users/cyrus/Workspace/telegram-bot-bridge/venv/lib/python3.14/site-packages/urllib3/connection.py", line 204, in _new_conn
    sock = connection.create_connection(
        (self._dns_host, self.port),
    ...<2 lines>...
        socket_options=self.socket_options,
    )
  File "/Users/cyrus/Workspace/telegram-bot-bridge/venv/lib/python3.14/site-packages/urllib3/util/connection.py", line 60, in create_connection
    for res in socket.getaddrinfo(host, port, family, socket.SOCK_STREAM):
               ~~~~~~~~~~~~~~~~~~^^^^^^^^^^^^^^^^^^^^^^^^^^^^^^^^^^^^^^^^
  File "/opt/homebrew/Cellar/python@3.14/3.14.2_1/Frameworks/Python.framework/Versions/3.14/lib/python3.14/socket.py", line 983, in getaddrinfo
    for res in _socket.getaddrinfo(host, port, family, type, proto, flags):
               ~~~~~~~~~~~~~~~~~~~^^^^^^^^^^^^^^^^^^^^^^^^^^^^^^^^^^^^^^^^
socket.gaierror: [Errno 8] nodename nor servname provided, or not known

The above exception was the direct cause of the following exception:

Traceback (most recent call last):
  File "/Users/cyrus/Workspace/telegram-bot-bridge/venv/lib/python3.14/site-packages/urllib3/connectionpool.py", line 787, in urlopen
    response = self._make_request(
        conn,
    ...<10 lines>...
        **response_kw,
    )
  File "/Users/cyrus/Workspace/telegram-bot-bridge/venv/lib/python3.14/site-packages/urllib3/connectionpool.py", line 488, in _make_request
    raise new_e
  File "/Users/cyrus/Workspace/telegram-bot-bridge/venv/lib/python3.14/site-packages/urllib3/connectionpool.py", line 464, in _make_request
    self._validate_conn(conn)
    ~~~~~~~~~~~~~~~~~~~^^^^^^
  File "/Users/cyrus/Workspace/telegram-bot-bridge/venv/lib/python3.14/site-packages/urllib3/connectionpool.py", line 1093, in _validate_conn
    conn.connect()
    ~~~~~~~~~~~~^^
  File "/Users/cyrus/Workspace/telegram-bot-bridge/venv/lib/python3.14/site-packages/urllib3/connection.py", line 759, in connect
    self.sock = sock = self._new_conn()
                       ~~~~~~~~~~~~~~^^
  File "/Users/cyrus/Workspace/telegram-bot-bridge/venv/lib/python3.14/site-packages/urllib3/connection.py", line 211, in _new_conn
    raise NameResolutionError(self.host, self, e) from e
urllib3.exceptions.NameResolutionError: HTTPSConnection(host='api.telegram.org', port=443): Failed to resolve 'api.telegram.org' ([Errno 8] nodename nor servname provided, or not known)

The above exception was the direct cause of the following exception:

Traceback (most recent call last):
  File "/Users/cyrus/Workspace/telegram-bot-bridge/venv/lib/python3.14/site-packages/requests/adapters.py", line 644, in send
    resp = conn.urlopen(
        method=request.method,
    ...<9 lines>...
        chunked=chunked,
    )
  File "/Users/cyrus/Workspace/telegram-bot-bridge/venv/lib/python3.14/site-packages/urllib3/connectionpool.py", line 841, in urlopen
    retries = retries.increment(
        method, url, error=new_e, _pool=self, _stacktrace=sys.exc_info()[2]
    )
  File "/Users/cyrus/Workspace/telegram-bot-bridge/venv/lib/python3.14/site-packages/urllib3/util/retry.py", line 535, in increment
    raise MaxRetryError(_pool, url, reason) from reason  # type: ignore[arg-type]
    ^^^^^^^^^^^^^^^^^^^^^^^^^^^^^^^^^^^^^^^^^^^^^^^^^^^
urllib3.exceptions.MaxRetryError: HTTPSConnectionPool(host='api.telegram.org', port=443): Max retries exceeded with url: /bot8306239044:AAF9koVWk04n6HerHTPSh9UTzHRedVbCAqM/getUpdates?offset=409940244&timeout=20 (Caused by NameResolutionError("HTTPSConnection(host='api.telegram.org', port=443): Failed to resolve 'api.telegram.org' ([Errno 8] nodename nor servname provided, or not known)"))

During handling of the above exception, another exception occurred:

Traceback (most recent call last):
  File "/Users/cyrus/Workspace/telegram-bot-bridge/venv/lib/python3.14/site-packages/telebot/__init__.py", line 957, in infinity_polling
    self.polling(non_stop=True, timeout=timeout, long_polling_timeout=long_polling_timeout,
    ~~~~~~~~~~~~^^^^^^^^^^^^^^^^^^^^^^^^^^^^^^^^^^^^^^^^^^^^^^^^^^^^^^^^^^^^^^^^^^^^^^^^^^^
                 logger_level=logger_level, allowed_updates=allowed_updates, restart_on_change=False,
                 ^^^^^^^^^^^^^^^^^^^^^^^^^^^^^^^^^^^^^^^^^^^^^^^^^^^^^^^^^^^^^^^^^^^^^^^^^^^^^^^^^^^^
                 *args, **kwargs)
                 ^^^^^^^^^^^^^^^^
  File "/Users/cyrus/Workspace/telegram-bot-bridge/venv/lib/python3.14/site-packages/telebot/__init__.py", line 1045, in polling
    self.__threaded_polling(non_stop=non_stop, interval=interval, timeout=timeout, long_polling_timeout=long_polling_timeout,
    ~~~~~~~~~~~~~~~~~~~~~~~^^^^^^^^^^^^^^^^^^^^^^^^^^^^^^^^^^^^^^^^^^^^^^^^^^^^^^^^^^^^^^^^^^^^^^^^^^^^^^^^^^^^^^^^^^^^^^^^^^
                            logger_level=logger_level, allowed_updates=allowed_updates)
                            ^^^^^^^^^^^^^^^^^^^^^^^^^^^^^^^^^^^^^^^^^^^^^^^^^^^^^^^^^^^
  File "/Users/cyrus/Workspace/telegram-bot-bridge/venv/lib/python3.14/site-packages/telebot/__init__.py", line 1120, in __threaded_polling
    raise e
  File "/Users/cyrus/Workspace/telegram-bot-bridge/venv/lib/python3.14/site-packages/telebot/__init__.py", line 1081, in __threaded_polling
    polling_thread.raise_exceptions()
    ~~~~~~~~~~~~~~~~~~~~~~~~~~~~~~~^^
  File "/Users/cyrus/Workspace/telegram-bot-bridge/venv/lib/python3.14/site-packages/telebot/util.py", line 108, in raise_exceptions
    raise self.exception_info
  File "/Users/cyrus/Workspace/telegram-bot-bridge/venv/lib/python3.14/site-packages/telebot/util.py", line 90, in run
    task(*args, **kwargs)
    ~~~~^^^^^^^^^^^^^^^^^
  File "/Users/cyrus/Workspace/telegram-bot-bridge/venv/lib/python3.14/site-packages/telebot/__init__.py", line 651, in __retrieve_updates
    updates = self.get_updates(offset=(self.last_update_id + 1),
                               allowed_updates=allowed_updates,
                               timeout=timeout, long_polling_timeout=long_polling_timeout)
  File "/Users/cyrus/Workspace/telegram-bot-bridge/venv/lib/python3.14/site-packages/telebot/__init__.py", line 625, in get_updates
    json_updates = apihelper.get_updates(self.token, offset, limit, timeout, allowed_updates, long_polling_timeout)
  File "/Users/cyrus/Workspace/telegram-bot-bridge/venv/lib/python3.14/site-packages/telebot/apihelper.py", line 323, in get_updates
    return _make_request(token, method_url, params=payload)
  File "/Users/cyrus/Workspace/telegram-bot-bridge/venv/lib/python3.14/site-packages/telebot/apihelper.py", line 158, in _make_request
    result = _get_req_session().request(
        method, request_url, params=params, files=files,
        timeout=(connect_timeout, read_timeout), proxies=proxy)
  File "/Users/cyrus/Workspace/telegram-bot-bridge/venv/lib/python3.14/site-packages/requests/sessions.py", line 589, in request
    resp = self.send(prep, **send_kwargs)
  File "/Users/cyrus/Workspace/telegram-bot-bridge/venv/lib/python3.14/site-packages/requests/sessions.py", line 703, in send
    r = adapter.send(request, **kwargs)
  File "/Users/cyrus/Workspace/telegram-bot-bridge/venv/lib/python3.14/site-packages/requests/adapters.py", line 677, in send
    raise ConnectionError(e, request=request)
requests.exceptions.ConnectionError: HTTPSConnectionPool(host='api.telegram.org', port=443): Max retries exceeded with url: /bot8306239044:AAF9koVWk04n6HerHTPSh9UTzHRedVbCAqM/getUpdates?offset=409940244&timeout=20 (Caused by NameResolutionError("HTTPSConnection(host='api.telegram.org', port=443): Failed to resolve 'api.telegram.org' ([Errno 8] nodename nor servname provided, or not known)"))
"
2026-05-09 03:12:11,489 (__init__.py:962 MainThread) ERROR - TeleBot: "Infinity polling exception: HTTPSConnectionPool(host='api.telegram.org', port=443): Max retries exceeded with url: /bot8306239044:AAF9koVWk04n6HerHTPSh9UTzHRedVbCAqM/getUpdates?offset=409940244&timeout=20 (Caused by NameResolutionError("HTTPSConnection(host='api.telegram.org', port=443): Failed to resolve 'api.telegram.org' ([Errno 8] nodename nor servname provided, or not known)"))"
2026-05-09 03:12:11,493 (__init__.py:964 MainThread) ERROR - TeleBot: "Exception traceback:
Traceback (most recent call last):
  File "/Users/cyrus/Workspace/telegram-bot-bridge/venv/lib/python3.14/site-packages/urllib3/connection.py", line 204, in _new_conn
    sock = connection.create_connection(
        (self._dns_host, self.port),
    ...<2 lines>...
        socket_options=self.socket_options,
    )
  File "/Users/cyrus/Workspace/telegram-bot-bridge/venv/lib/python3.14/site-packages/urllib3/util/connection.py", line 60, in create_connection
    for res in socket.getaddrinfo(host, port, family, socket.SOCK_STREAM):
               ~~~~~~~~~~~~~~~~~~^^^^^^^^^^^^^^^^^^^^^^^^^^^^^^^^^^^^^^^^
  File "/opt/homebrew/Cellar/python@3.14/3.14.2_1/Frameworks/Python.framework/Versions/3.14/lib/python3.14/socket.py", line 983, in getaddrinfo
    for res in _socket.getaddrinfo(host, port, family, type, proto, flags):
               ~~~~~~~~~~~~~~~~~~~^^^^^^^^^^^^^^^^^^^^^^^^^^^^^^^^^^^^^^^^
socket.gaierror: [Errno 8] nodename nor servname provided, or not known

The above exception was the direct cause of the following exception:

Traceback (most recent call last):
  File "/Users/cyrus/Workspace/telegram-bot-bridge/venv/lib/python3.14/site-packages/urllib3/connectionpool.py", line 787, in urlopen
    response = self._make_request(
        conn,
    ...<10 lines>...
        **response_kw,
    )
  File "/Users/cyrus/Workspace/telegram-bot-bridge/venv/lib/python3.14/site-packages/urllib3/connectionpool.py", line 488, in _make_request
    raise new_e
  File "/Users/cyrus/Workspace/telegram-bot-bridge/venv/lib/python3.14/site-packages/urllib3/connectionpool.py", line 464, in _make_request
    self._validate_conn(conn)
    ~~~~~~~~~~~~~~~~~~~^^^^^^
  File "/Users/cyrus/Workspace/telegram-bot-bridge/venv/lib/python3.14/site-packages/urllib3/connectionpool.py", line 1093, in _validate_conn
    conn.connect()
    ~~~~~~~~~~~~^^
  File "/Users/cyrus/Workspace/telegram-bot-bridge/venv/lib/python3.14/site-packages/urllib3/connection.py", line 759, in connect
    self.sock = sock = self._new_conn()
                       ~~~~~~~~~~~~~~^^
  File "/Users/cyrus/Workspace/telegram-bot-bridge/venv/lib/python3.14/site-packages/urllib3/connection.py", line 211, in _new_conn
    raise NameResolutionError(self.host, self, e) from e
urllib3.exceptions.NameResolutionError: HTTPSConnection(host='api.telegram.org', port=443): Failed to resolve 'api.telegram.org' ([Errno 8] nodename nor servname provided, or not known)

The above exception was the direct cause of the following exception:

Traceback (most recent call last):
  File "/Users/cyrus/Workspace/telegram-bot-bridge/venv/lib/python3.14/site-packages/requests/adapters.py", line 644, in send
    resp = conn.urlopen(
        method=request.method,
    ...<9 lines>...
        chunked=chunked,
    )
  File "/Users/cyrus/Workspace/telegram-bot-bridge/venv/lib/python3.14/site-packages/urllib3/connectionpool.py", line 841, in urlopen
    retries = retries.increment(
        method, url, error=new_e, _pool=self, _stacktrace=sys.exc_info()[2]
    )
  File "/Users/cyrus/Workspace/telegram-bot-bridge/venv/lib/python3.14/site-packages/urllib3/util/retry.py", line 535, in increment
    raise MaxRetryError(_pool, url, reason) from reason  # type: ignore[arg-type]
    ^^^^^^^^^^^^^^^^^^^^^^^^^^^^^^^^^^^^^^^^^^^^^^^^^^^
urllib3.exceptions.MaxRetryError: HTTPSConnectionPool(host='api.telegram.org', port=443): Max retries exceeded with url: /bot8306239044:AAF9koVWk04n6HerHTPSh9UTzHRedVbCAqM/getUpdates?offset=409940244&timeout=20 (Caused by NameResolutionError("HTTPSConnection(host='api.telegram.org', port=443): Failed to resolve 'api.telegram.org' ([Errno 8] nodename nor servname provided, or not known)"))

During handling of the above exception, another exception occurred:

Traceback (most recent call last):
  File "/Users/cyrus/Workspace/telegram-bot-bridge/venv/lib/python3.14/site-packages/telebot/__init__.py", line 957, in infinity_polling
    self.polling(non_stop=True, timeout=timeout, long_polling_timeout=long_polling_timeout,
    ~~~~~~~~~~~~^^^^^^^^^^^^^^^^^^^^^^^^^^^^^^^^^^^^^^^^^^^^^^^^^^^^^^^^^^^^^^^^^^^^^^^^^^^
                 logger_level=logger_level, allowed_updates=allowed_updates, restart_on_change=False,
                 ^^^^^^^^^^^^^^^^^^^^^^^^^^^^^^^^^^^^^^^^^^^^^^^^^^^^^^^^^^^^^^^^^^^^^^^^^^^^^^^^^^^^
                 *args, **kwargs)
                 ^^^^^^^^^^^^^^^^
  File "/Users/cyrus/Workspace/telegram-bot-bridge/venv/lib/python3.14/site-packages/telebot/__init__.py", line 1045, in polling
    self.__threaded_polling(non_stop=non_stop, interval=interval, timeout=timeout, long_polling_timeout=long_polling_timeout,
    ~~~~~~~~~~~~~~~~~~~~~~~^^^^^^^^^^^^^^^^^^^^^^^^^^^^^^^^^^^^^^^^^^^^^^^^^^^^^^^^^^^^^^^^^^^^^^^^^^^^^^^^^^^^^^^^^^^^^^^^^^
                            logger_level=logger_level, allowed_updates=allowed_updates)
                            ^^^^^^^^^^^^^^^^^^^^^^^^^^^^^^^^^^^^^^^^^^^^^^^^^^^^^^^^^^^
  File "/Users/cyrus/Workspace/telegram-bot-bridge/venv/lib/python3.14/site-packages/telebot/__init__.py", line 1120, in __threaded_polling
    raise e
  File "/Users/cyrus/Workspace/telegram-bot-bridge/venv/lib/python3.14/site-packages/telebot/__init__.py", line 1081, in __threaded_polling
    polling_thread.raise_exceptions()
    ~~~~~~~~~~~~~~~~~~~~~~~~~~~~~~~^^
  File "/Users/cyrus/Workspace/telegram-bot-bridge/venv/lib/python3.14/site-packages/telebot/util.py", line 108, in raise_exceptions
    raise self.exception_info
  File "/Users/cyrus/Workspace/telegram-bot-bridge/venv/lib/python3.14/site-packages/telebot/util.py", line 90, in run
    task(*args, **kwargs)
    ~~~~^^^^^^^^^^^^^^^^^
  File "/Users/cyrus/Workspace/telegram-bot-bridge/venv/lib/python3.14/site-packages/telebot/__init__.py", line 651, in __retrieve_updates
    updates = self.get_updates(offset=(self.last_update_id + 1),
                               allowed_updates=allowed_updates,
                               timeout=timeout, long_polling_timeout=long_polling_timeout)
  File "/Users/cyrus/Workspace/telegram-bot-bridge/venv/lib/python3.14/site-packages/telebot/__init__.py", line 625, in get_updates
    json_updates = apihelper.get_updates(self.token, offset, limit, timeout, allowed_updates, long_polling_timeout)
  File "/Users/cyrus/Workspace/telegram-bot-bridge/venv/lib/python3.14/site-packages/telebot/apihelper.py", line 323, in get_updates
    return _make_request(token, method_url, params=payload)
  File "/Users/cyrus/Workspace/telegram-bot-bridge/venv/lib/python3.14/site-packages/telebot/apihelper.py", line 158, in _make_request
    result = _get_req_session().request(
        method, request_url, params=params, files=files,
        timeout=(connect_timeout, read_timeout), proxies=proxy)
  File "/Users/cyrus/Workspace/telegram-bot-bridge/venv/lib/python3.14/site-packages/requests/sessions.py", line 589, in request
    resp = self.send(prep, **send_kwargs)
  File "/Users/cyrus/Workspace/telegram-bot-bridge/venv/lib/python3.14/site-packages/requests/sessions.py", line 703, in send
    r = adapter.send(request, **kwargs)
  File "/Users/cyrus/Workspace/telegram-bot-bridge/venv/lib/python3.14/site-packages/requests/adapters.py", line 677, in send
    raise ConnectionError(e, request=request)
requests.exceptions.ConnectionError: HTTPSConnectionPool(host='api.telegram.org', port=443): Max retries exceeded with url: /bot8306239044:AAF9koVWk04n6HerHTPSh9UTzHRedVbCAqM/getUpdates?offset=409940244&timeout=20 (Caused by NameResolutionError("HTTPSConnection(host='api.telegram.org', port=443): Failed to resolve 'api.telegram.org' ([Errno 8] nodename nor servname provided, or not known)"))
"
2026-05-09 03:12:17,506 (__init__.py:962 MainThread) ERROR - TeleBot: "Infinity polling exception: HTTPSConnectionPool(host='api.telegram.org', port=443): Max retries exceeded with url: /bot8306239044:AAF9koVWk04n6HerHTPSh9UTzHRedVbCAqM/getUpdates?offset=409940244&timeout=20 (Caused by NameResolutionError("HTTPSConnection(host='api.telegram.org', port=443): Failed to resolve 'api.telegram.org' ([Errno 8] nodename nor servname provided, or not known)"))"
2026-05-09 03:12:17,510 (__init__.py:964 MainThread) ERROR - TeleBot: "Exception traceback:
Traceback (most recent call last):
  File "/Users/cyrus/Workspace/telegram-bot-bridge/venv/lib/python3.14/site-packages/urllib3/connection.py", line 204, in _new_conn
    sock = connection.create_connection(
        (self._dns_host, self.port),
    ...<2 lines>...
        socket_options=self.socket_options,
    )
  File "/Users/cyrus/Workspace/telegram-bot-bridge/venv/lib/python3.14/site-packages/urllib3/util/connection.py", line 60, in create_connection
    for res in socket.getaddrinfo(host, port, family, socket.SOCK_STREAM):
               ~~~~~~~~~~~~~~~~~~^^^^^^^^^^^^^^^^^^^^^^^^^^^^^^^^^^^^^^^^
  File "/opt/homebrew/Cellar/python@3.14/3.14.2_1/Frameworks/Python.framework/Versions/3.14/lib/python3.14/socket.py", line 983, in getaddrinfo
    for res in _socket.getaddrinfo(host, port, family, type, proto, flags):
               ~~~~~~~~~~~~~~~~~~~^^^^^^^^^^^^^^^^^^^^^^^^^^^^^^^^^^^^^^^^
socket.gaierror: [Errno 8] nodename nor servname provided, or not known

The above exception was the direct cause of the following exception:

Traceback (most recent call last):
  File "/Users/cyrus/Workspace/telegram-bot-bridge/venv/lib/python3.14/site-packages/urllib3/connectionpool.py", line 787, in urlopen
    response = self._make_request(
        conn,
    ...<10 lines>...
        **response_kw,
    )
  File "/Users/cyrus/Workspace/telegram-bot-bridge/venv/lib/python3.14/site-packages/urllib3/connectionpool.py", line 488, in _make_request
    raise new_e
  File "/Users/cyrus/Workspace/telegram-bot-bridge/venv/lib/python3.14/site-packages/urllib3/connectionpool.py", line 464, in _make_request
    self._validate_conn(conn)
    ~~~~~~~~~~~~~~~~~~~^^^^^^
  File "/Users/cyrus/Workspace/telegram-bot-bridge/venv/lib/python3.14/site-packages/urllib3/connectionpool.py", line 1093, in _validate_conn
    conn.connect()
    ~~~~~~~~~~~~^^
  File "/Users/cyrus/Workspace/telegram-bot-bridge/venv/lib/python3.14/site-packages/urllib3/connection.py", line 759, in connect
    self.sock = sock = self._new_conn()
                       ~~~~~~~~~~~~~~^^
  File "/Users/cyrus/Workspace/telegram-bot-bridge/venv/lib/python3.14/site-packages/urllib3/connection.py", line 211, in _new_conn
    raise NameResolutionError(self.host, self, e) from e
urllib3.exceptions.NameResolutionError: HTTPSConnection(host='api.telegram.org', port=443): Failed to resolve 'api.telegram.org' ([Errno 8] nodename nor servname provided, or not known)

The above exception was the direct cause of the following exception:

Traceback (most recent call last):
  File "/Users/cyrus/Workspace/telegram-bot-bridge/venv/lib/python3.14/site-packages/requests/adapters.py", line 644, in send
    resp = conn.urlopen(
        method=request.method,
    ...<9 lines>...
        chunked=chunked,
    )
  File "/Users/cyrus/Workspace/telegram-bot-bridge/venv/lib/python3.14/site-packages/urllib3/connectionpool.py", line 841, in urlopen
    retries = retries.increment(
        method, url, error=new_e, _pool=self, _stacktrace=sys.exc_info()[2]
    )
  File "/Users/cyrus/Workspace/telegram-bot-bridge/venv/lib/python3.14/site-packages/urllib3/util/retry.py", line 535, in increment
    raise MaxRetryError(_pool, url, reason) from reason  # type: ignore[arg-type]
    ^^^^^^^^^^^^^^^^^^^^^^^^^^^^^^^^^^^^^^^^^^^^^^^^^^^
urllib3.exceptions.MaxRetryError: HTTPSConnectionPool(host='api.telegram.org', port=443): Max retries exceeded with url: /bot8306239044:AAF9koVWk04n6HerHTPSh9UTzHRedVbCAqM/getUpdates?offset=409940244&timeout=20 (Caused by NameResolutionError("HTTPSConnection(host='api.telegram.org', port=443): Failed to resolve 'api.telegram.org' ([Errno 8] nodename nor servname provided, or not known)"))

During handling of the above exception, another exception occurred:

Traceback (most recent call last):
  File "/Users/cyrus/Workspace/telegram-bot-bridge/venv/lib/python3.14/site-packages/telebot/__init__.py", line 957, in infinity_polling
    self.polling(non_stop=True, timeout=timeout, long_polling_timeout=long_polling_timeout,
    ~~~~~~~~~~~~^^^^^^^^^^^^^^^^^^^^^^^^^^^^^^^^^^^^^^^^^^^^^^^^^^^^^^^^^^^^^^^^^^^^^^^^^^^
                 logger_level=logger_level, allowed_updates=allowed_updates, restart_on_change=False,
                 ^^^^^^^^^^^^^^^^^^^^^^^^^^^^^^^^^^^^^^^^^^^^^^^^^^^^^^^^^^^^^^^^^^^^^^^^^^^^^^^^^^^^
                 *args, **kwargs)
                 ^^^^^^^^^^^^^^^^
  File "/Users/cyrus/Workspace/telegram-bot-bridge/venv/lib/python3.14/site-packages/telebot/__init__.py", line 1045, in polling
    self.__threaded_polling(non_stop=non_stop, interval=interval, timeout=timeout, long_polling_timeout=long_polling_timeout,
    ~~~~~~~~~~~~~~~~~~~~~~~^^^^^^^^^^^^^^^^^^^^^^^^^^^^^^^^^^^^^^^^^^^^^^^^^^^^^^^^^^^^^^^^^^^^^^^^^^^^^^^^^^^^^^^^^^^^^^^^^^
                            logger_level=logger_level, allowed_updates=allowed_updates)
                            ^^^^^^^^^^^^^^^^^^^^^^^^^^^^^^^^^^^^^^^^^^^^^^^^^^^^^^^^^^^
  File "/Users/cyrus/Workspace/telegram-bot-bridge/venv/lib/python3.14/site-packages/telebot/__init__.py", line 1120, in __threaded_polling
    raise e
  File "/Users/cyrus/Workspace/telegram-bot-bridge/venv/lib/python3.14/site-packages/telebot/__init__.py", line 1081, in __threaded_polling
    polling_thread.raise_exceptions()
    ~~~~~~~~~~~~~~~~~~~~~~~~~~~~~~~^^
  File "/Users/cyrus/Workspace/telegram-bot-bridge/venv/lib/python3.14/site-packages/telebot/util.py", line 108, in raise_exceptions
    raise self.exception_info
  File "/Users/cyrus/Workspace/telegram-bot-bridge/venv/lib/python3.14/site-packages/telebot/util.py", line 90, in run
    task(*args, **kwargs)
    ~~~~^^^^^^^^^^^^^^^^^
  File "/Users/cyrus/Workspace/telegram-bot-bridge/venv/lib/python3.14/site-packages/telebot/__init__.py", line 651, in __retrieve_updates
    updates = self.get_updates(offset=(self.last_update_id + 1),
                               allowed_updates=allowed_updates,
                               timeout=timeout, long_polling_timeout=long_polling_timeout)
  File "/Users/cyrus/Workspace/telegram-bot-bridge/venv/lib/python3.14/site-packages/telebot/__init__.py", line 625, in get_updates
    json_updates = apihelper.get_updates(self.token, offset, limit, timeout, allowed_updates, long_polling_timeout)
  File "/Users/cyrus/Workspace/telegram-bot-bridge/venv/lib/python3.14/site-packages/telebot/apihelper.py", line 323, in get_updates
    return _make_request(token, method_url, params=payload)
  File "/Users/cyrus/Workspace/telegram-bot-bridge/venv/lib/python3.14/site-packages/telebot/apihelper.py", line 158, in _make_request
    result = _get_req_session().request(
        method, request_url, params=params, files=files,
        timeout=(connect_timeout, read_timeout), proxies=proxy)
  File "/Users/cyrus/Workspace/telegram-bot-bridge/venv/lib/python3.14/site-packages/requests/sessions.py", line 589, in request
    resp = self.send(prep, **send_kwargs)
  File "/Users/cyrus/Workspace/telegram-bot-bridge/venv/lib/python3.14/site-packages/requests/sessions.py", line 703, in send
    r = adapter.send(request, **kwargs)
  File "/Users/cyrus/Workspace/telegram-bot-bridge/venv/lib/python3.14/site-packages/requests/adapters.py", line 677, in send
    raise ConnectionError(e, request=request)
requests.exceptions.ConnectionError: HTTPSConnectionPool(host='api.telegram.org', port=443): Max retries exceeded with url: /bot8306239044:AAF9koVWk04n6HerHTPSh9UTzHRedVbCAqM/getUpdates?offset=409940244&timeout=20 (Caused by NameResolutionError("HTTPSConnection(host='api.telegram.org', port=443): Failed to resolve 'api.telegram.org' ([Errno 8] nodename nor servname provided, or not known)"))
"
2026-05-09 03:12:23,520 (__init__.py:962 MainThread) ERROR - TeleBot: "Infinity polling exception: HTTPSConnectionPool(host='api.telegram.org', port=443): Max retries exceeded with url: /bot8306239044:AAF9koVWk04n6HerHTPSh9UTzHRedVbCAqM/getUpdates?offset=409940244&timeout=20 (Caused by NameResolutionError("HTTPSConnection(host='api.telegram.org', port=443): Failed to resolve 'api.telegram.org' ([Errno 8] nodename nor servname provided, or not known)"))"
2026-05-09 03:12:23,524 (__init__.py:964 MainThread) ERROR - TeleBot: "Exception traceback:
Traceback (most recent call last):
  File "/Users/cyrus/Workspace/telegram-bot-bridge/venv/lib/python3.14/site-packages/urllib3/connection.py", line 204, in _new_conn
    sock = connection.create_connection(
        (self._dns_host, self.port),
    ...<2 lines>...
        socket_options=self.socket_options,
    )
  File "/Users/cyrus/Workspace/telegram-bot-bridge/venv/lib/python3.14/site-packages/urllib3/util/connection.py", line 60, in create_connection
    for res in socket.getaddrinfo(host, port, family, socket.SOCK_STREAM):
               ~~~~~~~~~~~~~~~~~~^^^^^^^^^^^^^^^^^^^^^^^^^^^^^^^^^^^^^^^^
  File "/opt/homebrew/Cellar/python@3.14/3.14.2_1/Frameworks/Python.framework/Versions/3.14/lib/python3.14/socket.py", line 983, in getaddrinfo
    for res in _socket.getaddrinfo(host, port, family, type, proto, flags):
               ~~~~~~~~~~~~~~~~~~~^^^^^^^^^^^^^^^^^^^^^^^^^^^^^^^^^^^^^^^^
socket.gaierror: [Errno 8] nodename nor servname provided, or not known

The above exception was the direct cause of the following exception:

Traceback (most recent call last):
  File "/Users/cyrus/Workspace/telegram-bot-bridge/venv/lib/python3.14/site-packages/urllib3/connectionpool.py", line 787, in urlopen
    response = self._make_request(
        conn,
    ...<10 lines>...
        **response_kw,
    )
  File "/Users/cyrus/Workspace/telegram-bot-bridge/venv/lib/python3.14/site-packages/urllib3/connectionpool.py", line 488, in _make_request
    raise new_e
  File "/Users/cyrus/Workspace/telegram-bot-bridge/venv/lib/python3.14/site-packages/urllib3/connectionpool.py", line 464, in _make_request
    self._validate_conn(conn)
    ~~~~~~~~~~~~~~~~~~~^^^^^^
  File "/Users/cyrus/Workspace/telegram-bot-bridge/venv/lib/python3.14/site-packages/urllib3/connectionpool.py", line 1093, in _validate_conn
    conn.connect()
    ~~~~~~~~~~~~^^
  File "/Users/cyrus/Workspace/telegram-bot-bridge/venv/lib/python3.14/site-packages/urllib3/connection.py", line 759, in connect
    self.sock = sock = self._new_conn()
                       ~~~~~~~~~~~~~~^^
  File "/Users/cyrus/Workspace/telegram-bot-bridge/venv/lib/python3.14/site-packages/urllib3/connection.py", line 211, in _new_conn
    raise NameResolutionError(self.host, self, e) from e
urllib3.exceptions.NameResolutionError: HTTPSConnection(host='api.telegram.org', port=443): Failed to resolve 'api.telegram.org' ([Errno 8] nodename nor servname provided, or not known)

The above exception was the direct cause of the following exception:

Traceback (most recent call last):
  File "/Users/cyrus/Workspace/telegram-bot-bridge/venv/lib/python3.14/site-packages/requests/adapters.py", line 644, in send
    resp = conn.urlopen(
        method=request.method,
    ...<9 lines>...
        chunked=chunked,
    )
  File "/Users/cyrus/Workspace/telegram-bot-bridge/venv/lib/python3.14/site-packages/urllib3/connectionpool.py", line 841, in urlopen
    retries = retries.increment(
        method, url, error=new_e, _pool=self, _stacktrace=sys.exc_info()[2]
    )
  File "/Users/cyrus/Workspace/telegram-bot-bridge/venv/lib/python3.14/site-packages/urllib3/util/retry.py", line 535, in increment
    raise MaxRetryError(_pool, url, reason) from reason  # type: ignore[arg-type]
    ^^^^^^^^^^^^^^^^^^^^^^^^^^^^^^^^^^^^^^^^^^^^^^^^^^^
urllib3.exceptions.MaxRetryError: HTTPSConnectionPool(host='api.telegram.org', port=443): Max retries exceeded with url: /bot8306239044:AAF9koVWk04n6HerHTPSh9UTzHRedVbCAqM/getUpdates?offset=409940244&timeout=20 (Caused by NameResolutionError("HTTPSConnection(host='api.telegram.org', port=443): Failed to resolve 'api.telegram.org' ([Errno 8] nodename nor servname provided, or not known)"))

During handling of the above exception, another exception occurred:

Traceback (most recent call last):
  File "/Users/cyrus/Workspace/telegram-bot-bridge/venv/lib/python3.14/site-packages/telebot/__init__.py", line 957, in infinity_polling
    self.polling(non_stop=True, timeout=timeout, long_polling_timeout=long_polling_timeout,
    ~~~~~~~~~~~~^^^^^^^^^^^^^^^^^^^^^^^^^^^^^^^^^^^^^^^^^^^^^^^^^^^^^^^^^^^^^^^^^^^^^^^^^^^
                 logger_level=logger_level, allowed_updates=allowed_updates, restart_on_change=False,
                 ^^^^^^^^^^^^^^^^^^^^^^^^^^^^^^^^^^^^^^^^^^^^^^^^^^^^^^^^^^^^^^^^^^^^^^^^^^^^^^^^^^^^
                 *args, **kwargs)
                 ^^^^^^^^^^^^^^^^
  File "/Users/cyrus/Workspace/telegram-bot-bridge/venv/lib/python3.14/site-packages/telebot/__init__.py", line 1045, in polling
    self.__threaded_polling(non_stop=non_stop, interval=interval, timeout=timeout, long_polling_timeout=long_polling_timeout,
    ~~~~~~~~~~~~~~~~~~~~~~~^^^^^^^^^^^^^^^^^^^^^^^^^^^^^^^^^^^^^^^^^^^^^^^^^^^^^^^^^^^^^^^^^^^^^^^^^^^^^^^^^^^^^^^^^^^^^^^^^^
                            logger_level=logger_level, allowed_updates=allowed_updates)
                            ^^^^^^^^^^^^^^^^^^^^^^^^^^^^^^^^^^^^^^^^^^^^^^^^^^^^^^^^^^^
  File "/Users/cyrus/Workspace/telegram-bot-bridge/venv/lib/python3.14/site-packages/telebot/__init__.py", line 1120, in __threaded_polling
    raise e
  File "/Users/cyrus/Workspace/telegram-bot-bridge/venv/lib/python3.14/site-packages/telebot/__init__.py", line 1081, in __threaded_polling
    polling_thread.raise_exceptions()
    ~~~~~~~~~~~~~~~~~~~~~~~~~~~~~~~^^
  File "/Users/cyrus/Workspace/telegram-bot-bridge/venv/lib/python3.14/site-packages/telebot/util.py", line 108, in raise_exceptions
    raise self.exception_info
  File "/Users/cyrus/Workspace/telegram-bot-bridge/venv/lib/python3.14/site-packages/telebot/util.py", line 90, in run
    task(*args, **kwargs)
    ~~~~^^^^^^^^^^^^^^^^^
  File "/Users/cyrus/Workspace/telegram-bot-bridge/venv/lib/python3.14/site-packages/telebot/__init__.py", line 651, in __retrieve_updates
    updates = self.get_updates(offset=(self.last_update_id + 1),
                               allowed_updates=allowed_updates,
                               timeout=timeout, long_polling_timeout=long_polling_timeout)
  File "/Users/cyrus/Workspace/telegram-bot-bridge/venv/lib/python3.14/site-packages/telebot/__init__.py", line 625, in get_updates
    json_updates = apihelper.get_updates(self.token, offset, limit, timeout, allowed_updates, long_polling_timeout)
  File "/Users/cyrus/Workspace/telegram-bot-bridge/venv/lib/python3.14/site-packages/telebot/apihelper.py", line 323, in get_updates
    return _make_request(token, method_url, params=payload)
  File "/Users/cyrus/Workspace/telegram-bot-bridge/venv/lib/python3.14/site-packages/telebot/apihelper.py", line 158, in _make_request
    result = _get_req_session().request(
        method, request_url, params=params, files=files,
        timeout=(connect_timeout, read_timeout), proxies=proxy)
  File "/Users/cyrus/Workspace/telegram-bot-bridge/venv/lib/python3.14/site-packages/requests/sessions.py", line 589, in request
    resp = self.send(prep, **send_kwargs)
  File "/Users/cyrus/Workspace/telegram-bot-bridge/venv/lib/python3.14/site-packages/requests/sessions.py", line 703, in send
    r = adapter.send(request, **kwargs)
  File "/Users/cyrus/Workspace/telegram-bot-bridge/venv/lib/python3.14/site-packages/requests/adapters.py", line 677, in send
    raise ConnectionError(e, request=request)
requests.exceptions.ConnectionError: HTTPSConnectionPool(host='api.telegram.org', port=443): Max retries exceeded with url: /bot8306239044:AAF9koVWk04n6HerHTPSh9UTzHRedVbCAqM/getUpdates?offset=409940244&timeout=20 (Caused by NameResolutionError("HTTPSConnection(host='api.telegram.org', port=443): Failed to resolve 'api.telegram.org' ([Errno 8] nodename nor servname provided, or not known)"))
"
2026-05-09 03:12:29,540 (__init__.py:962 MainThread) ERROR - TeleBot: "Infinity polling exception: HTTPSConnectionPool(host='api.telegram.org', port=443): Max retries exceeded with url: /bot8306239044:AAF9koVWk04n6HerHTPSh9UTzHRedVbCAqM/getUpdates?offset=409940244&timeout=20 (Caused by NameResolutionError("HTTPSConnection(host='api.telegram.org', port=443): Failed to resolve 'api.telegram.org' ([Errno 8] nodename nor servname provided, or not known)"))"
2026-05-09 03:12:29,543 (__init__.py:964 MainThread) ERROR - TeleBot: "Exception traceback:
Traceback (most recent call last):
  File "/Users/cyrus/Workspace/telegram-bot-bridge/venv/lib/python3.14/site-packages/urllib3/connection.py", line 204, in _new_conn
    sock = connection.create_connection(
        (self._dns_host, self.port),
    ...<2 lines>...
        socket_options=self.socket_options,
    )
  File "/Users/cyrus/Workspace/telegram-bot-bridge/venv/lib/python3.14/site-packages/urllib3/util/connection.py", line 60, in create_connection
    for res in socket.getaddrinfo(host, port, family, socket.SOCK_STREAM):
               ~~~~~~~~~~~~~~~~~~^^^^^^^^^^^^^^^^^^^^^^^^^^^^^^^^^^^^^^^^
  File "/opt/homebrew/Cellar/python@3.14/3.14.2_1/Frameworks/Python.framework/Versions/3.14/lib/python3.14/socket.py", line 983, in getaddrinfo
    for res in _socket.getaddrinfo(host, port, family, type, proto, flags):
               ~~~~~~~~~~~~~~~~~~~^^^^^^^^^^^^^^^^^^^^^^^^^^^^^^^^^^^^^^^^
socket.gaierror: [Errno 8] nodename nor servname provided, or not known

The above exception was the direct cause of the following exception:

Traceback (most recent call last):
  File "/Users/cyrus/Workspace/telegram-bot-bridge/venv/lib/python3.14/site-packages/urllib3/connectionpool.py", line 787, in urlopen
    response = self._make_request(
        conn,
    ...<10 lines>...
        **response_kw,
    )
  File "/Users/cyrus/Workspace/telegram-bot-bridge/venv/lib/python3.14/site-packages/urllib3/connectionpool.py", line 488, in _make_request
    raise new_e
  File "/Users/cyrus/Workspace/telegram-bot-bridge/venv/lib/python3.14/site-packages/urllib3/connectionpool.py", line 464, in _make_request
    self._validate_conn(conn)
    ~~~~~~~~~~~~~~~~~~~^^^^^^
  File "/Users/cyrus/Workspace/telegram-bot-bridge/venv/lib/python3.14/site-packages/urllib3/connectionpool.py", line 1093, in _validate_conn
    conn.connect()
    ~~~~~~~~~~~~^^
  File "/Users/cyrus/Workspace/telegram-bot-bridge/venv/lib/python3.14/site-packages/urllib3/connection.py", line 759, in connect
    self.sock = sock = self._new_conn()
                       ~~~~~~~~~~~~~~^^
  File "/Users/cyrus/Workspace/telegram-bot-bridge/venv/lib/python3.14/site-packages/urllib3/connection.py", line 211, in _new_conn
    raise NameResolutionError(self.host, self, e) from e
urllib3.exceptions.NameResolutionError: HTTPSConnection(host='api.telegram.org', port=443): Failed to resolve 'api.telegram.org' ([Errno 8] nodename nor servname provided, or not known)

The above exception was the direct cause of the following exception:

Traceback (most recent call last):
  File "/Users/cyrus/Workspace/telegram-bot-bridge/venv/lib/python3.14/site-packages/requests/adapters.py", line 644, in send
    resp = conn.urlopen(
        method=request.method,
    ...<9 lines>...
        chunked=chunked,
    )
  File "/Users/cyrus/Workspace/telegram-bot-bridge/venv/lib/python3.14/site-packages/urllib3/connectionpool.py", line 841, in urlopen
    retries = retries.increment(
        method, url, error=new_e, _pool=self, _stacktrace=sys.exc_info()[2]
    )
  File "/Users/cyrus/Workspace/telegram-bot-bridge/venv/lib/python3.14/site-packages/urllib3/util/retry.py", line 535, in increment
    raise MaxRetryError(_pool, url, reason) from reason  # type: ignore[arg-type]
    ^^^^^^^^^^^^^^^^^^^^^^^^^^^^^^^^^^^^^^^^^^^^^^^^^^^
urllib3.exceptions.MaxRetryError: HTTPSConnectionPool(host='api.telegram.org', port=443): Max retries exceeded with url: /bot8306239044:AAF9koVWk04n6HerHTPSh9UTzHRedVbCAqM/getUpdates?offset=409940244&timeout=20 (Caused by NameResolutionError("HTTPSConnection(host='api.telegram.org', port=443): Failed to resolve 'api.telegram.org' ([Errno 8] nodename nor servname provided, or not known)"))

During handling of the above exception, another exception occurred:

Traceback (most recent call last):
  File "/Users/cyrus/Workspace/telegram-bot-bridge/venv/lib/python3.14/site-packages/telebot/__init__.py", line 957, in infinity_polling
    self.polling(non_stop=True, timeout=timeout, long_polling_timeout=long_polling_timeout,
    ~~~~~~~~~~~~^^^^^^^^^^^^^^^^^^^^^^^^^^^^^^^^^^^^^^^^^^^^^^^^^^^^^^^^^^^^^^^^^^^^^^^^^^^
                 logger_level=logger_level, allowed_updates=allowed_updates, restart_on_change=False,
                 ^^^^^^^^^^^^^^^^^^^^^^^^^^^^^^^^^^^^^^^^^^^^^^^^^^^^^^^^^^^^^^^^^^^^^^^^^^^^^^^^^^^^
                 *args, **kwargs)
                 ^^^^^^^^^^^^^^^^
  File "/Users/cyrus/Workspace/telegram-bot-bridge/venv/lib/python3.14/site-packages/telebot/__init__.py", line 1045, in polling
    self.__threaded_polling(non_stop=non_stop, interval=interval, timeout=timeout, long_polling_timeout=long_polling_timeout,
    ~~~~~~~~~~~~~~~~~~~~~~~^^^^^^^^^^^^^^^^^^^^^^^^^^^^^^^^^^^^^^^^^^^^^^^^^^^^^^^^^^^^^^^^^^^^^^^^^^^^^^^^^^^^^^^^^^^^^^^^^^
                            logger_level=logger_level, allowed_updates=allowed_updates)
                            ^^^^^^^^^^^^^^^^^^^^^^^^^^^^^^^^^^^^^^^^^^^^^^^^^^^^^^^^^^^
  File "/Users/cyrus/Workspace/telegram-bot-bridge/venv/lib/python3.14/site-packages/telebot/__init__.py", line 1120, in __threaded_polling
    raise e
  File "/Users/cyrus/Workspace/telegram-bot-bridge/venv/lib/python3.14/site-packages/telebot/__init__.py", line 1081, in __threaded_polling
    polling_thread.raise_exceptions()
    ~~~~~~~~~~~~~~~~~~~~~~~~~~~~~~~^^
  File "/Users/cyrus/Workspace/telegram-bot-bridge/venv/lib/python3.14/site-packages/telebot/util.py", line 108, in raise_exceptions
    raise self.exception_info
  File "/Users/cyrus/Workspace/telegram-bot-bridge/venv/lib/python3.14/site-packages/telebot/util.py", line 90, in run
    task(*args, **kwargs)
    ~~~~^^^^^^^^^^^^^^^^^
  File "/Users/cyrus/Workspace/telegram-bot-bridge/venv/lib/python3.14/site-packages/telebot/__init__.py", line 651, in __retrieve_updates
    updates = self.get_updates(offset=(self.last_update_id + 1),
                               allowed_updates=allowed_updates,
                               timeout=timeout, long_polling_timeout=long_polling_timeout)
  File "/Users/cyrus/Workspace/telegram-bot-bridge/venv/lib/python3.14/site-packages/telebot/__init__.py", line 625, in get_updates
    json_updates = apihelper.get_updates(self.token, offset, limit, timeout, allowed_updates, long_polling_timeout)
  File "/Users/cyrus/Workspace/telegram-bot-bridge/venv/lib/python3.14/site-packages/telebot/apihelper.py", line 323, in get_updates
    return _make_request(token, method_url, params=payload)
  File "/Users/cyrus/Workspace/telegram-bot-bridge/venv/lib/python3.14/site-packages/telebot/apihelper.py", line 158, in _make_request
    result = _get_req_session().request(
        method, request_url, params=params, files=files,
        timeout=(connect_timeout, read_timeout), proxies=proxy)
  File "/Users/cyrus/Workspace/telegram-bot-bridge/venv/lib/python3.14/site-packages/requests/sessions.py", line 589, in request
    resp = self.send(prep, **send_kwargs)
  File "/Users/cyrus/Workspace/telegram-bot-bridge/venv/lib/python3.14/site-packages/requests/sessions.py", line 703, in send
    r = adapter.send(request, **kwargs)
  File "/Users/cyrus/Workspace/telegram-bot-bridge/venv/lib/python3.14/site-packages/requests/adapters.py", line 677, in send
    raise ConnectionError(e, request=request)
requests.exceptions.ConnectionError: HTTPSConnectionPool(host='api.telegram.org', port=443): Max retries exceeded with url: /bot8306239044:AAF9koVWk04n6HerHTPSh9UTzHRedVbCAqM/getUpdates?offset=409940244&timeout=20 (Caused by NameResolutionError("HTTPSConnection(host='api.telegram.org', port=443): Failed to resolve 'api.telegram.org' ([Errno 8] nodename nor servname provided, or not known)"))
"
2026-05-09 03:12:35,556 (__init__.py:962 MainThread) ERROR - TeleBot: "Infinity polling exception: HTTPSConnectionPool(host='api.telegram.org', port=443): Max retries exceeded with url: /bot8306239044:AAF9koVWk04n6HerHTPSh9UTzHRedVbCAqM/getUpdates?offset=409940244&timeout=20 (Caused by NameResolutionError("HTTPSConnection(host='api.telegram.org', port=443): Failed to resolve 'api.telegram.org' ([Errno 8] nodename nor servname provided, or not known)"))"
2026-05-09 03:12:35,559 (__init__.py:964 MainThread) ERROR - TeleBot: "Exception traceback:
Traceback (most recent call last):
  File "/Users/cyrus/Workspace/telegram-bot-bridge/venv/lib/python3.14/site-packages/urllib3/connection.py", line 204, in _new_conn
    sock = connection.create_connection(
        (self._dns_host, self.port),
    ...<2 lines>...
        socket_options=self.socket_options,
    )
  File "/Users/cyrus/Workspace/telegram-bot-bridge/venv/lib/python3.14/site-packages/urllib3/util/connection.py", line 60, in create_connection
    for res in socket.getaddrinfo(host, port, family, socket.SOCK_STREAM):
               ~~~~~~~~~~~~~~~~~~^^^^^^^^^^^^^^^^^^^^^^^^^^^^^^^^^^^^^^^^
  File "/opt/homebrew/Cellar/python@3.14/3.14.2_1/Frameworks/Python.framework/Versions/3.14/lib/python3.14/socket.py", line 983, in getaddrinfo
    for res in _socket.getaddrinfo(host, port, family, type, proto, flags):
               ~~~~~~~~~~~~~~~~~~~^^^^^^^^^^^^^^^^^^^^^^^^^^^^^^^^^^^^^^^^
socket.gaierror: [Errno 8] nodename nor servname provided, or not known

The above exception was the direct cause of the following exception:

Traceback (most recent call last):
  File "/Users/cyrus/Workspace/telegram-bot-bridge/venv/lib/python3.14/site-packages/urllib3/connectionpool.py", line 787, in urlopen
    response = self._make_request(
        conn,
    ...<10 lines>...
        **response_kw,
    )
  File "/Users/cyrus/Workspace/telegram-bot-bridge/venv/lib/python3.14/site-packages/urllib3/connectionpool.py", line 488, in _make_request
    raise new_e
  File "/Users/cyrus/Workspace/telegram-bot-bridge/venv/lib/python3.14/site-packages/urllib3/connectionpool.py", line 464, in _make_request
    self._validate_conn(conn)
    ~~~~~~~~~~~~~~~~~~~^^^^^^
  File "/Users/cyrus/Workspace/telegram-bot-bridge/venv/lib/python3.14/site-packages/urllib3/connectionpool.py", line 1093, in _validate_conn
    conn.connect()
    ~~~~~~~~~~~~^^
  File "/Users/cyrus/Workspace/telegram-bot-bridge/venv/lib/python3.14/site-packages/urllib3/connection.py", line 759, in connect
    self.sock = sock = self._new_conn()
                       ~~~~~~~~~~~~~~^^
  File "/Users/cyrus/Workspace/telegram-bot-bridge/venv/lib/python3.14/site-packages/urllib3/connection.py", line 211, in _new_conn
    raise NameResolutionError(self.host, self, e) from e
urllib3.exceptions.NameResolutionError: HTTPSConnection(host='api.telegram.org', port=443): Failed to resolve 'api.telegram.org' ([Errno 8] nodename nor servname provided, or not known)

The above exception was the direct cause of the following exception:

Traceback (most recent call last):
  File "/Users/cyrus/Workspace/telegram-bot-bridge/venv/lib/python3.14/site-packages/requests/adapters.py", line 644, in send
    resp = conn.urlopen(
        method=request.method,
    ...<9 lines>...
        chunked=chunked,
    )
  File "/Users/cyrus/Workspace/telegram-bot-bridge/venv/lib/python3.14/site-packages/urllib3/connectionpool.py", line 841, in urlopen
    retries = retries.increment(
        method, url, error=new_e, _pool=self, _stacktrace=sys.exc_info()[2]
    )
  File "/Users/cyrus/Workspace/telegram-bot-bridge/venv/lib/python3.14/site-packages/urllib3/util/retry.py", line 535, in increment
    raise MaxRetryError(_pool, url, reason) from reason  # type: ignore[arg-type]
    ^^^^^^^^^^^^^^^^^^^^^^^^^^^^^^^^^^^^^^^^^^^^^^^^^^^
urllib3.exceptions.MaxRetryError: HTTPSConnectionPool(host='api.telegram.org', port=443): Max retries exceeded with url: /bot8306239044:AAF9koVWk04n6HerHTPSh9UTzHRedVbCAqM/getUpdates?offset=409940244&timeout=20 (Caused by NameResolutionError("HTTPSConnection(host='api.telegram.org', port=443): Failed to resolve 'api.telegram.org' ([Errno 8] nodename nor servname provided, or not known)"))

During handling of the above exception, another exception occurred:

Traceback (most recent call last):
  File "/Users/cyrus/Workspace/telegram-bot-bridge/venv/lib/python3.14/site-packages/telebot/__init__.py", line 957, in infinity_polling
    self.polling(non_stop=True, timeout=timeout, long_polling_timeout=long_polling_timeout,
    ~~~~~~~~~~~~^^^^^^^^^^^^^^^^^^^^^^^^^^^^^^^^^^^^^^^^^^^^^^^^^^^^^^^^^^^^^^^^^^^^^^^^^^^
                 logger_level=logger_level, allowed_updates=allowed_updates, restart_on_change=False,
                 ^^^^^^^^^^^^^^^^^^^^^^^^^^^^^^^^^^^^^^^^^^^^^^^^^^^^^^^^^^^^^^^^^^^^^^^^^^^^^^^^^^^^
                 *args, **kwargs)
                 ^^^^^^^^^^^^^^^^
  File "/Users/cyrus/Workspace/telegram-bot-bridge/venv/lib/python3.14/site-packages/telebot/__init__.py", line 1045, in polling
    self.__threaded_polling(non_stop=non_stop, interval=interval, timeout=timeout, long_polling_timeout=long_polling_timeout,
    ~~~~~~~~~~~~~~~~~~~~~~~^^^^^^^^^^^^^^^^^^^^^^^^^^^^^^^^^^^^^^^^^^^^^^^^^^^^^^^^^^^^^^^^^^^^^^^^^^^^^^^^^^^^^^^^^^^^^^^^^^
                            logger_level=logger_level, allowed_updates=allowed_updates)
                            ^^^^^^^^^^^^^^^^^^^^^^^^^^^^^^^^^^^^^^^^^^^^^^^^^^^^^^^^^^^
  File "/Users/cyrus/Workspace/telegram-bot-bridge/venv/lib/python3.14/site-packages/telebot/__init__.py", line 1120, in __threaded_polling
    raise e
  File "/Users/cyrus/Workspace/telegram-bot-bridge/venv/lib/python3.14/site-packages/telebot/__init__.py", line 1081, in __threaded_polling
    polling_thread.raise_exceptions()
    ~~~~~~~~~~~~~~~~~~~~~~~~~~~~~~~^^
  File "/Users/cyrus/Workspace/telegram-bot-bridge/venv/lib/python3.14/site-packages/telebot/util.py", line 108, in raise_exceptions
    raise self.exception_info
  File "/Users/cyrus/Workspace/telegram-bot-bridge/venv/lib/python3.14/site-packages/telebot/util.py", line 90, in run
    task(*args, **kwargs)
    ~~~~^^^^^^^^^^^^^^^^^
  File "/Users/cyrus/Workspace/telegram-bot-bridge/venv/lib/python3.14/site-packages/telebot/__init__.py", line 651, in __retrieve_updates
    updates = self.get_updates(offset=(self.last_update_id + 1),
                               allowed_updates=allowed_updates,
                               timeout=timeout, long_polling_timeout=long_polling_timeout)
  File "/Users/cyrus/Workspace/telegram-bot-bridge/venv/lib/python3.14/site-packages/telebot/__init__.py", line 625, in get_updates
    json_updates = apihelper.get_updates(self.token, offset, limit, timeout, allowed_updates, long_polling_timeout)
  File "/Users/cyrus/Workspace/telegram-bot-bridge/venv/lib/python3.14/site-packages/telebot/apihelper.py", line 323, in get_updates
    return _make_request(token, method_url, params=payload)
  File "/Users/cyrus/Workspace/telegram-bot-bridge/venv/lib/python3.14/site-packages/telebot/apihelper.py", line 158, in _make_request
    result = _get_req_session().request(
        method, request_url, params=params, files=files,
        timeout=(connect_timeout, read_timeout), proxies=proxy)
  File "/Users/cyrus/Workspace/telegram-bot-bridge/venv/lib/python3.14/site-packages/requests/sessions.py", line 589, in request
    resp = self.send(prep, **send_kwargs)
  File "/Users/cyrus/Workspace/telegram-bot-bridge/venv/lib/python3.14/site-packages/requests/sessions.py", line 703, in send
    r = adapter.send(request, **kwargs)
  File "/Users/cyrus/Workspace/telegram-bot-bridge/venv/lib/python3.14/site-packages/requests/adapters.py", line 677, in send
    raise ConnectionError(e, request=request)
requests.exceptions.ConnectionError: HTTPSConnectionPool(host='api.telegram.org', port=443): Max retries exceeded with url: /bot8306239044:AAF9koVWk04n6HerHTPSh9UTzHRedVbCAqM/getUpdates?offset=409940244&timeout=20 (Caused by NameResolutionError("HTTPSConnection(host='api.telegram.org', port=443): Failed to resolve 'api.telegram.org' ([Errno 8] nodename nor servname provided, or not known)"))
"
2026-05-09 03:12:41,570 (__init__.py:962 MainThread) ERROR - TeleBot: "Infinity polling exception: HTTPSConnectionPool(host='api.telegram.org', port=443): Max retries exceeded with url: /bot8306239044:AAF9koVWk04n6HerHTPSh9UTzHRedVbCAqM/getUpdates?offset=409940244&timeout=20 (Caused by NameResolutionError("HTTPSConnection(host='api.telegram.org', port=443): Failed to resolve 'api.telegram.org' ([Errno 8] nodename nor servname provided, or not known)"))"
2026-05-09 03:12:41,574 (__init__.py:964 MainThread) ERROR - TeleBot: "Exception traceback:
Traceback (most recent call last):
  File "/Users/cyrus/Workspace/telegram-bot-bridge/venv/lib/python3.14/site-packages/urllib3/connection.py", line 204, in _new_conn
    sock = connection.create_connection(
        (self._dns_host, self.port),
    ...<2 lines>...
        socket_options=self.socket_options,
    )
  File "/Users/cyrus/Workspace/telegram-bot-bridge/venv/lib/python3.14/site-packages/urllib3/util/connection.py", line 60, in create_connection
    for res in socket.getaddrinfo(host, port, family, socket.SOCK_STREAM):
               ~~~~~~~~~~~~~~~~~~^^^^^^^^^^^^^^^^^^^^^^^^^^^^^^^^^^^^^^^^
  File "/opt/homebrew/Cellar/python@3.14/3.14.2_1/Frameworks/Python.framework/Versions/3.14/lib/python3.14/socket.py", line 983, in getaddrinfo
    for res in _socket.getaddrinfo(host, port, family, type, proto, flags):
               ~~~~~~~~~~~~~~~~~~~^^^^^^^^^^^^^^^^^^^^^^^^^^^^^^^^^^^^^^^^
socket.gaierror: [Errno 8] nodename nor servname provided, or not known

The above exception was the direct cause of the following exception:

Traceback (most recent call last):
  File "/Users/cyrus/Workspace/telegram-bot-bridge/venv/lib/python3.14/site-packages/urllib3/connectionpool.py", line 787, in urlopen
    response = self._make_request(
        conn,
    ...<10 lines>...
        **response_kw,
    )
  File "/Users/cyrus/Workspace/telegram-bot-bridge/venv/lib/python3.14/site-packages/urllib3/connectionpool.py", line 488, in _make_request
    raise new_e
  File "/Users/cyrus/Workspace/telegram-bot-bridge/venv/lib/python3.14/site-packages/urllib3/connectionpool.py", line 464, in _make_request
    self._validate_conn(conn)
    ~~~~~~~~~~~~~~~~~~~^^^^^^
  File "/Users/cyrus/Workspace/telegram-bot-bridge/venv/lib/python3.14/site-packages/urllib3/connectionpool.py", line 1093, in _validate_conn
    conn.connect()
    ~~~~~~~~~~~~^^
  File "/Users/cyrus/Workspace/telegram-bot-bridge/venv/lib/python3.14/site-packages/urllib3/connection.py", line 759, in connect
    self.sock = sock = self._new_conn()
                       ~~~~~~~~~~~~~~^^
  File "/Users/cyrus/Workspace/telegram-bot-bridge/venv/lib/python3.14/site-packages/urllib3/connection.py", line 211, in _new_conn
    raise NameResolutionError(self.host, self, e) from e
urllib3.exceptions.NameResolutionError: HTTPSConnection(host='api.telegram.org', port=443): Failed to resolve 'api.telegram.org' ([Errno 8] nodename nor servname provided, or not known)

The above exception was the direct cause of the following exception:

Traceback (most recent call last):
  File "/Users/cyrus/Workspace/telegram-bot-bridge/venv/lib/python3.14/site-packages/requests/adapters.py", line 644, in send
    resp = conn.urlopen(
        method=request.method,
    ...<9 lines>...
        chunked=chunked,
    )
  File "/Users/cyrus/Workspace/telegram-bot-bridge/venv/lib/python3.14/site-packages/urllib3/connectionpool.py", line 841, in urlopen
    retries = retries.increment(
        method, url, error=new_e, _pool=self, _stacktrace=sys.exc_info()[2]
    )
  File "/Users/cyrus/Workspace/telegram-bot-bridge/venv/lib/python3.14/site-packages/urllib3/util/retry.py", line 535, in increment
    raise MaxRetryError(_pool, url, reason) from reason  # type: ignore[arg-type]
    ^^^^^^^^^^^^^^^^^^^^^^^^^^^^^^^^^^^^^^^^^^^^^^^^^^^
urllib3.exceptions.MaxRetryError: HTTPSConnectionPool(host='api.telegram.org', port=443): Max retries exceeded with url: /bot8306239044:AAF9koVWk04n6HerHTPSh9UTzHRedVbCAqM/getUpdates?offset=409940244&timeout=20 (Caused by NameResolutionError("HTTPSConnection(host='api.telegram.org', port=443): Failed to resolve 'api.telegram.org' ([Errno 8] nodename nor servname provided, or not known)"))

During handling of the above exception, another exception occurred:

Traceback (most recent call last):
  File "/Users/cyrus/Workspace/telegram-bot-bridge/venv/lib/python3.14/site-packages/telebot/__init__.py", line 957, in infinity_polling
    self.polling(non_stop=True, timeout=timeout, long_polling_timeout=long_polling_timeout,
    ~~~~~~~~~~~~^^^^^^^^^^^^^^^^^^^^^^^^^^^^^^^^^^^^^^^^^^^^^^^^^^^^^^^^^^^^^^^^^^^^^^^^^^^
                 logger_level=logger_level, allowed_updates=allowed_updates, restart_on_change=False,
                 ^^^^^^^^^^^^^^^^^^^^^^^^^^^^^^^^^^^^^^^^^^^^^^^^^^^^^^^^^^^^^^^^^^^^^^^^^^^^^^^^^^^^
                 *args, **kwargs)
                 ^^^^^^^^^^^^^^^^
  File "/Users/cyrus/Workspace/telegram-bot-bridge/venv/lib/python3.14/site-packages/telebot/__init__.py", line 1045, in polling
    self.__threaded_polling(non_stop=non_stop, interval=interval, timeout=timeout, long_polling_timeout=long_polling_timeout,
    ~~~~~~~~~~~~~~~~~~~~~~~^^^^^^^^^^^^^^^^^^^^^^^^^^^^^^^^^^^^^^^^^^^^^^^^^^^^^^^^^^^^^^^^^^^^^^^^^^^^^^^^^^^^^^^^^^^^^^^^^^
                            logger_level=logger_level, allowed_updates=allowed_updates)
                            ^^^^^^^^^^^^^^^^^^^^^^^^^^^^^^^^^^^^^^^^^^^^^^^^^^^^^^^^^^^
  File "/Users/cyrus/Workspace/telegram-bot-bridge/venv/lib/python3.14/site-packages/telebot/__init__.py", line 1120, in __threaded_polling
    raise e
  File "/Users/cyrus/Workspace/telegram-bot-bridge/venv/lib/python3.14/site-packages/telebot/__init__.py", line 1081, in __threaded_polling
    polling_thread.raise_exceptions()
    ~~~~~~~~~~~~~~~~~~~~~~~~~~~~~~~^^
  File "/Users/cyrus/Workspace/telegram-bot-bridge/venv/lib/python3.14/site-packages/telebot/util.py", line 108, in raise_exceptions
    raise self.exception_info
  File "/Users/cyrus/Workspace/telegram-bot-bridge/venv/lib/python3.14/site-packages/telebot/util.py", line 90, in run
    task(*args, **kwargs)
    ~~~~^^^^^^^^^^^^^^^^^
  File "/Users/cyrus/Workspace/telegram-bot-bridge/venv/lib/python3.14/site-packages/telebot/__init__.py", line 651, in __retrieve_updates
    updates = self.get_updates(offset=(self.last_update_id + 1),
                               allowed_updates=allowed_updates,
                               timeout=timeout, long_polling_timeout=long_polling_timeout)
  File "/Users/cyrus/Workspace/telegram-bot-bridge/venv/lib/python3.14/site-packages/telebot/__init__.py", line 625, in get_updates
    json_updates = apihelper.get_updates(self.token, offset, limit, timeout, allowed_updates, long_polling_timeout)
  File "/Users/cyrus/Workspace/telegram-bot-bridge/venv/lib/python3.14/site-packages/telebot/apihelper.py", line 323, in get_updates
    return _make_request(token, method_url, params=payload)
  File "/Users/cyrus/Workspace/telegram-bot-bridge/venv/lib/python3.14/site-packages/telebot/apihelper.py", line 158, in _make_request
    result = _get_req_session().request(
        method, request_url, params=params, files=files,
        timeout=(connect_timeout, read_timeout), proxies=proxy)
  File "/Users/cyrus/Workspace/telegram-bot-bridge/venv/lib/python3.14/site-packages/requests/sessions.py", line 589, in request
    resp = self.send(prep, **send_kwargs)
  File "/Users/cyrus/Workspace/telegram-bot-bridge/venv/lib/python3.14/site-packages/requests/sessions.py", line 703, in send
    r = adapter.send(request, **kwargs)
  File "/Users/cyrus/Workspace/telegram-bot-bridge/venv/lib/python3.14/site-packages/requests/adapters.py", line 677, in send
    raise ConnectionError(e, request=request)
requests.exceptions.ConnectionError: HTTPSConnectionPool(host='api.telegram.org', port=443): Max retries exceeded with url: /bot8306239044:AAF9koVWk04n6HerHTPSh9UTzHRedVbCAqM/getUpdates?offset=409940244&timeout=20 (Caused by NameResolutionError("HTTPSConnection(host='api.telegram.org', port=443): Failed to resolve 'api.telegram.org' ([Errno 8] nodename nor servname provided, or not known)"))
"
2026-05-09 03:12:47,586 (__init__.py:962 MainThread) ERROR - TeleBot: "Infinity polling exception: HTTPSConnectionPool(host='api.telegram.org', port=443): Max retries exceeded with url: /bot8306239044:AAF9koVWk04n6HerHTPSh9UTzHRedVbCAqM/getUpdates?offset=409940244&timeout=20 (Caused by NameResolutionError("HTTPSConnection(host='api.telegram.org', port=443): Failed to resolve 'api.telegram.org' ([Errno 8] nodename nor servname provided, or not known)"))"
2026-05-09 03:12:47,590 (__init__.py:964 MainThread) ERROR - TeleBot: "Exception traceback:
Traceback (most recent call last):
  File "/Users/cyrus/Workspace/telegram-bot-bridge/venv/lib/python3.14/site-packages/urllib3/connection.py", line 204, in _new_conn
    sock = connection.create_connection(
        (self._dns_host, self.port),
    ...<2 lines>...
        socket_options=self.socket_options,
    )
  File "/Users/cyrus/Workspace/telegram-bot-bridge/venv/lib/python3.14/site-packages/urllib3/util/connection.py", line 60, in create_connection
    for res in socket.getaddrinfo(host, port, family, socket.SOCK_STREAM):
               ~~~~~~~~~~~~~~~~~~^^^^^^^^^^^^^^^^^^^^^^^^^^^^^^^^^^^^^^^^
  File "/opt/homebrew/Cellar/python@3.14/3.14.2_1/Frameworks/Python.framework/Versions/3.14/lib/python3.14/socket.py", line 983, in getaddrinfo
    for res in _socket.getaddrinfo(host, port, family, type, proto, flags):
               ~~~~~~~~~~~~~~~~~~~^^^^^^^^^^^^^^^^^^^^^^^^^^^^^^^^^^^^^^^^
socket.gaierror: [Errno 8] nodename nor servname provided, or not known

The above exception was the direct cause of the following exception:

Traceback (most recent call last):
  File "/Users/cyrus/Workspace/telegram-bot-bridge/venv/lib/python3.14/site-packages/urllib3/connectionpool.py", line 787, in urlopen
    response = self._make_request(
        conn,
    ...<10 lines>...
        **response_kw,
    )
  File "/Users/cyrus/Workspace/telegram-bot-bridge/venv/lib/python3.14/site-packages/urllib3/connectionpool.py", line 488, in _make_request
    raise new_e
  File "/Users/cyrus/Workspace/telegram-bot-bridge/venv/lib/python3.14/site-packages/urllib3/connectionpool.py", line 464, in _make_request
    self._validate_conn(conn)
    ~~~~~~~~~~~~~~~~~~~^^^^^^
  File "/Users/cyrus/Workspace/telegram-bot-bridge/venv/lib/python3.14/site-packages/urllib3/connectionpool.py", line 1093, in _validate_conn
    conn.connect()
    ~~~~~~~~~~~~^^
  File "/Users/cyrus/Workspace/telegram-bot-bridge/venv/lib/python3.14/site-packages/urllib3/connection.py", line 759, in connect
    self.sock = sock = self._new_conn()
                       ~~~~~~~~~~~~~~^^
  File "/Users/cyrus/Workspace/telegram-bot-bridge/venv/lib/python3.14/site-packages/urllib3/connection.py", line 211, in _new_conn
    raise NameResolutionError(self.host, self, e) from e
urllib3.exceptions.NameResolutionError: HTTPSConnection(host='api.telegram.org', port=443): Failed to resolve 'api.telegram.org' ([Errno 8] nodename nor servname provided, or not known)

The above exception was the direct cause of the following exception:

Traceback (most recent call last):
  File "/Users/cyrus/Workspace/telegram-bot-bridge/venv/lib/python3.14/site-packages/requests/adapters.py", line 644, in send
    resp = conn.urlopen(
        method=request.method,
    ...<9 lines>...
        chunked=chunked,
    )
  File "/Users/cyrus/Workspace/telegram-bot-bridge/venv/lib/python3.14/site-packages/urllib3/connectionpool.py", line 841, in urlopen
    retries = retries.increment(
        method, url, error=new_e, _pool=self, _stacktrace=sys.exc_info()[2]
    )
  File "/Users/cyrus/Workspace/telegram-bot-bridge/venv/lib/python3.14/site-packages/urllib3/util/retry.py", line 535, in increment
    raise MaxRetryError(_pool, url, reason) from reason  # type: ignore[arg-type]
    ^^^^^^^^^^^^^^^^^^^^^^^^^^^^^^^^^^^^^^^^^^^^^^^^^^^
urllib3.exceptions.MaxRetryError: HTTPSConnectionPool(host='api.telegram.org', port=443): Max retries exceeded with url: /bot8306239044:AAF9koVWk04n6HerHTPSh9UTzHRedVbCAqM/getUpdates?offset=409940244&timeout=20 (Caused by NameResolutionError("HTTPSConnection(host='api.telegram.org', port=443): Failed to resolve 'api.telegram.org' ([Errno 8] nodename nor servname provided, or not known)"))

During handling of the above exception, another exception occurred:

Traceback (most recent call last):
  File "/Users/cyrus/Workspace/telegram-bot-bridge/venv/lib/python3.14/site-packages/telebot/__init__.py", line 957, in infinity_polling
    self.polling(non_stop=True, timeout=timeout, long_polling_timeout=long_polling_timeout,
    ~~~~~~~~~~~~^^^^^^^^^^^^^^^^^^^^^^^^^^^^^^^^^^^^^^^^^^^^^^^^^^^^^^^^^^^^^^^^^^^^^^^^^^^
                 logger_level=logger_level, allowed_updates=allowed_updates, restart_on_change=False,
                 ^^^^^^^^^^^^^^^^^^^^^^^^^^^^^^^^^^^^^^^^^^^^^^^^^^^^^^^^^^^^^^^^^^^^^^^^^^^^^^^^^^^^
                 *args, **kwargs)
                 ^^^^^^^^^^^^^^^^
  File "/Users/cyrus/Workspace/telegram-bot-bridge/venv/lib/python3.14/site-packages/telebot/__init__.py", line 1045, in polling
    self.__threaded_polling(non_stop=non_stop, interval=interval, timeout=timeout, long_polling_timeout=long_polling_timeout,
    ~~~~~~~~~~~~~~~~~~~~~~~^^^^^^^^^^^^^^^^^^^^^^^^^^^^^^^^^^^^^^^^^^^^^^^^^^^^^^^^^^^^^^^^^^^^^^^^^^^^^^^^^^^^^^^^^^^^^^^^^^
                            logger_level=logger_level, allowed_updates=allowed_updates)
                            ^^^^^^^^^^^^^^^^^^^^^^^^^^^^^^^^^^^^^^^^^^^^^^^^^^^^^^^^^^^
  File "/Users/cyrus/Workspace/telegram-bot-bridge/venv/lib/python3.14/site-packages/telebot/__init__.py", line 1120, in __threaded_polling
    raise e
  File "/Users/cyrus/Workspace/telegram-bot-bridge/venv/lib/python3.14/site-packages/telebot/__init__.py", line 1081, in __threaded_polling
    polling_thread.raise_exceptions()
    ~~~~~~~~~~~~~~~~~~~~~~~~~~~~~~~^^
  File "/Users/cyrus/Workspace/telegram-bot-bridge/venv/lib/python3.14/site-packages/telebot/util.py", line 108, in raise_exceptions
    raise self.exception_info
  File "/Users/cyrus/Workspace/telegram-bot-bridge/venv/lib/python3.14/site-packages/telebot/util.py", line 90, in run
    task(*args, **kwargs)
    ~~~~^^^^^^^^^^^^^^^^^
  File "/Users/cyrus/Workspace/telegram-bot-bridge/venv/lib/python3.14/site-packages/telebot/__init__.py", line 651, in __retrieve_updates
    updates = self.get_updates(offset=(self.last_update_id + 1),
                               allowed_updates=allowed_updates,
                               timeout=timeout, long_polling_timeout=long_polling_timeout)
  File "/Users/cyrus/Workspace/telegram-bot-bridge/venv/lib/python3.14/site-packages/telebot/__init__.py", line 625, in get_updates
    json_updates = apihelper.get_updates(self.token, offset, limit, timeout, allowed_updates, long_polling_timeout)
  File "/Users/cyrus/Workspace/telegram-bot-bridge/venv/lib/python3.14/site-packages/telebot/apihelper.py", line 323, in get_updates
    return _make_request(token, method_url, params=payload)
  File "/Users/cyrus/Workspace/telegram-bot-bridge/venv/lib/python3.14/site-packages/telebot/apihelper.py", line 158, in _make_request
    result = _get_req_session().request(
        method, request_url, params=params, files=files,
        timeout=(connect_timeout, read_timeout), proxies=proxy)
  File "/Users/cyrus/Workspace/telegram-bot-bridge/venv/lib/python3.14/site-packages/requests/sessions.py", line 589, in request
    resp = self.send(prep, **send_kwargs)
  File "/Users/cyrus/Workspace/telegram-bot-bridge/venv/lib/python3.14/site-packages/requests/sessions.py", line 703, in send
    r = adapter.send(request, **kwargs)
  File "/Users/cyrus/Workspace/telegram-bot-bridge/venv/lib/python3.14/site-packages/requests/adapters.py", line 677, in send
    raise ConnectionError(e, request=request)
requests.exceptions.ConnectionError: HTTPSConnectionPool(host='api.telegram.org', port=443): Max retries exceeded with url: /bot8306239044:AAF9koVWk04n6HerHTPSh9UTzHRedVbCAqM/getUpdates?offset=409940244&timeout=20 (Caused by NameResolutionError("HTTPSConnection(host='api.telegram.org', port=443): Failed to resolve 'api.telegram.org' ([Errno 8] nodename nor servname provided, or not known)"))
"
2026-05-09 03:12:53,602 (__init__.py:962 MainThread) ERROR - TeleBot: "Infinity polling exception: HTTPSConnectionPool(host='api.telegram.org', port=443): Max retries exceeded with url: /bot8306239044:AAF9koVWk04n6HerHTPSh9UTzHRedVbCAqM/getUpdates?offset=409940244&timeout=20 (Caused by NameResolutionError("HTTPSConnection(host='api.telegram.org', port=443): Failed to resolve 'api.telegram.org' ([Errno 8] nodename nor servname provided, or not known)"))"
2026-05-09 03:12:53,606 (__init__.py:964 MainThread) ERROR - TeleBot: "Exception traceback:
Traceback (most recent call last):
  File "/Users/cyrus/Workspace/telegram-bot-bridge/venv/lib/python3.14/site-packages/urllib3/connection.py", line 204, in _new_conn
    sock = connection.create_connection(
        (self._dns_host, self.port),
    ...<2 lines>...
        socket_options=self.socket_options,
    )
  File "/Users/cyrus/Workspace/telegram-bot-bridge/venv/lib/python3.14/site-packages/urllib3/util/connection.py", line 60, in create_connection
    for res in socket.getaddrinfo(host, port, family, socket.SOCK_STREAM):
               ~~~~~~~~~~~~~~~~~~^^^^^^^^^^^^^^^^^^^^^^^^^^^^^^^^^^^^^^^^
  File "/opt/homebrew/Cellar/python@3.14/3.14.2_1/Frameworks/Python.framework/Versions/3.14/lib/python3.14/socket.py", line 983, in getaddrinfo
    for res in _socket.getaddrinfo(host, port, family, type, proto, flags):
               ~~~~~~~~~~~~~~~~~~~^^^^^^^^^^^^^^^^^^^^^^^^^^^^^^^^^^^^^^^^
socket.gaierror: [Errno 8] nodename nor servname provided, or not known

The above exception was the direct cause of the following exception:

Traceback (most recent call last):
  File "/Users/cyrus/Workspace/telegram-bot-bridge/venv/lib/python3.14/site-packages/urllib3/connectionpool.py", line 787, in urlopen
    response = self._make_request(
        conn,
    ...<10 lines>...
        **response_kw,
    )
  File "/Users/cyrus/Workspace/telegram-bot-bridge/venv/lib/python3.14/site-packages/urllib3/connectionpool.py", line 488, in _make_request
    raise new_e
  File "/Users/cyrus/Workspace/telegram-bot-bridge/venv/lib/python3.14/site-packages/urllib3/connectionpool.py", line 464, in _make_request
    self._validate_conn(conn)
    ~~~~~~~~~~~~~~~~~~~^^^^^^
  File "/Users/cyrus/Workspace/telegram-bot-bridge/venv/lib/python3.14/site-packages/urllib3/connectionpool.py", line 1093, in _validate_conn
    conn.connect()
    ~~~~~~~~~~~~^^
  File "/Users/cyrus/Workspace/telegram-bot-bridge/venv/lib/python3.14/site-packages/urllib3/connection.py", line 759, in connect
    self.sock = sock = self._new_conn()
                       ~~~~~~~~~~~~~~^^
  File "/Users/cyrus/Workspace/telegram-bot-bridge/venv/lib/python3.14/site-packages/urllib3/connection.py", line 211, in _new_conn
    raise NameResolutionError(self.host, self, e) from e
urllib3.exceptions.NameResolutionError: HTTPSConnection(host='api.telegram.org', port=443): Failed to resolve 'api.telegram.org' ([Errno 8] nodename nor servname provided, or not known)

The above exception was the direct cause of the following exception:

Traceback (most recent call last):
  File "/Users/cyrus/Workspace/telegram-bot-bridge/venv/lib/python3.14/site-packages/requests/adapters.py", line 644, in send
    resp = conn.urlopen(
        method=request.method,
    ...<9 lines>...
        chunked=chunked,
    )
  File "/Users/cyrus/Workspace/telegram-bot-bridge/venv/lib/python3.14/site-packages/urllib3/connectionpool.py", line 841, in urlopen
    retries = retries.increment(
        method, url, error=new_e, _pool=self, _stacktrace=sys.exc_info()[2]
    )
  File "/Users/cyrus/Workspace/telegram-bot-bridge/venv/lib/python3.14/site-packages/urllib3/util/retry.py", line 535, in increment
    raise MaxRetryError(_pool, url, reason) from reason  # type: ignore[arg-type]
    ^^^^^^^^^^^^^^^^^^^^^^^^^^^^^^^^^^^^^^^^^^^^^^^^^^^
urllib3.exceptions.MaxRetryError: HTTPSConnectionPool(host='api.telegram.org', port=443): Max retries exceeded with url: /bot8306239044:AAF9koVWk04n6HerHTPSh9UTzHRedVbCAqM/getUpdates?offset=409940244&timeout=20 (Caused by NameResolutionError("HTTPSConnection(host='api.telegram.org', port=443): Failed to resolve 'api.telegram.org' ([Errno 8] nodename nor servname provided, or not known)"))

During handling of the above exception, another exception occurred:

Traceback (most recent call last):
  File "/Users/cyrus/Workspace/telegram-bot-bridge/venv/lib/python3.14/site-packages/telebot/__init__.py", line 957, in infinity_polling
    self.polling(non_stop=True, timeout=timeout, long_polling_timeout=long_polling_timeout,
    ~~~~~~~~~~~~^^^^^^^^^^^^^^^^^^^^^^^^^^^^^^^^^^^^^^^^^^^^^^^^^^^^^^^^^^^^^^^^^^^^^^^^^^^
                 logger_level=logger_level, allowed_updates=allowed_updates, restart_on_change=False,
                 ^^^^^^^^^^^^^^^^^^^^^^^^^^^^^^^^^^^^^^^^^^^^^^^^^^^^^^^^^^^^^^^^^^^^^^^^^^^^^^^^^^^^
                 *args, **kwargs)
                 ^^^^^^^^^^^^^^^^
  File "/Users/cyrus/Workspace/telegram-bot-bridge/venv/lib/python3.14/site-packages/telebot/__init__.py", line 1045, in polling
    self.__threaded_polling(non_stop=non_stop, interval=interval, timeout=timeout, long_polling_timeout=long_polling_timeout,
    ~~~~~~~~~~~~~~~~~~~~~~~^^^^^^^^^^^^^^^^^^^^^^^^^^^^^^^^^^^^^^^^^^^^^^^^^^^^^^^^^^^^^^^^^^^^^^^^^^^^^^^^^^^^^^^^^^^^^^^^^^
                            logger_level=logger_level, allowed_updates=allowed_updates)
                            ^^^^^^^^^^^^^^^^^^^^^^^^^^^^^^^^^^^^^^^^^^^^^^^^^^^^^^^^^^^
  File "/Users/cyrus/Workspace/telegram-bot-bridge/venv/lib/python3.14/site-packages/telebot/__init__.py", line 1120, in __threaded_polling
    raise e
  File "/Users/cyrus/Workspace/telegram-bot-bridge/venv/lib/python3.14/site-packages/telebot/__init__.py", line 1081, in __threaded_polling
    polling_thread.raise_exceptions()
    ~~~~~~~~~~~~~~~~~~~~~~~~~~~~~~~^^
  File "/Users/cyrus/Workspace/telegram-bot-bridge/venv/lib/python3.14/site-packages/telebot/util.py", line 108, in raise_exceptions
    raise self.exception_info
  File "/Users/cyrus/Workspace/telegram-bot-bridge/venv/lib/python3.14/site-packages/telebot/util.py", line 90, in run
    task(*args, **kwargs)
    ~~~~^^^^^^^^^^^^^^^^^
  File "/Users/cyrus/Workspace/telegram-bot-bridge/venv/lib/python3.14/site-packages/telebot/__init__.py", line 651, in __retrieve_updates
    updates = self.get_updates(offset=(self.last_update_id + 1),
                               allowed_updates=allowed_updates,
                               timeout=timeout, long_polling_timeout=long_polling_timeout)
  File "/Users/cyrus/Workspace/telegram-bot-bridge/venv/lib/python3.14/site-packages/telebot/__init__.py", line 625, in get_updates
    json_updates = apihelper.get_updates(self.token, offset, limit, timeout, allowed_updates, long_polling_timeout)
  File "/Users/cyrus/Workspace/telegram-bot-bridge/venv/lib/python3.14/site-packages/telebot/apihelper.py", line 323, in get_updates
    return _make_request(token, method_url, params=payload)
  File "/Users/cyrus/Workspace/telegram-bot-bridge/venv/lib/python3.14/site-packages/telebot/apihelper.py", line 158, in _make_request
    result = _get_req_session().request(
        method, request_url, params=params, files=files,
        timeout=(connect_timeout, read_timeout), proxies=proxy)
  File "/Users/cyrus/Workspace/telegram-bot-bridge/venv/lib/python3.14/site-packages/requests/sessions.py", line 589, in request
    resp = self.send(prep, **send_kwargs)
  File "/Users/cyrus/Workspace/telegram-bot-bridge/venv/lib/python3.14/site-packages/requests/sessions.py", line 703, in send
    r = adapter.send(request, **kwargs)
  File "/Users/cyrus/Workspace/telegram-bot-bridge/venv/lib/python3.14/site-packages/requests/adapters.py", line 677, in send
    raise ConnectionError(e, request=request)
requests.exceptions.ConnectionError: HTTPSConnectionPool(host='api.telegram.org', port=443): Max retries exceeded with url: /bot8306239044:AAF9koVWk04n6HerHTPSh9UTzHRedVbCAqM/getUpdates?offset=409940244&timeout=20 (Caused by NameResolutionError("HTTPSConnection(host='api.telegram.org', port=443): Failed to resolve 'api.telegram.org' ([Errno 8] nodename nor servname provided, or not known)"))
"
2026-05-09 03:12:59,617 (__init__.py:962 MainThread) ERROR - TeleBot: "Infinity polling exception: HTTPSConnectionPool(host='api.telegram.org', port=443): Max retries exceeded with url: /bot8306239044:AAF9koVWk04n6HerHTPSh9UTzHRedVbCAqM/getUpdates?offset=409940244&timeout=20 (Caused by NameResolutionError("HTTPSConnection(host='api.telegram.org', port=443): Failed to resolve 'api.telegram.org' ([Errno 8] nodename nor servname provided, or not known)"))"
2026-05-09 03:12:59,621 (__init__.py:964 MainThread) ERROR - TeleBot: "Exception traceback:
Traceback (most recent call last):
  File "/Users/cyrus/Workspace/telegram-bot-bridge/venv/lib/python3.14/site-packages/urllib3/connection.py", line 204, in _new_conn
    sock = connection.create_connection(
        (self._dns_host, self.port),
    ...<2 lines>...
        socket_options=self.socket_options,
    )
  File "/Users/cyrus/Workspace/telegram-bot-bridge/venv/lib/python3.14/site-packages/urllib3/util/connection.py", line 60, in create_connection
    for res in socket.getaddrinfo(host, port, family, socket.SOCK_STREAM):
               ~~~~~~~~~~~~~~~~~~^^^^^^^^^^^^^^^^^^^^^^^^^^^^^^^^^^^^^^^^
  File "/opt/homebrew/Cellar/python@3.14/3.14.2_1/Frameworks/Python.framework/Versions/3.14/lib/python3.14/socket.py", line 983, in getaddrinfo
    for res in _socket.getaddrinfo(host, port, family, type, proto, flags):
               ~~~~~~~~~~~~~~~~~~~^^^^^^^^^^^^^^^^^^^^^^^^^^^^^^^^^^^^^^^^
socket.gaierror: [Errno 8] nodename nor servname provided, or not known

The above exception was the direct cause of the following exception:

Traceback (most recent call last):
  File "/Users/cyrus/Workspace/telegram-bot-bridge/venv/lib/python3.14/site-packages/urllib3/connectionpool.py", line 787, in urlopen
    response = self._make_request(
        conn,
    ...<10 lines>...
        **response_kw,
    )
  File "/Users/cyrus/Workspace/telegram-bot-bridge/venv/lib/python3.14/site-packages/urllib3/connectionpool.py", line 488, in _make_request
    raise new_e
  File "/Users/cyrus/Workspace/telegram-bot-bridge/venv/lib/python3.14/site-packages/urllib3/connectionpool.py", line 464, in _make_request
    self._validate_conn(conn)
    ~~~~~~~~~~~~~~~~~~~^^^^^^
  File "/Users/cyrus/Workspace/telegram-bot-bridge/venv/lib/python3.14/site-packages/urllib3/connectionpool.py", line 1093, in _validate_conn
    conn.connect()
    ~~~~~~~~~~~~^^
  File "/Users/cyrus/Workspace/telegram-bot-bridge/venv/lib/python3.14/site-packages/urllib3/connection.py", line 759, in connect
    self.sock = sock = self._new_conn()
                       ~~~~~~~~~~~~~~^^
  File "/Users/cyrus/Workspace/telegram-bot-bridge/venv/lib/python3.14/site-packages/urllib3/connection.py", line 211, in _new_conn
    raise NameResolutionError(self.host, self, e) from e
urllib3.exceptions.NameResolutionError: HTTPSConnection(host='api.telegram.org', port=443): Failed to resolve 'api.telegram.org' ([Errno 8] nodename nor servname provided, or not known)

The above exception was the direct cause of the following exception:

Traceback (most recent call last):
  File "/Users/cyrus/Workspace/telegram-bot-bridge/venv/lib/python3.14/site-packages/requests/adapters.py", line 644, in send
    resp = conn.urlopen(
        method=request.method,
    ...<9 lines>...
        chunked=chunked,
    )
  File "/Users/cyrus/Workspace/telegram-bot-bridge/venv/lib/python3.14/site-packages/urllib3/connectionpool.py", line 841, in urlopen
    retries = retries.increment(
        method, url, error=new_e, _pool=self, _stacktrace=sys.exc_info()[2]
    )
  File "/Users/cyrus/Workspace/telegram-bot-bridge/venv/lib/python3.14/site-packages/urllib3/util/retry.py", line 535, in increment
    raise MaxRetryError(_pool, url, reason) from reason  # type: ignore[arg-type]
    ^^^^^^^^^^^^^^^^^^^^^^^^^^^^^^^^^^^^^^^^^^^^^^^^^^^
urllib3.exceptions.MaxRetryError: HTTPSConnectionPool(host='api.telegram.org', port=443): Max retries exceeded with url: /bot8306239044:AAF9koVWk04n6HerHTPSh9UTzHRedVbCAqM/getUpdates?offset=409940244&timeout=20 (Caused by NameResolutionError("HTTPSConnection(host='api.telegram.org', port=443): Failed to resolve 'api.telegram.org' ([Errno 8] nodename nor servname provided, or not known)"))

During handling of the above exception, another exception occurred:

Traceback (most recent call last):
  File "/Users/cyrus/Workspace/telegram-bot-bridge/venv/lib/python3.14/site-packages/telebot/__init__.py", line 957, in infinity_polling
    self.polling(non_stop=True, timeout=timeout, long_polling_timeout=long_polling_timeout,
    ~~~~~~~~~~~~^^^^^^^^^^^^^^^^^^^^^^^^^^^^^^^^^^^^^^^^^^^^^^^^^^^^^^^^^^^^^^^^^^^^^^^^^^^
                 logger_level=logger_level, allowed_updates=allowed_updates, restart_on_change=False,
                 ^^^^^^^^^^^^^^^^^^^^^^^^^^^^^^^^^^^^^^^^^^^^^^^^^^^^^^^^^^^^^^^^^^^^^^^^^^^^^^^^^^^^
                 *args, **kwargs)
                 ^^^^^^^^^^^^^^^^
  File "/Users/cyrus/Workspace/telegram-bot-bridge/venv/lib/python3.14/site-packages/telebot/__init__.py", line 1045, in polling
    self.__threaded_polling(non_stop=non_stop, interval=interval, timeout=timeout, long_polling_timeout=long_polling_timeout,
    ~~~~~~~~~~~~~~~~~~~~~~~^^^^^^^^^^^^^^^^^^^^^^^^^^^^^^^^^^^^^^^^^^^^^^^^^^^^^^^^^^^^^^^^^^^^^^^^^^^^^^^^^^^^^^^^^^^^^^^^^^
                            logger_level=logger_level, allowed_updates=allowed_updates)
                            ^^^^^^^^^^^^^^^^^^^^^^^^^^^^^^^^^^^^^^^^^^^^^^^^^^^^^^^^^^^
  File "/Users/cyrus/Workspace/telegram-bot-bridge/venv/lib/python3.14/site-packages/telebot/__init__.py", line 1120, in __threaded_polling
    raise e
  File "/Users/cyrus/Workspace/telegram-bot-bridge/venv/lib/python3.14/site-packages/telebot/__init__.py", line 1081, in __threaded_polling
    polling_thread.raise_exceptions()
    ~~~~~~~~~~~~~~~~~~~~~~~~~~~~~~~^^
  File "/Users/cyrus/Workspace/telegram-bot-bridge/venv/lib/python3.14/site-packages/telebot/util.py", line 108, in raise_exceptions
    raise self.exception_info
  File "/Users/cyrus/Workspace/telegram-bot-bridge/venv/lib/python3.14/site-packages/telebot/util.py", line 90, in run
    task(*args, **kwargs)
    ~~~~^^^^^^^^^^^^^^^^^
  File "/Users/cyrus/Workspace/telegram-bot-bridge/venv/lib/python3.14/site-packages/telebot/__init__.py", line 651, in __retrieve_updates
    updates = self.get_updates(offset=(self.last_update_id + 1),
                               allowed_updates=allowed_updates,
                               timeout=timeout, long_polling_timeout=long_polling_timeout)
  File "/Users/cyrus/Workspace/telegram-bot-bridge/venv/lib/python3.14/site-packages/telebot/__init__.py", line 625, in get_updates
    json_updates = apihelper.get_updates(self.token, offset, limit, timeout, allowed_updates, long_polling_timeout)
  File "/Users/cyrus/Workspace/telegram-bot-bridge/venv/lib/python3.14/site-packages/telebot/apihelper.py", line 323, in get_updates
    return _make_request(token, method_url, params=payload)
  File "/Users/cyrus/Workspace/telegram-bot-bridge/venv/lib/python3.14/site-packages/telebot/apihelper.py", line 158, in _make_request
    result = _get_req_session().request(
        method, request_url, params=params, files=files,
        timeout=(connect_timeout, read_timeout), proxies=proxy)
  File "/Users/cyrus/Workspace/telegram-bot-bridge/venv/lib/python3.14/site-packages/requests/sessions.py", line 589, in request
    resp = self.send(prep, **send_kwargs)
  File "/Users/cyrus/Workspace/telegram-bot-bridge/venv/lib/python3.14/site-packages/requests/sessions.py", line 703, in send
    r = adapter.send(request, **kwargs)
  File "/Users/cyrus/Workspace/telegram-bot-bridge/venv/lib/python3.14/site-packages/requests/adapters.py", line 677, in send
    raise ConnectionError(e, request=request)
requests.exceptions.ConnectionError: HTTPSConnectionPool(host='api.telegram.org', port=443): Max retries exceeded with url: /bot8306239044:AAF9koVWk04n6HerHTPSh9UTzHRedVbCAqM/getUpdates?offset=409940244&timeout=20 (Caused by NameResolutionError("HTTPSConnection(host='api.telegram.org', port=443): Failed to resolve 'api.telegram.org' ([Errno 8] nodename nor servname provided, or not known)"))
"
2026-05-09 03:14:06,286 (__init__.py:962 MainThread) ERROR - TeleBot: "Infinity polling exception: HTTPSConnectionPool(host='api.telegram.org', port=443): Read timed out. (read timeout=30)"
2026-05-09 03:14:06,291 (__init__.py:964 MainThread) ERROR - TeleBot: "Exception traceback:
Traceback (most recent call last):
  File "/Users/cyrus/Workspace/telegram-bot-bridge/venv/lib/python3.14/site-packages/urllib3/connectionpool.py", line 534, in _make_request
    response = conn.getresponse()
  File "/Users/cyrus/Workspace/telegram-bot-bridge/venv/lib/python3.14/site-packages/urllib3/connection.py", line 571, in getresponse
    httplib_response = super().getresponse()
  File "/opt/homebrew/Cellar/python@3.14/3.14.2_1/Frameworks/Python.framework/Versions/3.14/lib/python3.14/http/client.py", line 1450, in getresponse
    response.begin()
    ~~~~~~~~~~~~~~^^
  File "/opt/homebrew/Cellar/python@3.14/3.14.2_1/Frameworks/Python.framework/Versions/3.14/lib/python3.14/http/client.py", line 336, in begin
    version, status, reason = self._read_status()
                              ~~~~~~~~~~~~~~~~~^^
  File "/opt/homebrew/Cellar/python@3.14/3.14.2_1/Frameworks/Python.framework/Versions/3.14/lib/python3.14/http/client.py", line 297, in _read_status
    line = str(self.fp.readline(_MAXLINE + 1), "iso-8859-1")
               ~~~~~~~~~~~~~~~~^^^^^^^^^^^^^^
  File "/opt/homebrew/Cellar/python@3.14/3.14.2_1/Frameworks/Python.framework/Versions/3.14/lib/python3.14/socket.py", line 725, in readinto
    return self._sock.recv_into(b)
           ~~~~~~~~~~~~~~~~~~~~^^^
  File "/opt/homebrew/Cellar/python@3.14/3.14.2_1/Frameworks/Python.framework/Versions/3.14/lib/python3.14/ssl.py", line 1304, in recv_into
    return self.read(nbytes, buffer)
           ~~~~~~~~~^^^^^^^^^^^^^^^^
  File "/opt/homebrew/Cellar/python@3.14/3.14.2_1/Frameworks/Python.framework/Versions/3.14/lib/python3.14/ssl.py", line 1138, in read
    return self._sslobj.read(len, buffer)
           ~~~~~~~~~~~~~~~~~^^^^^^^^^^^^^
TimeoutError: The read operation timed out

The above exception was the direct cause of the following exception:

Traceback (most recent call last):
  File "/Users/cyrus/Workspace/telegram-bot-bridge/venv/lib/python3.14/site-packages/requests/adapters.py", line 644, in send
    resp = conn.urlopen(
        method=request.method,
    ...<9 lines>...
        chunked=chunked,
    )
  File "/Users/cyrus/Workspace/telegram-bot-bridge/venv/lib/python3.14/site-packages/urllib3/connectionpool.py", line 841, in urlopen
    retries = retries.increment(
        method, url, error=new_e, _pool=self, _stacktrace=sys.exc_info()[2]
    )
  File "/Users/cyrus/Workspace/telegram-bot-bridge/venv/lib/python3.14/site-packages/urllib3/util/retry.py", line 490, in increment
    raise reraise(type(error), error, _stacktrace)
          ~~~~~~~^^^^^^^^^^^^^^^^^^^^^^^^^^^^^^^^^
  File "/Users/cyrus/Workspace/telegram-bot-bridge/venv/lib/python3.14/site-packages/urllib3/util/util.py", line 39, in reraise
    raise value
  File "/Users/cyrus/Workspace/telegram-bot-bridge/venv/lib/python3.14/site-packages/urllib3/connectionpool.py", line 787, in urlopen
    response = self._make_request(
        conn,
    ...<10 lines>...
        **response_kw,
    )
  File "/Users/cyrus/Workspace/telegram-bot-bridge/venv/lib/python3.14/site-packages/urllib3/connectionpool.py", line 536, in _make_request
    self._raise_timeout(err=e, url=url, timeout_value=read_timeout)
    ~~~~~~~~~~~~~~~~~~~^^^^^^^^^^^^^^^^^^^^^^^^^^^^^^^^^^^^^^^^^^^^
  File "/Users/cyrus/Workspace/telegram-bot-bridge/venv/lib/python3.14/site-packages/urllib3/connectionpool.py", line 367, in _raise_timeout
    raise ReadTimeoutError(
        self, url, f"Read timed out. (read timeout={timeout_value})"
    ) from err
urllib3.exceptions.ReadTimeoutError: HTTPSConnectionPool(host='api.telegram.org', port=443): Read timed out. (read timeout=30)

During handling of the above exception, another exception occurred:

Traceback (most recent call last):
  File "/Users/cyrus/Workspace/telegram-bot-bridge/venv/lib/python3.14/site-packages/telebot/__init__.py", line 957, in infinity_polling
    self.polling(non_stop=True, timeout=timeout, long_polling_timeout=long_polling_timeout,
    ~~~~~~~~~~~~^^^^^^^^^^^^^^^^^^^^^^^^^^^^^^^^^^^^^^^^^^^^^^^^^^^^^^^^^^^^^^^^^^^^^^^^^^^
                 logger_level=logger_level, allowed_updates=allowed_updates, restart_on_change=False,
                 ^^^^^^^^^^^^^^^^^^^^^^^^^^^^^^^^^^^^^^^^^^^^^^^^^^^^^^^^^^^^^^^^^^^^^^^^^^^^^^^^^^^^
                 *args, **kwargs)
                 ^^^^^^^^^^^^^^^^
  File "/Users/cyrus/Workspace/telegram-bot-bridge/venv/lib/python3.14/site-packages/telebot/__init__.py", line 1045, in polling
    self.__threaded_polling(non_stop=non_stop, interval=interval, timeout=timeout, long_polling_timeout=long_polling_timeout,
    ~~~~~~~~~~~~~~~~~~~~~~~^^^^^^^^^^^^^^^^^^^^^^^^^^^^^^^^^^^^^^^^^^^^^^^^^^^^^^^^^^^^^^^^^^^^^^^^^^^^^^^^^^^^^^^^^^^^^^^^^^
                            logger_level=logger_level, allowed_updates=allowed_updates)
                            ^^^^^^^^^^^^^^^^^^^^^^^^^^^^^^^^^^^^^^^^^^^^^^^^^^^^^^^^^^^
  File "/Users/cyrus/Workspace/telegram-bot-bridge/venv/lib/python3.14/site-packages/telebot/__init__.py", line 1120, in __threaded_polling
    raise e
  File "/Users/cyrus/Workspace/telegram-bot-bridge/venv/lib/python3.14/site-packages/telebot/__init__.py", line 1081, in __threaded_polling
    polling_thread.raise_exceptions()
    ~~~~~~~~~~~~~~~~~~~~~~~~~~~~~~~^^
  File "/Users/cyrus/Workspace/telegram-bot-bridge/venv/lib/python3.14/site-packages/telebot/util.py", line 108, in raise_exceptions
    raise self.exception_info
  File "/Users/cyrus/Workspace/telegram-bot-bridge/venv/lib/python3.14/site-packages/telebot/util.py", line 90, in run
    task(*args, **kwargs)
    ~~~~^^^^^^^^^^^^^^^^^
  File "/Users/cyrus/Workspace/telegram-bot-bridge/venv/lib/python3.14/site-packages/telebot/__init__.py", line 651, in __retrieve_updates
    updates = self.get_updates(offset=(self.last_update_id + 1),
                               allowed_updates=allowed_updates,
                               timeout=timeout, long_polling_timeout=long_polling_timeout)
  File "/Users/cyrus/Workspace/telegram-bot-bridge/venv/lib/python3.14/site-packages/telebot/__init__.py", line 625, in get_updates
    json_updates = apihelper.get_updates(self.token, offset, limit, timeout, allowed_updates, long_polling_timeout)
  File "/Users/cyrus/Workspace/telegram-bot-bridge/venv/lib/python3.14/site-packages/telebot/apihelper.py", line 323, in get_updates
    return _make_request(token, method_url, params=payload)
  File "/Users/cyrus/Workspace/telegram-bot-bridge/venv/lib/python3.14/site-packages/telebot/apihelper.py", line 158, in _make_request
    result = _get_req_session().request(
        method, request_url, params=params, files=files,
        timeout=(connect_timeout, read_timeout), proxies=proxy)
  File "/Users/cyrus/Workspace/telegram-bot-bridge/venv/lib/python3.14/site-packages/requests/sessions.py", line 589, in request
    resp = self.send(prep, **send_kwargs)
  File "/Users/cyrus/Workspace/telegram-bot-bridge/venv/lib/python3.14/site-packages/requests/sessions.py", line 703, in send
    r = adapter.send(request, **kwargs)
  File "/Users/cyrus/Workspace/telegram-bot-bridge/venv/lib/python3.14/site-packages/requests/adapters.py", line 690, in send
    raise ReadTimeout(e, request=request)
requests.exceptions.ReadTimeout: HTTPSConnectionPool(host='api.telegram.org', port=443): Read timed out. (read timeout=30)
"
2026-05-11 18:05:31,043 (__init__.py:962 MainThread) ERROR - TeleBot: "Infinity polling exception: ('Connection aborted.', ConnectionResetError(54, 'Connection reset by peer'))"
2026-05-11 18:05:31,049 (__init__.py:964 MainThread) ERROR - TeleBot: "Exception traceback:
Traceback (most recent call last):
  File "/Users/cyrus/Workspace/telegram-bot-bridge/venv/lib/python3.14/site-packages/urllib3/connectionpool.py", line 787, in urlopen
    response = self._make_request(
        conn,
    ...<10 lines>...
        **response_kw,
    )
  File "/Users/cyrus/Workspace/telegram-bot-bridge/venv/lib/python3.14/site-packages/urllib3/connectionpool.py", line 534, in _make_request
    response = conn.getresponse()
  File "/Users/cyrus/Workspace/telegram-bot-bridge/venv/lib/python3.14/site-packages/urllib3/connection.py", line 571, in getresponse
    httplib_response = super().getresponse()
  File "/opt/homebrew/Cellar/python@3.14/3.14.2_1/Frameworks/Python.framework/Versions/3.14/lib/python3.14/http/client.py", line 1450, in getresponse
    response.begin()
    ~~~~~~~~~~~~~~^^
  File "/opt/homebrew/Cellar/python@3.14/3.14.2_1/Frameworks/Python.framework/Versions/3.14/lib/python3.14/http/client.py", line 336, in begin
    version, status, reason = self._read_status()
                              ~~~~~~~~~~~~~~~~~^^
  File "/opt/homebrew/Cellar/python@3.14/3.14.2_1/Frameworks/Python.framework/Versions/3.14/lib/python3.14/http/client.py", line 297, in _read_status
    line = str(self.fp.readline(_MAXLINE + 1), "iso-8859-1")
               ~~~~~~~~~~~~~~~~^^^^^^^^^^^^^^
  File "/opt/homebrew/Cellar/python@3.14/3.14.2_1/Frameworks/Python.framework/Versions/3.14/lib/python3.14/socket.py", line 725, in readinto
    return self._sock.recv_into(b)
           ~~~~~~~~~~~~~~~~~~~~^^^
  File "/opt/homebrew/Cellar/python@3.14/3.14.2_1/Frameworks/Python.framework/Versions/3.14/lib/python3.14/ssl.py", line 1304, in recv_into
    return self.read(nbytes, buffer)
           ~~~~~~~~~^^^^^^^^^^^^^^^^
  File "/opt/homebrew/Cellar/python@3.14/3.14.2_1/Frameworks/Python.framework/Versions/3.14/lib/python3.14/ssl.py", line 1138, in read
    return self._sslobj.read(len, buffer)
           ~~~~~~~~~~~~~~~~~^^^^^^^^^^^^^
ConnectionResetError: [Errno 54] Connection reset by peer

During handling of the above exception, another exception occurred:

Traceback (most recent call last):
  File "/Users/cyrus/Workspace/telegram-bot-bridge/venv/lib/python3.14/site-packages/requests/adapters.py", line 644, in send
    resp = conn.urlopen(
        method=request.method,
    ...<9 lines>...
        chunked=chunked,
    )
  File "/Users/cyrus/Workspace/telegram-bot-bridge/venv/lib/python3.14/site-packages/urllib3/connectionpool.py", line 841, in urlopen
    retries = retries.increment(
        method, url, error=new_e, _pool=self, _stacktrace=sys.exc_info()[2]
    )
  File "/Users/cyrus/Workspace/telegram-bot-bridge/venv/lib/python3.14/site-packages/urllib3/util/retry.py", line 490, in increment
    raise reraise(type(error), error, _stacktrace)
          ~~~~~~~^^^^^^^^^^^^^^^^^^^^^^^^^^^^^^^^^
  File "/Users/cyrus/Workspace/telegram-bot-bridge/venv/lib/python3.14/site-packages/urllib3/util/util.py", line 38, in reraise
    raise value.with_traceback(tb)
  File "/Users/cyrus/Workspace/telegram-bot-bridge/venv/lib/python3.14/site-packages/urllib3/connectionpool.py", line 787, in urlopen
    response = self._make_request(
        conn,
    ...<10 lines>...
        **response_kw,
    )
  File "/Users/cyrus/Workspace/telegram-bot-bridge/venv/lib/python3.14/site-packages/urllib3/connectionpool.py", line 534, in _make_request
    response = conn.getresponse()
  File "/Users/cyrus/Workspace/telegram-bot-bridge/venv/lib/python3.14/site-packages/urllib3/connection.py", line 571, in getresponse
    httplib_response = super().getresponse()
  File "/opt/homebrew/Cellar/python@3.14/3.14.2_1/Frameworks/Python.framework/Versions/3.14/lib/python3.14/http/client.py", line 1450, in getresponse
    response.begin()
    ~~~~~~~~~~~~~~^^
  File "/opt/homebrew/Cellar/python@3.14/3.14.2_1/Frameworks/Python.framework/Versions/3.14/lib/python3.14/http/client.py", line 336, in begin
    version, status, reason = self._read_status()
                              ~~~~~~~~~~~~~~~~~^^
  File "/opt/homebrew/Cellar/python@3.14/3.14.2_1/Frameworks/Python.framework/Versions/3.14/lib/python3.14/http/client.py", line 297, in _read_status
    line = str(self.fp.readline(_MAXLINE + 1), "iso-8859-1")
               ~~~~~~~~~~~~~~~~^^^^^^^^^^^^^^
  File "/opt/homebrew/Cellar/python@3.14/3.14.2_1/Frameworks/Python.framework/Versions/3.14/lib/python3.14/socket.py", line 725, in readinto
    return self._sock.recv_into(b)
           ~~~~~~~~~~~~~~~~~~~~^^^
  File "/opt/homebrew/Cellar/python@3.14/3.14.2_1/Frameworks/Python.framework/Versions/3.14/lib/python3.14/ssl.py", line 1304, in recv_into
    return self.read(nbytes, buffer)
           ~~~~~~~~~^^^^^^^^^^^^^^^^
  File "/opt/homebrew/Cellar/python@3.14/3.14.2_1/Frameworks/Python.framework/Versions/3.14/lib/python3.14/ssl.py", line 1138, in read
    return self._sslobj.read(len, buffer)
           ~~~~~~~~~~~~~~~~~^^^^^^^^^^^^^
urllib3.exceptions.ProtocolError: ('Connection aborted.', ConnectionResetError(54, 'Connection reset by peer'))

During handling of the above exception, another exception occurred:

Traceback (most recent call last):
  File "/Users/cyrus/Workspace/telegram-bot-bridge/venv/lib/python3.14/site-packages/telebot/__init__.py", line 957, in infinity_polling
    self.polling(non_stop=True, timeout=timeout, long_polling_timeout=long_polling_timeout,
    ~~~~~~~~~~~~^^^^^^^^^^^^^^^^^^^^^^^^^^^^^^^^^^^^^^^^^^^^^^^^^^^^^^^^^^^^^^^^^^^^^^^^^^^
                 logger_level=logger_level, allowed_updates=allowed_updates, restart_on_change=False,
                 ^^^^^^^^^^^^^^^^^^^^^^^^^^^^^^^^^^^^^^^^^^^^^^^^^^^^^^^^^^^^^^^^^^^^^^^^^^^^^^^^^^^^
                 *args, **kwargs)
                 ^^^^^^^^^^^^^^^^
  File "/Users/cyrus/Workspace/telegram-bot-bridge/venv/lib/python3.14/site-packages/telebot/__init__.py", line 1045, in polling
    self.__threaded_polling(non_stop=non_stop, interval=interval, timeout=timeout, long_polling_timeout=long_polling_timeout,
    ~~~~~~~~~~~~~~~~~~~~~~~^^^^^^^^^^^^^^^^^^^^^^^^^^^^^^^^^^^^^^^^^^^^^^^^^^^^^^^^^^^^^^^^^^^^^^^^^^^^^^^^^^^^^^^^^^^^^^^^^^
                            logger_level=logger_level, allowed_updates=allowed_updates)
                            ^^^^^^^^^^^^^^^^^^^^^^^^^^^^^^^^^^^^^^^^^^^^^^^^^^^^^^^^^^^
  File "/Users/cyrus/Workspace/telegram-bot-bridge/venv/lib/python3.14/site-packages/telebot/__init__.py", line 1120, in __threaded_polling
    raise e
  File "/Users/cyrus/Workspace/telegram-bot-bridge/venv/lib/python3.14/site-packages/telebot/__init__.py", line 1081, in __threaded_polling
    polling_thread.raise_exceptions()
    ~~~~~~~~~~~~~~~~~~~~~~~~~~~~~~~^^
  File "/Users/cyrus/Workspace/telegram-bot-bridge/venv/lib/python3.14/site-packages/telebot/util.py", line 108, in raise_exceptions
    raise self.exception_info
  File "/Users/cyrus/Workspace/telegram-bot-bridge/venv/lib/python3.14/site-packages/telebot/util.py", line 90, in run
    task(*args, **kwargs)
    ~~~~^^^^^^^^^^^^^^^^^
  File "/Users/cyrus/Workspace/telegram-bot-bridge/venv/lib/python3.14/site-packages/telebot/__init__.py", line 651, in __retrieve_updates
    updates = self.get_updates(offset=(self.last_update_id + 1),
                               allowed_updates=allowed_updates,
                               timeout=timeout, long_polling_timeout=long_polling_timeout)
  File "/Users/cyrus/Workspace/telegram-bot-bridge/venv/lib/python3.14/site-packages/telebot/__init__.py", line 625, in get_updates
    json_updates = apihelper.get_updates(self.token, offset, limit, timeout, allowed_updates, long_polling_timeout)
  File "/Users/cyrus/Workspace/telegram-bot-bridge/venv/lib/python3.14/site-packages/telebot/apihelper.py", line 323, in get_updates
    return _make_request(token, method_url, params=payload)
  File "/Users/cyrus/Workspace/telegram-bot-bridge/venv/lib/python3.14/site-packages/telebot/apihelper.py", line 158, in _make_request
    result = _get_req_session().request(
        method, request_url, params=params, files=files,
        timeout=(connect_timeout, read_timeout), proxies=proxy)
  File "/Users/cyrus/Workspace/telegram-bot-bridge/venv/lib/python3.14/site-packages/requests/sessions.py", line 589, in request
    resp = self.send(prep, **send_kwargs)
  File "/Users/cyrus/Workspace/telegram-bot-bridge/venv/lib/python3.14/site-packages/requests/sessions.py", line 703, in send
    r = adapter.send(request, **kwargs)
  File "/Users/cyrus/Workspace/telegram-bot-bridge/venv/lib/python3.14/site-packages/requests/adapters.py", line 659, in send
    raise ConnectionError(err, request=request)
requests.exceptions.ConnectionError: ('Connection aborted.', ConnectionResetError(54, 'Connection reset by peer'))
"
2026-05-11 22:10:35,810 (__init__.py:962 MainThread) ERROR - TeleBot: "Infinity polling exception: ('Connection aborted.', ConnectionResetError(54, 'Connection reset by peer'))"
2026-05-11 22:10:35,817 (__init__.py:964 MainThread) ERROR - TeleBot: "Exception traceback:
Traceback (most recent call last):
  File "/Users/cyrus/Workspace/telegram-bot-bridge/venv/lib/python3.14/site-packages/urllib3/connectionpool.py", line 787, in urlopen
    response = self._make_request(
        conn,
    ...<10 lines>...
        **response_kw,
    )
  File "/Users/cyrus/Workspace/telegram-bot-bridge/venv/lib/python3.14/site-packages/urllib3/connectionpool.py", line 534, in _make_request
    response = conn.getresponse()
  File "/Users/cyrus/Workspace/telegram-bot-bridge/venv/lib/python3.14/site-packages/urllib3/connection.py", line 571, in getresponse
    httplib_response = super().getresponse()
  File "/opt/homebrew/Cellar/python@3.14/3.14.2_1/Frameworks/Python.framework/Versions/3.14/lib/python3.14/http/client.py", line 1450, in getresponse
    response.begin()
    ~~~~~~~~~~~~~~^^
  File "/opt/homebrew/Cellar/python@3.14/3.14.2_1/Frameworks/Python.framework/Versions/3.14/lib/python3.14/http/client.py", line 336, in begin
    version, status, reason = self._read_status()
                              ~~~~~~~~~~~~~~~~~^^
  File "/opt/homebrew/Cellar/python@3.14/3.14.2_1/Frameworks/Python.framework/Versions/3.14/lib/python3.14/http/client.py", line 297, in _read_status
    line = str(self.fp.readline(_MAXLINE + 1), "iso-8859-1")
               ~~~~~~~~~~~~~~~~^^^^^^^^^^^^^^
  File "/opt/homebrew/Cellar/python@3.14/3.14.2_1/Frameworks/Python.framework/Versions/3.14/lib/python3.14/socket.py", line 725, in readinto
    return self._sock.recv_into(b)
           ~~~~~~~~~~~~~~~~~~~~^^^
  File "/opt/homebrew/Cellar/python@3.14/3.14.2_1/Frameworks/Python.framework/Versions/3.14/lib/python3.14/ssl.py", line 1304, in recv_into
    return self.read(nbytes, buffer)
           ~~~~~~~~~^^^^^^^^^^^^^^^^
  File "/opt/homebrew/Cellar/python@3.14/3.14.2_1/Frameworks/Python.framework/Versions/3.14/lib/python3.14/ssl.py", line 1138, in read
    return self._sslobj.read(len, buffer)
           ~~~~~~~~~~~~~~~~~^^^^^^^^^^^^^
ConnectionResetError: [Errno 54] Connection reset by peer

During handling of the above exception, another exception occurred:

Traceback (most recent call last):
  File "/Users/cyrus/Workspace/telegram-bot-bridge/venv/lib/python3.14/site-packages/requests/adapters.py", line 644, in send
    resp = conn.urlopen(
        method=request.method,
    ...<9 lines>...
        chunked=chunked,
    )
  File "/Users/cyrus/Workspace/telegram-bot-bridge/venv/lib/python3.14/site-packages/urllib3/connectionpool.py", line 841, in urlopen
    retries = retries.increment(
        method, url, error=new_e, _pool=self, _stacktrace=sys.exc_info()[2]
    )
  File "/Users/cyrus/Workspace/telegram-bot-bridge/venv/lib/python3.14/site-packages/urllib3/util/retry.py", line 490, in increment
    raise reraise(type(error), error, _stacktrace)
          ~~~~~~~^^^^^^^^^^^^^^^^^^^^^^^^^^^^^^^^^
  File "/Users/cyrus/Workspace/telegram-bot-bridge/venv/lib/python3.14/site-packages/urllib3/util/util.py", line 38, in reraise
    raise value.with_traceback(tb)
  File "/Users/cyrus/Workspace/telegram-bot-bridge/venv/lib/python3.14/site-packages/urllib3/connectionpool.py", line 787, in urlopen
    response = self._make_request(
        conn,
    ...<10 lines>...
        **response_kw,
    )
  File "/Users/cyrus/Workspace/telegram-bot-bridge/venv/lib/python3.14/site-packages/urllib3/connectionpool.py", line 534, in _make_request
    response = conn.getresponse()
  File "/Users/cyrus/Workspace/telegram-bot-bridge/venv/lib/python3.14/site-packages/urllib3/connection.py", line 571, in getresponse
    httplib_response = super().getresponse()
  File "/opt/homebrew/Cellar/python@3.14/3.14.2_1/Frameworks/Python.framework/Versions/3.14/lib/python3.14/http/client.py", line 1450, in getresponse
    response.begin()
    ~~~~~~~~~~~~~~^^
  File "/opt/homebrew/Cellar/python@3.14/3.14.2_1/Frameworks/Python.framework/Versions/3.14/lib/python3.14/http/client.py", line 336, in begin
    version, status, reason = self._read_status()
                              ~~~~~~~~~~~~~~~~~^^
  File "/opt/homebrew/Cellar/python@3.14/3.14.2_1/Frameworks/Python.framework/Versions/3.14/lib/python3.14/http/client.py", line 297, in _read_status
    line = str(self.fp.readline(_MAXLINE + 1), "iso-8859-1")
               ~~~~~~~~~~~~~~~~^^^^^^^^^^^^^^
  File "/opt/homebrew/Cellar/python@3.14/3.14.2_1/Frameworks/Python.framework/Versions/3.14/lib/python3.14/socket.py", line 725, in readinto
    return self._sock.recv_into(b)
           ~~~~~~~~~~~~~~~~~~~~^^^
  File "/opt/homebrew/Cellar/python@3.14/3.14.2_1/Frameworks/Python.framework/Versions/3.14/lib/python3.14/ssl.py", line 1304, in recv_into
    return self.read(nbytes, buffer)
           ~~~~~~~~~^^^^^^^^^^^^^^^^
  File "/opt/homebrew/Cellar/python@3.14/3.14.2_1/Frameworks/Python.framework/Versions/3.14/lib/python3.14/ssl.py", line 1138, in read
    return self._sslobj.read(len, buffer)
           ~~~~~~~~~~~~~~~~~^^^^^^^^^^^^^
urllib3.exceptions.ProtocolError: ('Connection aborted.', ConnectionResetError(54, 'Connection reset by peer'))

During handling of the above exception, another exception occurred:

Traceback (most recent call last):
  File "/Users/cyrus/Workspace/telegram-bot-bridge/venv/lib/python3.14/site-packages/telebot/__init__.py", line 957, in infinity_polling
    self.polling(non_stop=True, timeout=timeout, long_polling_timeout=long_polling_timeout,
    ~~~~~~~~~~~~^^^^^^^^^^^^^^^^^^^^^^^^^^^^^^^^^^^^^^^^^^^^^^^^^^^^^^^^^^^^^^^^^^^^^^^^^^^
                 logger_level=logger_level, allowed_updates=allowed_updates, restart_on_change=False,
                 ^^^^^^^^^^^^^^^^^^^^^^^^^^^^^^^^^^^^^^^^^^^^^^^^^^^^^^^^^^^^^^^^^^^^^^^^^^^^^^^^^^^^
                 *args, **kwargs)
                 ^^^^^^^^^^^^^^^^
  File "/Users/cyrus/Workspace/telegram-bot-bridge/venv/lib/python3.14/site-packages/telebot/__init__.py", line 1045, in polling
    self.__threaded_polling(non_stop=non_stop, interval=interval, timeout=timeout, long_polling_timeout=long_polling_timeout,
    ~~~~~~~~~~~~~~~~~~~~~~~^^^^^^^^^^^^^^^^^^^^^^^^^^^^^^^^^^^^^^^^^^^^^^^^^^^^^^^^^^^^^^^^^^^^^^^^^^^^^^^^^^^^^^^^^^^^^^^^^^
                            logger_level=logger_level, allowed_updates=allowed_updates)
                            ^^^^^^^^^^^^^^^^^^^^^^^^^^^^^^^^^^^^^^^^^^^^^^^^^^^^^^^^^^^
  File "/Users/cyrus/Workspace/telegram-bot-bridge/venv/lib/python3.14/site-packages/telebot/__init__.py", line 1120, in __threaded_polling
    raise e
  File "/Users/cyrus/Workspace/telegram-bot-bridge/venv/lib/python3.14/site-packages/telebot/__init__.py", line 1081, in __threaded_polling
    polling_thread.raise_exceptions()
    ~~~~~~~~~~~~~~~~~~~~~~~~~~~~~~~^^
  File "/Users/cyrus/Workspace/telegram-bot-bridge/venv/lib/python3.14/site-packages/telebot/util.py", line 108, in raise_exceptions
    raise self.exception_info
  File "/Users/cyrus/Workspace/telegram-bot-bridge/venv/lib/python3.14/site-packages/telebot/util.py", line 90, in run
    task(*args, **kwargs)
    ~~~~^^^^^^^^^^^^^^^^^
  File "/Users/cyrus/Workspace/telegram-bot-bridge/venv/lib/python3.14/site-packages/telebot/__init__.py", line 651, in __retrieve_updates
    updates = self.get_updates(offset=(self.last_update_id + 1),
                               allowed_updates=allowed_updates,
                               timeout=timeout, long_polling_timeout=long_polling_timeout)
  File "/Users/cyrus/Workspace/telegram-bot-bridge/venv/lib/python3.14/site-packages/telebot/__init__.py", line 625, in get_updates
    json_updates = apihelper.get_updates(self.token, offset, limit, timeout, allowed_updates, long_polling_timeout)
  File "/Users/cyrus/Workspace/telegram-bot-bridge/venv/lib/python3.14/site-packages/telebot/apihelper.py", line 323, in get_updates
    return _make_request(token, method_url, params=payload)
  File "/Users/cyrus/Workspace/telegram-bot-bridge/venv/lib/python3.14/site-packages/telebot/apihelper.py", line 158, in _make_request
    result = _get_req_session().request(
        method, request_url, params=params, files=files,
        timeout=(connect_timeout, read_timeout), proxies=proxy)
  File "/Users/cyrus/Workspace/telegram-bot-bridge/venv/lib/python3.14/site-packages/requests/sessions.py", line 589, in request
    resp = self.send(prep, **send_kwargs)
  File "/Users/cyrus/Workspace/telegram-bot-bridge/venv/lib/python3.14/site-packages/requests/sessions.py", line 703, in send
    r = adapter.send(request, **kwargs)
  File "/Users/cyrus/Workspace/telegram-bot-bridge/venv/lib/python3.14/site-packages/requests/adapters.py", line 659, in send
    raise ConnectionError(err, request=request)
requests.exceptions.ConnectionError: ('Connection aborted.', ConnectionResetError(54, 'Connection reset by peer'))
"
2026-05-12 10:03:47,019 (__init__.py:962 MainThread) ERROR - TeleBot: "Infinity polling exception: ('Connection aborted.', ConnectionResetError(54, 'Connection reset by peer'))"
2026-05-12 10:03:47,026 (__init__.py:964 MainThread) ERROR - TeleBot: "Exception traceback:
Traceback (most recent call last):
  File "/Users/cyrus/Workspace/telegram-bot-bridge/venv/lib/python3.14/site-packages/urllib3/connectionpool.py", line 787, in urlopen
    response = self._make_request(
        conn,
    ...<10 lines>...
        **response_kw,
    )
  File "/Users/cyrus/Workspace/telegram-bot-bridge/venv/lib/python3.14/site-packages/urllib3/connectionpool.py", line 534, in _make_request
    response = conn.getresponse()
  File "/Users/cyrus/Workspace/telegram-bot-bridge/venv/lib/python3.14/site-packages/urllib3/connection.py", line 571, in getresponse
    httplib_response = super().getresponse()
  File "/opt/homebrew/Cellar/python@3.14/3.14.2_1/Frameworks/Python.framework/Versions/3.14/lib/python3.14/http/client.py", line 1450, in getresponse
    response.begin()
    ~~~~~~~~~~~~~~^^
  File "/opt/homebrew/Cellar/python@3.14/3.14.2_1/Frameworks/Python.framework/Versions/3.14/lib/python3.14/http/client.py", line 336, in begin
    version, status, reason = self._read_status()
                              ~~~~~~~~~~~~~~~~~^^
  File "/opt/homebrew/Cellar/python@3.14/3.14.2_1/Frameworks/Python.framework/Versions/3.14/lib/python3.14/http/client.py", line 297, in _read_status
    line = str(self.fp.readline(_MAXLINE + 1), "iso-8859-1")
               ~~~~~~~~~~~~~~~~^^^^^^^^^^^^^^
  File "/opt/homebrew/Cellar/python@3.14/3.14.2_1/Frameworks/Python.framework/Versions/3.14/lib/python3.14/socket.py", line 725, in readinto
    return self._sock.recv_into(b)
           ~~~~~~~~~~~~~~~~~~~~^^^
  File "/opt/homebrew/Cellar/python@3.14/3.14.2_1/Frameworks/Python.framework/Versions/3.14/lib/python3.14/ssl.py", line 1304, in recv_into
    return self.read(nbytes, buffer)
           ~~~~~~~~~^^^^^^^^^^^^^^^^
  File "/opt/homebrew/Cellar/python@3.14/3.14.2_1/Frameworks/Python.framework/Versions/3.14/lib/python3.14/ssl.py", line 1138, in read
    return self._sslobj.read(len, buffer)
           ~~~~~~~~~~~~~~~~~^^^^^^^^^^^^^
ConnectionResetError: [Errno 54] Connection reset by peer

During handling of the above exception, another exception occurred:

Traceback (most recent call last):
  File "/Users/cyrus/Workspace/telegram-bot-bridge/venv/lib/python3.14/site-packages/requests/adapters.py", line 644, in send
    resp = conn.urlopen(
        method=request.method,
    ...<9 lines>...
        chunked=chunked,
    )
  File "/Users/cyrus/Workspace/telegram-bot-bridge/venv/lib/python3.14/site-packages/urllib3/connectionpool.py", line 841, in urlopen
    retries = retries.increment(
        method, url, error=new_e, _pool=self, _stacktrace=sys.exc_info()[2]
    )
  File "/Users/cyrus/Workspace/telegram-bot-bridge/venv/lib/python3.14/site-packages/urllib3/util/retry.py", line 490, in increment
    raise reraise(type(error), error, _stacktrace)
          ~~~~~~~^^^^^^^^^^^^^^^^^^^^^^^^^^^^^^^^^
  File "/Users/cyrus/Workspace/telegram-bot-bridge/venv/lib/python3.14/site-packages/urllib3/util/util.py", line 38, in reraise
    raise value.with_traceback(tb)
  File "/Users/cyrus/Workspace/telegram-bot-bridge/venv/lib/python3.14/site-packages/urllib3/connectionpool.py", line 787, in urlopen
    response = self._make_request(
        conn,
    ...<10 lines>...
        **response_kw,
    )
  File "/Users/cyrus/Workspace/telegram-bot-bridge/venv/lib/python3.14/site-packages/urllib3/connectionpool.py", line 534, in _make_request
    response = conn.getresponse()
  File "/Users/cyrus/Workspace/telegram-bot-bridge/venv/lib/python3.14/site-packages/urllib3/connection.py", line 571, in getresponse
    httplib_response = super().getresponse()
  File "/opt/homebrew/Cellar/python@3.14/3.14.2_1/Frameworks/Python.framework/Versions/3.14/lib/python3.14/http/client.py", line 1450, in getresponse
    response.begin()
    ~~~~~~~~~~~~~~^^
  File "/opt/homebrew/Cellar/python@3.14/3.14.2_1/Frameworks/Python.framework/Versions/3.14/lib/python3.14/http/client.py", line 336, in begin
    version, status, reason = self._read_status()
                              ~~~~~~~~~~~~~~~~~^^
  File "/opt/homebrew/Cellar/python@3.14/3.14.2_1/Frameworks/Python.framework/Versions/3.14/lib/python3.14/http/client.py", line 297, in _read_status
    line = str(self.fp.readline(_MAXLINE + 1), "iso-8859-1")
               ~~~~~~~~~~~~~~~~^^^^^^^^^^^^^^
  File "/opt/homebrew/Cellar/python@3.14/3.14.2_1/Frameworks/Python.framework/Versions/3.14/lib/python3.14/socket.py", line 725, in readinto
    return self._sock.recv_into(b)
           ~~~~~~~~~~~~~~~~~~~~^^^
  File "/opt/homebrew/Cellar/python@3.14/3.14.2_1/Frameworks/Python.framework/Versions/3.14/lib/python3.14/ssl.py", line 1304, in recv_into
    return self.read(nbytes, buffer)
           ~~~~~~~~~^^^^^^^^^^^^^^^^
  File "/opt/homebrew/Cellar/python@3.14/3.14.2_1/Frameworks/Python.framework/Versions/3.14/lib/python3.14/ssl.py", line 1138, in read
    return self._sslobj.read(len, buffer)
           ~~~~~~~~~~~~~~~~~^^^^^^^^^^^^^
urllib3.exceptions.ProtocolError: ('Connection aborted.', ConnectionResetError(54, 'Connection reset by peer'))

During handling of the above exception, another exception occurred:

Traceback (most recent call last):
  File "/Users/cyrus/Workspace/telegram-bot-bridge/venv/lib/python3.14/site-packages/telebot/__init__.py", line 957, in infinity_polling
    self.polling(non_stop=True, timeout=timeout, long_polling_timeout=long_polling_timeout,
    ~~~~~~~~~~~~^^^^^^^^^^^^^^^^^^^^^^^^^^^^^^^^^^^^^^^^^^^^^^^^^^^^^^^^^^^^^^^^^^^^^^^^^^^
                 logger_level=logger_level, allowed_updates=allowed_updates, restart_on_change=False,
                 ^^^^^^^^^^^^^^^^^^^^^^^^^^^^^^^^^^^^^^^^^^^^^^^^^^^^^^^^^^^^^^^^^^^^^^^^^^^^^^^^^^^^
                 *args, **kwargs)
                 ^^^^^^^^^^^^^^^^
  File "/Users/cyrus/Workspace/telegram-bot-bridge/venv/lib/python3.14/site-packages/telebot/__init__.py", line 1045, in polling
    self.__threaded_polling(non_stop=non_stop, interval=interval, timeout=timeout, long_polling_timeout=long_polling_timeout,
    ~~~~~~~~~~~~~~~~~~~~~~~^^^^^^^^^^^^^^^^^^^^^^^^^^^^^^^^^^^^^^^^^^^^^^^^^^^^^^^^^^^^^^^^^^^^^^^^^^^^^^^^^^^^^^^^^^^^^^^^^^
                            logger_level=logger_level, allowed_updates=allowed_updates)
                            ^^^^^^^^^^^^^^^^^^^^^^^^^^^^^^^^^^^^^^^^^^^^^^^^^^^^^^^^^^^
  File "/Users/cyrus/Workspace/telegram-bot-bridge/venv/lib/python3.14/site-packages/telebot/__init__.py", line 1120, in __threaded_polling
    raise e
  File "/Users/cyrus/Workspace/telegram-bot-bridge/venv/lib/python3.14/site-packages/telebot/__init__.py", line 1081, in __threaded_polling
    polling_thread.raise_exceptions()
    ~~~~~~~~~~~~~~~~~~~~~~~~~~~~~~~^^
  File "/Users/cyrus/Workspace/telegram-bot-bridge/venv/lib/python3.14/site-packages/telebot/util.py", line 108, in raise_exceptions
    raise self.exception_info
  File "/Users/cyrus/Workspace/telegram-bot-bridge/venv/lib/python3.14/site-packages/telebot/util.py", line 90, in run
    task(*args, **kwargs)
    ~~~~^^^^^^^^^^^^^^^^^
  File "/Users/cyrus/Workspace/telegram-bot-bridge/venv/lib/python3.14/site-packages/telebot/__init__.py", line 651, in __retrieve_updates
    updates = self.get_updates(offset=(self.last_update_id + 1),
                               allowed_updates=allowed_updates,
                               timeout=timeout, long_polling_timeout=long_polling_timeout)
  File "/Users/cyrus/Workspace/telegram-bot-bridge/venv/lib/python3.14/site-packages/telebot/__init__.py", line 625, in get_updates
    json_updates = apihelper.get_updates(self.token, offset, limit, timeout, allowed_updates, long_polling_timeout)
  File "/Users/cyrus/Workspace/telegram-bot-bridge/venv/lib/python3.14/site-packages/telebot/apihelper.py", line 323, in get_updates
    return _make_request(token, method_url, params=payload)
  File "/Users/cyrus/Workspace/telegram-bot-bridge/venv/lib/python3.14/site-packages/telebot/apihelper.py", line 158, in _make_request
    result = _get_req_session().request(
        method, request_url, params=params, files=files,
        timeout=(connect_timeout, read_timeout), proxies=proxy)
  File "/Users/cyrus/Workspace/telegram-bot-bridge/venv/lib/python3.14/site-packages/requests/sessions.py", line 589, in request
    resp = self.send(prep, **send_kwargs)
  File "/Users/cyrus/Workspace/telegram-bot-bridge/venv/lib/python3.14/site-packages/requests/sessions.py", line 703, in send
    r = adapter.send(request, **kwargs)
  File "/Users/cyrus/Workspace/telegram-bot-bridge/venv/lib/python3.14/site-packages/requests/adapters.py", line 659, in send
    raise ConnectionError(err, request=request)
requests.exceptions.ConnectionError: ('Connection aborted.', ConnectionResetError(54, 'Connection reset by peer'))
"
2026-05-12 20:03:34,521 (__init__.py:962 MainThread) ERROR - TeleBot: "Infinity polling exception: ('Connection aborted.', ConnectionResetError(54, 'Connection reset by peer'))"
2026-05-12 20:03:34,526 (__init__.py:964 MainThread) ERROR - TeleBot: "Exception traceback:
Traceback (most recent call last):
  File "/Users/cyrus/Workspace/telegram-bot-bridge/venv/lib/python3.14/site-packages/urllib3/connectionpool.py", line 787, in urlopen
    response = self._make_request(
        conn,
    ...<10 lines>...
        **response_kw,
    )
  File "/Users/cyrus/Workspace/telegram-bot-bridge/venv/lib/python3.14/site-packages/urllib3/connectionpool.py", line 534, in _make_request
    response = conn.getresponse()
  File "/Users/cyrus/Workspace/telegram-bot-bridge/venv/lib/python3.14/site-packages/urllib3/connection.py", line 571, in getresponse
    httplib_response = super().getresponse()
  File "/opt/homebrew/Cellar/python@3.14/3.14.2_1/Frameworks/Python.framework/Versions/3.14/lib/python3.14/http/client.py", line 1450, in getresponse
    response.begin()
    ~~~~~~~~~~~~~~^^
  File "/opt/homebrew/Cellar/python@3.14/3.14.2_1/Frameworks/Python.framework/Versions/3.14/lib/python3.14/http/client.py", line 336, in begin
    version, status, reason = self._read_status()
                              ~~~~~~~~~~~~~~~~~^^
  File "/opt/homebrew/Cellar/python@3.14/3.14.2_1/Frameworks/Python.framework/Versions/3.14/lib/python3.14/http/client.py", line 297, in _read_status
    line = str(self.fp.readline(_MAXLINE + 1), "iso-8859-1")
               ~~~~~~~~~~~~~~~~^^^^^^^^^^^^^^
  File "/opt/homebrew/Cellar/python@3.14/3.14.2_1/Frameworks/Python.framework/Versions/3.14/lib/python3.14/socket.py", line 725, in readinto
    return self._sock.recv_into(b)
           ~~~~~~~~~~~~~~~~~~~~^^^
  File "/opt/homebrew/Cellar/python@3.14/3.14.2_1/Frameworks/Python.framework/Versions/3.14/lib/python3.14/ssl.py", line 1304, in recv_into
    return self.read(nbytes, buffer)
           ~~~~~~~~~^^^^^^^^^^^^^^^^
  File "/opt/homebrew/Cellar/python@3.14/3.14.2_1/Frameworks/Python.framework/Versions/3.14/lib/python3.14/ssl.py", line 1138, in read
    return self._sslobj.read(len, buffer)
           ~~~~~~~~~~~~~~~~~^^^^^^^^^^^^^
ConnectionResetError: [Errno 54] Connection reset by peer

During handling of the above exception, another exception occurred:

Traceback (most recent call last):
  File "/Users/cyrus/Workspace/telegram-bot-bridge/venv/lib/python3.14/site-packages/requests/adapters.py", line 644, in send
    resp = conn.urlopen(
        method=request.method,
    ...<9 lines>...
        chunked=chunked,
    )
  File "/Users/cyrus/Workspace/telegram-bot-bridge/venv/lib/python3.14/site-packages/urllib3/connectionpool.py", line 841, in urlopen
    retries = retries.increment(
        method, url, error=new_e, _pool=self, _stacktrace=sys.exc_info()[2]
    )
  File "/Users/cyrus/Workspace/telegram-bot-bridge/venv/lib/python3.14/site-packages/urllib3/util/retry.py", line 490, in increment
    raise reraise(type(error), error, _stacktrace)
          ~~~~~~~^^^^^^^^^^^^^^^^^^^^^^^^^^^^^^^^^
  File "/Users/cyrus/Workspace/telegram-bot-bridge/venv/lib/python3.14/site-packages/urllib3/util/util.py", line 38, in reraise
    raise value.with_traceback(tb)
  File "/Users/cyrus/Workspace/telegram-bot-bridge/venv/lib/python3.14/site-packages/urllib3/connectionpool.py", line 787, in urlopen
    response = self._make_request(
        conn,
    ...<10 lines>...
        **response_kw,
    )
  File "/Users/cyrus/Workspace/telegram-bot-bridge/venv/lib/python3.14/site-packages/urllib3/connectionpool.py", line 534, in _make_request
    response = conn.getresponse()
  File "/Users/cyrus/Workspace/telegram-bot-bridge/venv/lib/python3.14/site-packages/urllib3/connection.py", line 571, in getresponse
    httplib_response = super().getresponse()
  File "/opt/homebrew/Cellar/python@3.14/3.14.2_1/Frameworks/Python.framework/Versions/3.14/lib/python3.14/http/client.py", line 1450, in getresponse
    response.begin()
    ~~~~~~~~~~~~~~^^
  File "/opt/homebrew/Cellar/python@3.14/3.14.2_1/Frameworks/Python.framework/Versions/3.14/lib/python3.14/http/client.py", line 336, in begin
    version, status, reason = self._read_status()
                              ~~~~~~~~~~~~~~~~~^^
  File "/opt/homebrew/Cellar/python@3.14/3.14.2_1/Frameworks/Python.framework/Versions/3.14/lib/python3.14/http/client.py", line 297, in _read_status
    line = str(self.fp.readline(_MAXLINE + 1), "iso-8859-1")
               ~~~~~~~~~~~~~~~~^^^^^^^^^^^^^^
  File "/opt/homebrew/Cellar/python@3.14/3.14.2_1/Frameworks/Python.framework/Versions/3.14/lib/python3.14/socket.py", line 725, in readinto
    return self._sock.recv_into(b)
           ~~~~~~~~~~~~~~~~~~~~^^^
  File "/opt/homebrew/Cellar/python@3.14/3.14.2_1/Frameworks/Python.framework/Versions/3.14/lib/python3.14/ssl.py", line 1304, in recv_into
    return self.read(nbytes, buffer)
           ~~~~~~~~~^^^^^^^^^^^^^^^^
  File "/opt/homebrew/Cellar/python@3.14/3.14.2_1/Frameworks/Python.framework/Versions/3.14/lib/python3.14/ssl.py", line 1138, in read
    return self._sslobj.read(len, buffer)
           ~~~~~~~~~~~~~~~~~^^^^^^^^^^^^^
urllib3.exceptions.ProtocolError: ('Connection aborted.', ConnectionResetError(54, 'Connection reset by peer'))

During handling of the above exception, another exception occurred:

Traceback (most recent call last):
  File "/Users/cyrus/Workspace/telegram-bot-bridge/venv/lib/python3.14/site-packages/telebot/__init__.py", line 957, in infinity_polling
    self.polling(non_stop=True, timeout=timeout, long_polling_timeout=long_polling_timeout,
    ~~~~~~~~~~~~^^^^^^^^^^^^^^^^^^^^^^^^^^^^^^^^^^^^^^^^^^^^^^^^^^^^^^^^^^^^^^^^^^^^^^^^^^^
                 logger_level=logger_level, allowed_updates=allowed_updates, restart_on_change=False,
                 ^^^^^^^^^^^^^^^^^^^^^^^^^^^^^^^^^^^^^^^^^^^^^^^^^^^^^^^^^^^^^^^^^^^^^^^^^^^^^^^^^^^^
                 *args, **kwargs)
                 ^^^^^^^^^^^^^^^^
  File "/Users/cyrus/Workspace/telegram-bot-bridge/venv/lib/python3.14/site-packages/telebot/__init__.py", line 1045, in polling
    self.__threaded_polling(non_stop=non_stop, interval=interval, timeout=timeout, long_polling_timeout=long_polling_timeout,
    ~~~~~~~~~~~~~~~~~~~~~~~^^^^^^^^^^^^^^^^^^^^^^^^^^^^^^^^^^^^^^^^^^^^^^^^^^^^^^^^^^^^^^^^^^^^^^^^^^^^^^^^^^^^^^^^^^^^^^^^^^
                            logger_level=logger_level, allowed_updates=allowed_updates)
                            ^^^^^^^^^^^^^^^^^^^^^^^^^^^^^^^^^^^^^^^^^^^^^^^^^^^^^^^^^^^
  File "/Users/cyrus/Workspace/telegram-bot-bridge/venv/lib/python3.14/site-packages/telebot/__init__.py", line 1120, in __threaded_polling
    raise e
  File "/Users/cyrus/Workspace/telegram-bot-bridge/venv/lib/python3.14/site-packages/telebot/__init__.py", line 1081, in __threaded_polling
    polling_thread.raise_exceptions()
    ~~~~~~~~~~~~~~~~~~~~~~~~~~~~~~~^^
  File "/Users/cyrus/Workspace/telegram-bot-bridge/venv/lib/python3.14/site-packages/telebot/util.py", line 108, in raise_exceptions
    raise self.exception_info
  File "/Users/cyrus/Workspace/telegram-bot-bridge/venv/lib/python3.14/site-packages/telebot/util.py", line 90, in run
    task(*args, **kwargs)
    ~~~~^^^^^^^^^^^^^^^^^
  File "/Users/cyrus/Workspace/telegram-bot-bridge/venv/lib/python3.14/site-packages/telebot/__init__.py", line 651, in __retrieve_updates
    updates = self.get_updates(offset=(self.last_update_id + 1),
                               allowed_updates=allowed_updates,
                               timeout=timeout, long_polling_timeout=long_polling_timeout)
  File "/Users/cyrus/Workspace/telegram-bot-bridge/venv/lib/python3.14/site-packages/telebot/__init__.py", line 625, in get_updates
    json_updates = apihelper.get_updates(self.token, offset, limit, timeout, allowed_updates, long_polling_timeout)
  File "/Users/cyrus/Workspace/telegram-bot-bridge/venv/lib/python3.14/site-packages/telebot/apihelper.py", line 323, in get_updates
    return _make_request(token, method_url, params=payload)
  File "/Users/cyrus/Workspace/telegram-bot-bridge/venv/lib/python3.14/site-packages/telebot/apihelper.py", line 158, in _make_request
    result = _get_req_session().request(
        method, request_url, params=params, files=files,
        timeout=(connect_timeout, read_timeout), proxies=proxy)
  File "/Users/cyrus/Workspace/telegram-bot-bridge/venv/lib/python3.14/site-packages/requests/sessions.py", line 589, in request
    resp = self.send(prep, **send_kwargs)
  File "/Users/cyrus/Workspace/telegram-bot-bridge/venv/lib/python3.14/site-packages/requests/sessions.py", line 703, in send
    r = adapter.send(request, **kwargs)
  File "/Users/cyrus/Workspace/telegram-bot-bridge/venv/lib/python3.14/site-packages/requests/adapters.py", line 659, in send
    raise ConnectionError(err, request=request)
requests.exceptions.ConnectionError: ('Connection aborted.', ConnectionResetError(54, 'Connection reset by peer'))
"
2026-05-12 23:17:52,801 (__init__.py:1088 MainThread) ERROR - TeleBot: "Threaded polling exception: A request to the Telegram API was unsuccessful. Error code: 409. Description: Conflict: terminated by other getUpdates request; make sure that only one bot instance is running"
2026-05-12 23:17:52,805 (__init__.py:1090 MainThread) ERROR - TeleBot: "Exception traceback:
Traceback (most recent call last):
  File "/Users/cyrus/Workspace/telegram-bot-bridge/venv/lib/python3.14/site-packages/telebot/__init__.py", line 1081, in __threaded_polling
    polling_thread.raise_exceptions()
    ~~~~~~~~~~~~~~~~~~~~~~~~~~~~~~~^^
  File "/Users/cyrus/Workspace/telegram-bot-bridge/venv/lib/python3.14/site-packages/telebot/util.py", line 108, in raise_exceptions
    raise self.exception_info
  File "/Users/cyrus/Workspace/telegram-bot-bridge/venv/lib/python3.14/site-packages/telebot/util.py", line 90, in run
    task(*args, **kwargs)
    ~~~~^^^^^^^^^^^^^^^^^
  File "/Users/cyrus/Workspace/telegram-bot-bridge/venv/lib/python3.14/site-packages/telebot/__init__.py", line 651, in __retrieve_updates
    updates = self.get_updates(offset=(self.last_update_id + 1),
                               allowed_updates=allowed_updates,
                               timeout=timeout, long_polling_timeout=long_polling_timeout)
  File "/Users/cyrus/Workspace/telegram-bot-bridge/venv/lib/python3.14/site-packages/telebot/__init__.py", line 625, in get_updates
    json_updates = apihelper.get_updates(self.token, offset, limit, timeout, allowed_updates, long_polling_timeout)
  File "/Users/cyrus/Workspace/telegram-bot-bridge/venv/lib/python3.14/site-packages/telebot/apihelper.py", line 323, in get_updates
    return _make_request(token, method_url, params=payload)
  File "/Users/cyrus/Workspace/telegram-bot-bridge/venv/lib/python3.14/site-packages/telebot/apihelper.py", line 164, in _make_request
    json_result = _check_result(method_name, result)
  File "/Users/cyrus/Workspace/telegram-bot-bridge/venv/lib/python3.14/site-packages/telebot/apihelper.py", line 191, in _check_result
    raise ApiTelegramException(method_name, result, result_json)
telebot.apihelper.ApiTelegramException: A request to the Telegram API was unsuccessful. Error code: 409. Description: Conflict: terminated by other getUpdates request; make sure that only one bot instance is running
"
2026-05-12 23:18:00,237 (__init__.py:1088 MainThread) ERROR - TeleBot: "Threaded polling exception: A request to the Telegram API was unsuccessful. Error code: 409. Description: Conflict: terminated by other getUpdates request; make sure that only one bot instance is running"
2026-05-12 23:18:00,239 (__init__.py:1090 MainThread) ERROR - TeleBot: "Exception traceback:
Traceback (most recent call last):
  File "/Users/cyrus/Workspace/telegram-bot-bridge/venv/lib/python3.14/site-packages/telebot/__init__.py", line 1081, in __threaded_polling
    polling_thread.raise_exceptions()
    ~~~~~~~~~~~~~~~~~~~~~~~~~~~~~~~^^
  File "/Users/cyrus/Workspace/telegram-bot-bridge/venv/lib/python3.14/site-packages/telebot/util.py", line 108, in raise_exceptions
    raise self.exception_info
  File "/Users/cyrus/Workspace/telegram-bot-bridge/venv/lib/python3.14/site-packages/telebot/util.py", line 90, in run
    task(*args, **kwargs)
    ~~~~^^^^^^^^^^^^^^^^^
  File "/Users/cyrus/Workspace/telegram-bot-bridge/venv/lib/python3.14/site-packages/telebot/__init__.py", line 651, in __retrieve_updates
    updates = self.get_updates(offset=(self.last_update_id + 1),
                               allowed_updates=allowed_updates,
                               timeout=timeout, long_polling_timeout=long_polling_timeout)
  File "/Users/cyrus/Workspace/telegram-bot-bridge/venv/lib/python3.14/site-packages/telebot/__init__.py", line 625, in get_updates
    json_updates = apihelper.get_updates(self.token, offset, limit, timeout, allowed_updates, long_polling_timeout)
  File "/Users/cyrus/Workspace/telegram-bot-bridge/venv/lib/python3.14/site-packages/telebot/apihelper.py", line 323, in get_updates
    return _make_request(token, method_url, params=payload)
  File "/Users/cyrus/Workspace/telegram-bot-bridge/venv/lib/python3.14/site-packages/telebot/apihelper.py", line 164, in _make_request
    json_result = _check_result(method_name, result)
  File "/Users/cyrus/Workspace/telegram-bot-bridge/venv/lib/python3.14/site-packages/telebot/apihelper.py", line 191, in _check_result
    raise ApiTelegramException(method_name, result, result_json)
telebot.apihelper.ApiTelegramException: A request to the Telegram API was unsuccessful. Error code: 409. Description: Conflict: terminated by other getUpdates request; make sure that only one bot instance is running
"
2026-05-12 23:18:08,442 (__init__.py:1088 MainThread) ERROR - TeleBot: "Threaded polling exception: A request to the Telegram API was unsuccessful. Error code: 409. Description: Conflict: terminated by other getUpdates request; make sure that only one bot instance is running"
2026-05-12 23:18:08,443 (__init__.py:1090 MainThread) ERROR - TeleBot: "Exception traceback:
Traceback (most recent call last):
  File "/Users/cyrus/Workspace/telegram-bot-bridge/venv/lib/python3.14/site-packages/telebot/__init__.py", line 1081, in __threaded_polling
    polling_thread.raise_exceptions()
    ~~~~~~~~~~~~~~~~~~~~~~~~~~~~~~~^^
  File "/Users/cyrus/Workspace/telegram-bot-bridge/venv/lib/python3.14/site-packages/telebot/util.py", line 108, in raise_exceptions
    raise self.exception_info
  File "/Users/cyrus/Workspace/telegram-bot-bridge/venv/lib/python3.14/site-packages/telebot/util.py", line 90, in run
    task(*args, **kwargs)
    ~~~~^^^^^^^^^^^^^^^^^
  File "/Users/cyrus/Workspace/telegram-bot-bridge/venv/lib/python3.14/site-packages/telebot/__init__.py", line 651, in __retrieve_updates
    updates = self.get_updates(offset=(self.last_update_id + 1),
                               allowed_updates=allowed_updates,
                               timeout=timeout, long_polling_timeout=long_polling_timeout)
  File "/Users/cyrus/Workspace/telegram-bot-bridge/venv/lib/python3.14/site-packages/telebot/__init__.py", line 625, in get_updates
    json_updates = apihelper.get_updates(self.token, offset, limit, timeout, allowed_updates, long_polling_timeout)
  File "/Users/cyrus/Workspace/telegram-bot-bridge/venv/lib/python3.14/site-packages/telebot/apihelper.py", line 323, in get_updates
    return _make_request(token, method_url, params=payload)
  File "/Users/cyrus/Workspace/telegram-bot-bridge/venv/lib/python3.14/site-packages/telebot/apihelper.py", line 164, in _make_request
    json_result = _check_result(method_name, result)
  File "/Users/cyrus/Workspace/telegram-bot-bridge/venv/lib/python3.14/site-packages/telebot/apihelper.py", line 191, in _check_result
    raise ApiTelegramException(method_name, result, result_json)
telebot.apihelper.ApiTelegramException: A request to the Telegram API was unsuccessful. Error code: 409. Description: Conflict: terminated by other getUpdates request; make sure that only one bot instance is running
"
2026-05-12 23:18:18,106 (__init__.py:1088 MainThread) ERROR - TeleBot: "Threaded polling exception: A request to the Telegram API was unsuccessful. Error code: 409. Description: Conflict: terminated by other getUpdates request; make sure that only one bot instance is running"
2026-05-12 23:18:18,108 (__init__.py:1090 MainThread) ERROR - TeleBot: "Exception traceback:
Traceback (most recent call last):
  File "/Users/cyrus/Workspace/telegram-bot-bridge/venv/lib/python3.14/site-packages/telebot/__init__.py", line 1081, in __threaded_polling
    polling_thread.raise_exceptions()
    ~~~~~~~~~~~~~~~~~~~~~~~~~~~~~~~^^
  File "/Users/cyrus/Workspace/telegram-bot-bridge/venv/lib/python3.14/site-packages/telebot/util.py", line 108, in raise_exceptions
    raise self.exception_info
  File "/Users/cyrus/Workspace/telegram-bot-bridge/venv/lib/python3.14/site-packages/telebot/util.py", line 90, in run
    task(*args, **kwargs)
    ~~~~^^^^^^^^^^^^^^^^^
  File "/Users/cyrus/Workspace/telegram-bot-bridge/venv/lib/python3.14/site-packages/telebot/__init__.py", line 651, in __retrieve_updates
    updates = self.get_updates(offset=(self.last_update_id + 1),
                               allowed_updates=allowed_updates,
                               timeout=timeout, long_polling_timeout=long_polling_timeout)
  File "/Users/cyrus/Workspace/telegram-bot-bridge/venv/lib/python3.14/site-packages/telebot/__init__.py", line 625, in get_updates
    json_updates = apihelper.get_updates(self.token, offset, limit, timeout, allowed_updates, long_polling_timeout)
  File "/Users/cyrus/Workspace/telegram-bot-bridge/venv/lib/python3.14/site-packages/telebot/apihelper.py", line 323, in get_updates
    return _make_request(token, method_url, params=payload)
  File "/Users/cyrus/Workspace/telegram-bot-bridge/venv/lib/python3.14/site-packages/telebot/apihelper.py", line 164, in _make_request
    json_result = _check_result(method_name, result)
  File "/Users/cyrus/Workspace/telegram-bot-bridge/venv/lib/python3.14/site-packages/telebot/apihelper.py", line 191, in _check_result
    raise ApiTelegramException(method_name, result, result_json)
telebot.apihelper.ApiTelegramException: A request to the Telegram API was unsuccessful. Error code: 409. Description: Conflict: terminated by other getUpdates request; make sure that only one bot instance is running
"
2026-05-12 23:18:30,779 (__init__.py:1088 MainThread) ERROR - TeleBot: "Threaded polling exception: A request to the Telegram API was unsuccessful. Error code: 409. Description: Conflict: terminated by other getUpdates request; make sure that only one bot instance is running"
2026-05-12 23:18:30,781 (__init__.py:1090 MainThread) ERROR - TeleBot: "Exception traceback:
Traceback (most recent call last):
  File "/Users/cyrus/Workspace/telegram-bot-bridge/venv/lib/python3.14/site-packages/telebot/__init__.py", line 1081, in __threaded_polling
    polling_thread.raise_exceptions()
    ~~~~~~~~~~~~~~~~~~~~~~~~~~~~~~~^^
  File "/Users/cyrus/Workspace/telegram-bot-bridge/venv/lib/python3.14/site-packages/telebot/util.py", line 108, in raise_exceptions
    raise self.exception_info
  File "/Users/cyrus/Workspace/telegram-bot-bridge/venv/lib/python3.14/site-packages/telebot/util.py", line 90, in run
    task(*args, **kwargs)
    ~~~~^^^^^^^^^^^^^^^^^
  File "/Users/cyrus/Workspace/telegram-bot-bridge/venv/lib/python3.14/site-packages/telebot/__init__.py", line 651, in __retrieve_updates
    updates = self.get_updates(offset=(self.last_update_id + 1),
                               allowed_updates=allowed_updates,
                               timeout=timeout, long_polling_timeout=long_polling_timeout)
  File "/Users/cyrus/Workspace/telegram-bot-bridge/venv/lib/python3.14/site-packages/telebot/__init__.py", line 625, in get_updates
    json_updates = apihelper.get_updates(self.token, offset, limit, timeout, allowed_updates, long_polling_timeout)
  File "/Users/cyrus/Workspace/telegram-bot-bridge/venv/lib/python3.14/site-packages/telebot/apihelper.py", line 323, in get_updates
    return _make_request(token, method_url, params=payload)
  File "/Users/cyrus/Workspace/telegram-bot-bridge/venv/lib/python3.14/site-packages/telebot/apihelper.py", line 164, in _make_request
    json_result = _check_result(method_name, result)
  File "/Users/cyrus/Workspace/telegram-bot-bridge/venv/lib/python3.14/site-packages/telebot/apihelper.py", line 191, in _check_result
    raise ApiTelegramException(method_name, result, result_json)
telebot.apihelper.ApiTelegramException: A request to the Telegram API was unsuccessful. Error code: 409. Description: Conflict: terminated by other getUpdates request; make sure that only one bot instance is running
"
2026-05-12 23:18:49,458 (__init__.py:1088 MainThread) ERROR - TeleBot: "Threaded polling exception: A request to the Telegram API was unsuccessful. Error code: 409. Description: Conflict: terminated by other getUpdates request; make sure that only one bot instance is running"
2026-05-12 23:18:49,461 (__init__.py:1090 MainThread) ERROR - TeleBot: "Exception traceback:
Traceback (most recent call last):
  File "/Users/cyrus/Workspace/telegram-bot-bridge/venv/lib/python3.14/site-packages/telebot/__init__.py", line 1081, in __threaded_polling
    polling_thread.raise_exceptions()
    ~~~~~~~~~~~~~~~~~~~~~~~~~~~~~~~^^
  File "/Users/cyrus/Workspace/telegram-bot-bridge/venv/lib/python3.14/site-packages/telebot/util.py", line 108, in raise_exceptions
    raise self.exception_info
  File "/Users/cyrus/Workspace/telegram-bot-bridge/venv/lib/python3.14/site-packages/telebot/util.py", line 90, in run
    task(*args, **kwargs)
    ~~~~^^^^^^^^^^^^^^^^^
  File "/Users/cyrus/Workspace/telegram-bot-bridge/venv/lib/python3.14/site-packages/telebot/__init__.py", line 651, in __retrieve_updates
    updates = self.get_updates(offset=(self.last_update_id + 1),
                               allowed_updates=allowed_updates,
                               timeout=timeout, long_polling_timeout=long_polling_timeout)
  File "/Users/cyrus/Workspace/telegram-bot-bridge/venv/lib/python3.14/site-packages/telebot/__init__.py", line 625, in get_updates
    json_updates = apihelper.get_updates(self.token, offset, limit, timeout, allowed_updates, long_polling_timeout)
  File "/Users/cyrus/Workspace/telegram-bot-bridge/venv/lib/python3.14/site-packages/telebot/apihelper.py", line 323, in get_updates
    return _make_request(token, method_url, params=payload)
  File "/Users/cyrus/Workspace/telegram-bot-bridge/venv/lib/python3.14/site-packages/telebot/apihelper.py", line 164, in _make_request
    json_result = _check_result(method_name, result)
  File "/Users/cyrus/Workspace/telegram-bot-bridge/venv/lib/python3.14/site-packages/telebot/apihelper.py", line 191, in _check_result
    raise ApiTelegramException(method_name, result, result_json)
telebot.apihelper.ApiTelegramException: A request to the Telegram API was unsuccessful. Error code: 409. Description: Conflict: terminated by other getUpdates request; make sure that only one bot instance is running
"
